age,gender,height_cm,weight_kg,bmi,exercise_freq,diet_quality,sleep_hours,stress_level,smoker,alcohol_consumption,chronic_disease,calorie_daily,fat_total_g,exercise_freq_num,diet_quality_num,alcohol_num,smoker_num,chronic_num,gender_num
20.0,Male,161.4,63.6,24.4,3-5 times/week,Average,8.4,10.0,Yes,Moderate,1,2581.0,88.7,4.0,2,2,1,1,0
33.0,Female,158.8,76.2,30.2,3-5 times/week,Excellent,5.5,7.0,No,Moderate,0,1866.0,39.5,4.0,4,2,0,0,1
49.0,Female,154.4,74.6,31.3,3-5 times/week,Poor,8.9,4.0,No,Low,1,2464.0,103.0,4.0,1,1,0,1,1
36.0,Male,171.2,77.4,26.4,Daily,Excellent,6.8,3.0,No,High,0,2888.0,67.5,7.0,4,3,0,0,0
51.0,Male,167.3,69.1,24.7,3-5 times/week,Good,5.8,9.0,No,Moderate,0,2761.0,76.1,4.0,3,2,0,0,0
65.0,Female,173.2,89.4,29.8,Daily,Poor,8.8,5.0,Yes,Low,1,2627.0,120.8,7.0,1,1,1,1,1
48.0,Male,168.9,89.6,31.4,1-2 times/week,Good,6.6,6.0,No,Low,0,2732.0,80.1,1.5,3,1,0,0,0
60.0,Other,166.7,97.5,35.1,1-2 times/week,Good,7.7,1.0,No,Low,0,2306.0,71.2,1.5,3,1,0,0,2
37.0,Other,164.3,98.8,36.6,3-5 times/week,Excellent,6.5,10.0,No,High,0,2149.0,46.0,4.0,4,3,0,0,2
55.0,Male,166.7,97.5,35.1,3-5 times/week,Excellent,5.2,1.0,Yes,Low,0,2749.0,64.3,4.0,4,1,1,0,0
36.0,Male,168.4,62.7,22.1,3-5 times/week,Poor,7.3,4.0,No,Moderate,0,3327.0,138.6,4.0,1,2,0,0,0
47.0,Other,183.4,111.3,33.1,3-5 times/week,Good,5.9,7.0,No,Moderate,1,2562.0,67.4,4.0,3,2,0,1,2
39.0,Female,158.4,70.0,27.9,3-5 times/week,Good,9.7,7.0,No,Moderate,0,2083.0,63.5,4.0,3,2,0,0,1
46.0,Male,154.6,80.8,33.8,Daily,Poor,9.5,3.0,Yes,Low,0,3445.0,135.0,7.0,1,1,1,0,0
49.0,Other,170.4,48.5,16.7,3-5 times/week,Good,7.1,3.0,Yes,Low,0,2150.0,60.3,4.0,3,1,1,0,2
30.0,Female,158.2,58.6,23.4,Daily,Average,7.2,9.0,No,Low,0,1826.0,67.6,7.0,2,1,0,0,1
36.0,Male,177.3,72.9,23.2,3-5 times/week,Good,5.9,4.0,No,High,0,2440.0,51.3,4.0,3,3,0,0,0
58.0,Female,163.0,64.0,24.1,1-2 times/week,Good,7.0,6.0,No,Low,0,1350.0,25.1,1.5,3,1,0,0,1
53.0,Female,162.9,81.7,30.8,1-2 times/week,Poor,7.6,9.0,No,Low,1,2799.0,117.1,1.5,1,1,0,1,1
63.0,Other,163.9,90.0,33.5,Daily,Good,4.3,8.0,No,Low,0,2403.0,67.5,7.0,3,1,0,0,2
25.0,Other,161.4,65.6,25.2,3-5 times/week,Average,7.3,4.0,Yes,Low,0,2746.0,92.7,4.0,2,1,1,0,2
65.0,Other,145.0,52.8,25.1,Daily,Good,8.0,2.0,No,Low,1,2432.0,116.3,7.0,3,1,0,1,2
42.0,Female,162.3,39.5,15.0,Daily,Excellent,7.8,5.0,Yes,Low,0,2096.0,44.9,7.0,4,1,1,0,1
29.0,Other,162.5,96.9,36.7,3-5 times/week,Excellent,7.0,5.0,Yes,Moderate,1,2837.0,112.7,4.0,4,2,1,1,2
36.0,Male,179.0,80.1,25.0,1-2 times/week,Excellent,7.7,3.0,No,Low,0,2192.0,47.2,1.5,4,1,0,0,0
46.0,Female,158.4,51.4,20.5,3-5 times/week,Excellent,4.0,7.0,Yes,Low,0,1589.0,44.7,4.0,4,1,1,0,1
35.0,Male,173.4,89.9,29.9,3-5 times/week,Poor,7.6,8.0,No,Moderate,0,3000.0,120.5,4.0,1,2,0,0,0
24.0,Male,175.2,80.1,26.1,1-2 times/week,Good,7.9,3.0,No,Moderate,0,3293.0,130.0,1.5,3,2,0,0,0
66.0,Other,152.1,50.0,21.6,1-2 times/week,Poor,9.1,7.0,Yes,Low,0,2688.0,100.0,1.5,1,1,1,0,2
54.0,Female,169.5,82.5,28.7,3-5 times/week,Poor,7.0,8.0,Yes,Low,1,2047.0,87.5,4.0,1,1,1,1,1
50.0,Other,165.2,126.4,44.3,3-5 times/week,Poor,5.4,7.0,Yes,Low,0,2826.0,125.8,4.0,1,1,1,0,2
64.0,Other,175.6,115.0,37.3,Daily,Excellent,8.4,6.0,Yes,High,0,2676.0,110.9,7.0,4,3,1,0,2
25.0,Male,175.1,114.1,37.2,1-2 times/week,Good,6.9,8.0,Yes,Moderate,0,2661.0,75.0,1.5,3,2,1,0,0
35.0,Male,161.2,86.0,33.1,3-5 times/week,Good,5.8,7.0,No,Moderate,1,2308.0,65.7,4.0,3,2,0,1,0
36.0,Female,165.8,61.9,22.5,Daily,Good,5.3,8.0,No,Low,0,2057.0,52.5,7.0,3,1,0,0,1
38.0,Other,167.2,76.6,27.4,3-5 times/week,Good,6.3,7.0,No,Low,0,1695.0,59.1,4.0,3,1,0,0,2
26.0,Other,165.9,78.2,28.4,3-5 times/week,Good,8.8,6.0,No,Moderate,0,2606.0,71.2,4.0,3,2,0,0,2
42.0,Female,156.6,79.9,32.6,3-5 times/week,Poor,6.0,5.0,Yes,Moderate,0,2310.0,101.8,4.0,1,2,1,0,1
42.0,Male,183.7,80.3,23.8,3-5 times/week,Excellent,8.8,6.0,Yes,Low,0,2010.0,49.1,4.0,4,1,1,0,0
59.0,Other,161.8,80.9,30.9,3-5 times/week,Good,6.6,5.0,No,High,0,2872.0,84.7,4.0,3,3,0,0,2
41.0,Male,171.1,74.1,25.3,3-5 times/week,Good,7.0,7.0,No,Low,0,2381.0,59.6,4.0,3,1,0,0,0
65.0,Male,169.2,125.1,43.7,1-2 times/week,Good,5.6,9.0,Yes,High,0,2426.0,60.5,1.5,3,3,1,0,0
52.0,Male,178.6,105.9,33.2,3-5 times/week,Average,6.1,2.0,No,High,0,3000.0,114.4,4.0,2,3,0,0,0
67.0,Female,155.6,49.6,20.5,3-5 times/week,Excellent,6.3,6.0,No,Low,1,1523.0,34.2,4.0,4,1,0,1,1
48.0,Female,158.2,87.8,35.1,1-2 times/week,Excellent,7.3,6.0,Yes,High,0,2236.0,54.0,1.5,4,3,1,0,1
40.0,Male,166.3,105.6,38.2,1-2 times/week,Poor,9.5,2.0,No,Low,0,3003.0,128.6,1.5,1,1,0,0,0
47.0,Female,166.4,55.9,20.2,Daily,Average,6.3,5.0,No,High,0,2902.0,108.6,7.0,2,3,0,0,1
38.0,Male,171.4,85.5,29.1,Daily,Good,8.8,3.0,No,Low,0,2521.0,68.6,7.0,3,1,0,0,0
64.0,Female,161.3,62.7,24.1,3-5 times/week,Good,4.6,6.0,Yes,Low,1,1941.0,63.6,4.0,3,1,1,1,1
48.0,Other,173.5,95.4,31.7,3-5 times/week,Excellent,5.8,6.0,Yes,High,1,2734.0,58.3,4.0,4,3,1,1,2
33.0,Male,180.1,83.7,25.8,3-5 times/week,Good,6.6,1.0,No,Low,0,2971.0,91.0,4.0,3,1,0,0,0
63.0,Male,174.6,91.5,30.0,Daily,Poor,8.8,7.0,No,Low,0,2900.0,130.1,7.0,1,1,0,0,0
58.0,Other,174.0,83.0,27.4,Daily,Poor,8.1,7.0,Yes,Low,1,2878.0,114.2,7.0,1,1,1,1,2
18.0,Male,169.8,112.2,38.9,None,Good,7.4,9.0,Yes,High,0,3891.0,165.5,0.0,3,3,1,0,0
19.0,Other,163.3,88.3,33.1,3-5 times/week,Poor,6.6,1.0,No,High,0,3123.0,127.4,4.0,1,3,0,0,2
19.0,Other,161.4,82.3,31.6,1-2 times/week,Good,5.8,6.0,No,Moderate,1,2323.0,70.5,1.5,3,2,0,1,2
25.0,Male,168.7,87.9,30.9,3-5 times/week,Poor,7.3,6.0,No,Moderate,1,3477.0,146.1,4.0,1,2,0,1,0
67.0,Male,177.4,116.1,36.9,1-2 times/week,Average,5.2,9.0,Yes,High,1,3165.0,106.2,1.5,2,3,1,1,0
55.0,Other,168.9,78.2,27.4,None,Good,6.2,2.0,No,Low,1,2175.0,65.3,0.0,3,1,0,1,2
51.0,Female,155.9,54.4,22.4,3-5 times/week,Excellent,6.6,6.0,No,High,1,2086.0,51.5,4.0,4,3,0,1,1
55.0,Other,149.8,64.6,28.8,Daily,Average,6.7,4.0,No,Moderate,1,3080.0,111.1,7.0,2,2,0,1,2
35.0,Other,181.1,73.8,22.5,Daily,Excellent,8.1,10.0,No,Low,0,2591.0,60.8,7.0,4,1,0,0,2
38.0,Other,155.4,64.0,26.5,1-2 times/week,Average,6.8,9.0,No,Low,0,2510.0,93.5,1.5,2,1,0,0,2
55.0,Male,170.8,87.8,30.1,1-2 times/week,Good,7.9,6.0,No,Low,0,2391.0,62.3,1.5,3,1,0,0,0
55.0,Other,159.8,65.4,25.6,3-5 times/week,Poor,5.6,7.0,Yes,Low,0,2650.0,122.4,4.0,1,1,1,0,2
48.0,Male,189.5,88.3,24.6,3-5 times/week,Excellent,7.3,8.0,No,Moderate,0,2562.0,67.0,4.0,4,2,0,0,0
37.0,Male,175.7,46.6,15.1,3-5 times/week,Excellent,7.9,9.0,No,Low,0,2211.0,53.0,4.0,4,1,0,0,0
43.0,Other,157.9,73.8,29.6,1-2 times/week,Excellent,7.0,6.0,No,High,0,2321.0,48.8,1.5,4,3,0,0,2
23.0,Female,163.1,75.5,28.4,1-2 times/week,Excellent,8.2,3.0,Yes,Low,1,1625.0,34.3,1.5,4,1,1,1,1
69.0,Male,171.5,109.1,37.1,3-5 times/week,Good,4.0,3.0,Yes,Low,0,3130.0,127.3,4.0,3,1,1,0,0
60.0,Female,155.6,41.6,17.2,Daily,Average,7.6,5.0,No,Low,1,2254.0,77.6,7.0,2,1,0,1,1
27.0,Male,163.2,85.0,31.9,1-2 times/week,Poor,6.0,8.0,Yes,High,0,3362.0,146.0,1.5,1,3,1,0,0
19.0,Other,187.7,76.1,21.6,3-5 times/week,Good,6.7,6.0,No,Low,0,2581.0,86.3,4.0,3,1,0,0,2
65.0,Male,169.8,100.0,34.7,1-2 times/week,Average,8.0,10.0,No,High,0,3003.0,115.1,1.5,2,3,0,0,0
25.0,Male,172.6,81.9,27.5,1-2 times/week,Good,4.9,6.0,No,Low,0,2583.0,73.8,1.5,3,1,0,0,0
46.0,Other,152.0,78.8,34.1,1-2 times/week,Good,5.9,3.0,No,Moderate,0,2273.0,65.1,1.5,3,2,0,0,2
57.0,Male,160.4,73.6,28.6,3-5 times/week,Excellent,7.4,1.0,No,Low,1,1725.0,38.4,4.0,4,1,0,1,0
53.0,Other,173.3,100.6,33.5,3-5 times/week,Good,6.2,8.0,No,Low,0,2341.0,72.8,4.0,3,1,0,0,2
30.0,Female,157.1,39.2,15.9,3-5 times/week,Excellent,7.0,3.0,No,Low,0,1840.0,44.4,4.0,4,1,0,0,1
42.0,Female,160.1,65.1,25.4,None,Average,7.5,5.0,Yes,Low,0,2208.0,85.5,0.0,2,1,1,0,1
30.0,Other,162.2,78.1,29.7,3-5 times/week,Average,9.9,3.0,Yes,Low,0,2988.0,114.7,4.0,2,1,1,0,2
45.0,Other,166.5,69.6,25.1,3-5 times/week,Average,8.1,5.0,Yes,Low,0,2556.0,87.5,4.0,2,1,1,0,2
30.0,Female,161.8,80.1,30.6,Daily,Average,6.5,5.0,No,Low,0,2386.0,83.4,7.0,2,1,0,0,1
55.0,Male,172.5,107.7,36.2,1-2 times/week,Excellent,7.0,2.0,Yes,Low,0,2157.0,59.2,1.5,4,1,1,0,0
65.0,Other,163.9,75.2,28.0,1-2 times/week,Poor,7.3,1.0,Yes,Low,0,2430.0,102.7,1.5,1,1,1,0,2
55.0,Other,163.7,100.5,37.5,3-5 times/week,Good,7.3,10.0,Yes,Moderate,0,2370.0,111.3,4.0,3,2,1,0,2
43.0,Male,172.8,93.2,31.2,3-5 times/week,Poor,7.7,3.0,No,Moderate,1,3149.0,139.7,4.0,1,2,0,1,0
66.0,Male,169.2,72.1,25.2,1-2 times/week,Excellent,7.7,8.0,No,Low,0,1875.0,36.3,1.5,4,1,0,0,0
36.0,Other,175.4,46.1,15.0,Daily,Average,7.2,9.0,No,Low,0,3300.0,111.0,7.0,2,1,0,0,2
27.0,Female,161.5,56.3,21.6,3-5 times/week,Excellent,8.6,1.0,No,Low,1,1613.0,45.8,4.0,4,1,0,1,1
47.0,Female,158.3,64.9,25.9,Daily,Excellent,10.0,2.0,No,Moderate,0,1374.0,26.2,7.0,4,2,0,0,1
24.0,Male,171.6,73.0,24.8,3-5 times/week,Good,7.6,6.0,No,High,0,3214.0,88.7,4.0,3,3,0,0,0
36.0,Other,179.7,99.8,30.9,Daily,Poor,8.7,8.0,No,Low,0,3413.0,142.2,7.0,1,1,0,0,2
60.0,Female,161.4,101.3,38.9,3-5 times/week,Average,4.8,7.0,No,Moderate,1,2206.0,75.5,4.0,2,2,0,1,1
41.0,Male,168.3,62.0,21.9,3-5 times/week,Excellent,5.9,3.0,No,High,0,2589.0,63.3,4.0,4,3,0,0,0
29.0,Male,167.5,94.3,33.6,3-5 times/week,Average,6.3,5.0,No,Moderate,0,3052.0,107.9,4.0,2,2,0,0,0
69.0,Female,155.9,66.1,27.2,3-5 times/week,Average,7.9,6.0,No,Low,0,2274.0,95.6,4.0,2,1,0,0,1
32.0,Male,176.8,76.9,24.6,1-2 times/week,Poor,6.4,7.0,No,Low,0,3125.0,133.2,1.5,1,1,0,0,0
64.0,Other,173.2,48.3,16.1,3-5 times/week,Good,6.9,10.0,No,Moderate,0,2344.0,55.3,4.0,3,2,0,0,2
43.0,Male,166.9,92.5,33.2,3-5 times/week,Good,7.9,3.0,Yes,Moderate,0,2361.0,82.1,4.0,3,2,1,0,0
21.0,Other,161.8,61.8,23.6,Daily,Excellent,9.0,9.0,No,Moderate,0,1928.0,40.2,7.0,4,2,0,0,2
55.0,Other,172.4,59.1,19.9,3-5 times/week,Good,6.2,9.0,No,Low,1,2224.0,53.9,4.0,3,1,0,1,2
47.0,Female,153.9,51.9,21.9,Daily,Good,7.8,4.0,No,Low,0,2053.0,65.2,7.0,3,1,0,0,1
32.0,Male,172.1,64.3,21.7,Daily,Good,6.7,6.0,No,Low,0,2866.0,85.7,7.0,3,1,0,0,0
30.0,Other,157.5,52.8,21.3,3-5 times/week,Excellent,7.8,2.0,No,Low,0,2529.0,75.0,4.0,4,1,0,0,2
68.0,Male,161.5,81.1,31.1,3-5 times/week,Average,5.9,9.0,No,Moderate,0,3001.0,104.3,4.0,2,2,0,0,0
44.0,Male,174.7,81.5,26.7,Daily,Average,8.1,10.0,No,Moderate,0,3795.0,153.8,7.0,2,2,0,0,0
25.0,Female,161.7,78.2,29.9,1-2 times/week,Average,6.6,3.0,Yes,Low,0,2249.0,90.5,1.5,2,1,1,0,1
34.0,Female,150.6,71.0,31.3,3-5 times/week,Good,6.6,7.0,No,Low,0,1747.0,46.3,4.0,3,1,0,0,1
31.0,Male,176.8,46.9,15.0,Daily,Excellent,8.0,9.0,No,Low,0,2968.0,77.7,7.0,4,1,0,0,0
52.0,Other,167.2,67.4,24.1,Daily,Good,7.6,7.0,Yes,Low,0,2724.0,78.8,7.0,3,1,1,0,2
28.0,Other,172.0,62.1,21.0,3-5 times/week,Excellent,5.4,5.0,No,Moderate,0,1923.0,38.0,4.0,4,2,0,0,2
57.0,Other,166.2,70.7,25.6,3-5 times/week,Excellent,6.5,5.0,No,High,0,2249.0,51.5,4.0,4,3,0,0,2
41.0,Female,161.7,84.5,32.3,3-5 times/week,Average,8.3,3.0,No,Moderate,0,2373.0,94.4,4.0,2,2,0,0,1
41.0,Female,164.5,55.5,20.5,3-5 times/week,Good,6.3,4.0,No,Low,0,1753.0,47.4,4.0,3,1,0,0,1
33.0,Female,156.1,69.2,28.4,Daily,Average,8.6,9.0,No,High,1,2827.0,105.2,7.0,2,3,0,1,1
56.0,Male,176.5,94.4,30.3,3-5 times/week,Poor,7.3,9.0,Yes,Moderate,0,3397.0,136.2,4.0,1,2,1,0,0
41.0,Female,160.9,53.6,20.7,3-5 times/week,Good,7.5,6.0,Yes,Moderate,0,1807.0,51.2,4.0,3,2,1,0,1
44.0,Other,161.9,82.3,31.4,3-5 times/week,Average,7.0,5.0,No,Moderate,0,2222.0,90.4,4.0,2,2,0,0,2
63.0,Male,171.4,70.5,24.0,Daily,Excellent,8.2,1.0,Yes,Low,0,2812.0,72.0,7.0,4,1,1,0,0
23.0,Male,180.4,88.5,27.2,3-5 times/week,Good,6.1,1.0,No,Low,0,2995.0,118.0,4.0,3,1,0,0,0
33.0,Male,177.0,79.6,25.4,3-5 times/week,Good,4.0,3.0,No,Moderate,0,2797.0,69.9,4.0,3,2,0,0,0
63.0,Female,161.6,45.7,17.5,Daily,Excellent,6.2,4.0,No,High,1,2046.0,55.3,7.0,4,3,0,1,1
22.0,Female,157.2,91.7,37.1,3-5 times/week,Average,6.7,10.0,No,Moderate,1,2400.0,93.4,4.0,2,2,0,1,1
68.0,Female,158.8,54.0,21.4,3-5 times/week,Good,6.8,2.0,No,Low,0,1525.0,49.5,4.0,3,1,0,0,1
47.0,Other,157.2,63.5,25.7,3-5 times/week,Good,7.0,9.0,No,Low,0,2122.0,68.3,4.0,3,1,0,0,2
58.0,Other,167.2,83.6,29.9,3-5 times/week,Good,7.0,10.0,No,High,0,2415.0,75.0,4.0,3,3,0,0,2
60.0,Other,178.5,82.8,26.0,3-5 times/week,Good,7.2,10.0,No,Low,0,2140.0,55.9,4.0,3,1,0,0,2
58.0,Male,163.2,44.5,16.7,1-2 times/week,Good,6.6,6.0,No,Low,0,2498.0,71.2,1.5,3,1,0,0,0
68.0,Other,166.3,89.1,32.2,1-2 times/week,Poor,6.4,3.0,No,Moderate,0,2675.0,77.9,1.5,1,2,0,0,2
49.0,Female,167.4,63.3,22.6,1-2 times/week,Good,6.5,5.0,No,Moderate,1,1972.0,63.6,1.5,3,2,0,1,1
54.0,Male,174.3,114.5,37.7,3-5 times/week,Average,5.9,10.0,No,Low,0,3432.0,120.5,4.0,2,1,0,0,0
66.0,Male,175.0,84.2,27.5,3-5 times/week,Good,6.7,7.0,Yes,Low,1,2537.0,85.0,4.0,3,1,1,1,0
19.0,Female,160.5,83.2,32.3,3-5 times/week,Average,6.2,3.0,Yes,Moderate,0,2580.0,88.2,4.0,2,2,1,0,1
64.0,Male,179.1,131.5,41.0,Daily,Poor,6.8,8.0,No,High,0,3775.0,160.2,7.0,1,3,0,0,0
24.0,Male,152.5,47.2,20.3,3-5 times/week,Good,6.6,9.0,Yes,High,0,2331.0,79.5,4.0,3,3,1,0,0
56.0,Male,173.3,69.4,23.1,1-2 times/week,Average,8.1,3.0,No,Low,1,2367.0,73.0,1.5,2,1,0,1,0
55.0,Male,167.0,62.2,22.3,3-5 times/week,Good,7.1,6.0,No,High,0,2972.0,80.8,4.0,3,3,0,0,0
33.0,Other,179.0,51.3,16.0,Daily,Excellent,7.8,3.0,Yes,High,0,2309.0,53.1,7.0,4,3,1,0,2
27.0,Female,159.8,94.5,37.0,3-5 times/week,Good,5.8,5.0,No,High,0,2198.0,58.1,4.0,3,3,0,0,1
21.0,Male,174.9,120.2,39.3,1-2 times/week,Poor,7.0,2.0,No,High,0,3358.0,156.8,1.5,1,3,0,0,0
68.0,Other,177.9,59.8,18.9,1-2 times/week,Good,4.0,5.0,No,Low,0,2183.0,50.6,1.5,3,1,0,0,2
27.0,Female,160.5,81.4,31.6,1-2 times/week,Poor,5.9,9.0,No,Low,0,2477.0,93.0,1.5,1,1,0,0,1
43.0,Male,161.2,80.8,31.1,3-5 times/week,Poor,7.5,7.0,Yes,Low,0,2953.0,128.6,4.0,1,1,1,0,0
32.0,Male,162.5,91.6,34.7,3-5 times/week,Excellent,6.4,6.0,No,Low,1,2106.0,53.5,4.0,4,1,0,1,0
58.0,Female,163.4,84.9,31.8,1-2 times/week,Excellent,6.9,1.0,No,High,1,2409.0,110.2,1.5,4,3,0,1,1
49.0,Other,173.9,80.1,26.5,3-5 times/week,Good,6.6,6.0,Yes,Moderate,0,3290.0,72.7,4.0,3,2,1,0,2
29.0,Other,167.0,93.1,33.4,3-5 times/week,Excellent,6.3,6.0,No,Low,0,1786.0,43.1,4.0,4,1,0,0,2
41.0,Female,162.1,90.1,34.3,3-5 times/week,Poor,4.5,4.0,No,Low,1,2160.0,85.6,4.0,1,1,0,1,1
61.0,Female,160.4,92.4,35.9,1-2 times/week,Poor,8.0,8.0,Yes,Low,0,2216.0,103.2,1.5,1,1,1,0,1
38.0,Female,153.4,48.2,20.5,3-5 times/week,Good,9.6,4.0,No,Moderate,0,1506.0,40.9,4.0,3,2,0,0,1
35.0,Female,152.6,45.9,19.7,3-5 times/week,Good,5.7,7.0,No,Low,1,1816.0,45.9,4.0,3,1,0,1,1
67.0,Female,160.3,75.0,29.2,Daily,Excellent,7.0,6.0,No,High,1,2615.0,76.6,7.0,4,3,0,1,1
65.0,Female,162.1,89.1,33.9,3-5 times/week,Poor,6.3,4.0,Yes,None,1,2160.0,86.4,4.0,1,0,1,1,1
60.0,Male,167.1,82.7,29.6,3-5 times/week,Excellent,4.0,6.0,Yes,Moderate,1,2114.0,48.9,4.0,4,2,1,1,0
47.0,Female,161.6,87.7,33.6,1-2 times/week,Average,7.8,10.0,Yes,High,0,3044.0,101.8,1.5,2,3,1,0,1
48.0,Other,160.4,76.4,29.7,3-5 times/week,Poor,7.5,3.0,No,Moderate,0,2952.0,125.9,4.0,1,2,0,0,2
47.0,Female,165.2,61.1,22.4,Daily,Average,7.3,10.0,No,Low,0,1961.0,79.2,7.0,2,1,0,0,1
54.0,Other,158.7,64.0,25.4,1-2 times/week,Excellent,6.4,9.0,No,Low,1,2048.0,38.9,1.5,4,1,0,1,2
19.0,Other,162.9,67.7,25.5,3-5 times/week,Good,8.3,2.0,No,High,0,2473.0,60.0,4.0,3,3,0,0,2
57.0,Male,151.4,66.9,29.2,1-2 times/week,Good,6.4,2.0,No,Low,0,2255.0,60.3,1.5,3,1,0,0,0
33.0,Male,174.1,108.2,35.7,1-2 times/week,Poor,7.9,8.0,No,High,0,3524.0,150.1,1.5,1,3,0,0,0
27.0,Other,159.6,56.5,22.2,3-5 times/week,Excellent,9.1,8.0,Yes,None,1,2603.0,54.2,4.0,4,0,1,1,2
62.0,Female,164.2,80.9,30.0,3-5 times/week,Poor,7.1,10.0,No,Moderate,0,2654.0,113.7,4.0,1,2,0,0,1
50.0,Female,165.7,59.0,21.5,3-5 times/week,Poor,7.4,10.0,No,Low,0,2947.0,118.2,4.0,1,1,0,0,1
53.0,Female,168.7,64.6,22.7,Daily,Excellent,5.2,10.0,Yes,Moderate,0,1938.0,57.8,7.0,4,2,1,0,1
60.0,Female,165.4,112.7,41.2,3-5 times/week,Poor,6.5,5.0,No,High,1,2869.0,119.5,4.0,1,3,0,1,1
25.0,Male,168.8,75.5,26.5,3-5 times/week,Good,6.2,4.0,No,Moderate,0,2811.0,127.3,4.0,3,2,0,0,0
23.0,Female,169.0,80.5,28.2,3-5 times/week,Poor,8.1,4.0,Yes,Moderate,0,3261.0,132.0,4.0,1,2,1,0,1
46.0,Female,158.4,56.0,22.3,Daily,Average,4.9,7.0,No,Low,1,2598.0,92.3,7.0,2,1,0,1,1
50.0,Male,167.5,96.0,34.2,3-5 times/week,Good,4.8,5.0,Yes,Moderate,0,3541.0,141.0,4.0,3,2,1,0,0
18.0,Male,173.0,61.7,20.6,3-5 times/week,Good,7.1,3.0,No,Low,0,3203.0,81.6,4.0,3,1,0,0,0
31.0,Male,168.3,87.0,30.7,3-5 times/week,Poor,8.8,2.0,No,Moderate,0,3281.0,139.8,4.0,1,2,0,0,0
35.0,Male,175.7,77.5,25.1,3-5 times/week,Poor,7.4,1.0,No,Moderate,0,3047.0,127.0,4.0,1,2,0,0,0
18.0,Male,164.4,62.4,23.1,3-5 times/week,Average,4.9,7.0,Yes,Low,0,2131.0,61.3,4.0,2,1,1,0,0
68.0,Male,174.5,74.9,24.6,1-2 times/week,Poor,5.1,1.0,No,Low,0,3385.0,134.1,1.5,1,1,0,0,0
25.0,Male,164.1,70.6,26.2,1-2 times/week,Poor,6.2,3.0,No,Low,0,2935.0,129.6,1.5,1,1,0,0,0
49.0,Female,168.8,52.7,18.5,Daily,Good,9.2,10.0,Yes,Low,1,1822.0,52.9,7.0,3,1,1,1,1
23.0,Male,176.4,108.0,34.7,1-2 times/week,Good,7.1,4.0,Yes,High,0,3412.0,94.7,1.5,3,3,1,0,0
45.0,Female,156.1,49.7,20.4,3-5 times/week,Average,9.7,6.0,No,Low,0,2098.0,65.2,4.0,2,1,0,0,1
51.0,Other,167.5,80.2,28.6,None,Good,9.3,8.0,No,High,1,2756.0,82.6,0.0,3,3,0,1,2
45.0,Female,160.9,63.9,24.7,3-5 times/week,Poor,7.1,10.0,No,Low,0,2296.0,97.7,4.0,1,1,0,0,1
51.0,Female,164.0,96.8,36.0,3-5 times/week,Good,6.0,1.0,No,Moderate,1,2446.0,108.2,4.0,3,2,0,1,1
21.0,Female,164.9,77.2,28.4,3-5 times/week,Excellent,8.3,10.0,No,High,0,2284.0,77.4,4.0,4,3,0,0,1
48.0,Male,167.1,106.7,38.2,3-5 times/week,Average,8.0,1.0,No,Low,1,2710.0,95.1,4.0,2,1,0,1,0
69.0,Other,169.7,95.0,33.0,3-5 times/week,Average,6.3,7.0,No,High,0,2883.0,102.7,4.0,2,3,0,0,2
48.0,Male,162.1,90.7,34.5,3-5 times/week,Average,4.9,6.0,Yes,Low,0,2856.0,94.7,4.0,2,1,1,0,0
41.0,Male,165.6,60.6,22.1,None,Good,8.2,8.0,No,Low,0,2521.0,68.4,0.0,3,1,0,0,0
64.0,Male,165.0,86.3,31.7,1-2 times/week,Average,7.0,3.0,Yes,High,0,3373.0,122.6,1.5,2,3,1,0,0
41.0,Female,165.1,78.0,28.6,3-5 times/week,Excellent,7.7,1.0,No,Moderate,1,2127.0,62.4,4.0,4,2,0,1,1
44.0,Other,163.2,96.1,36.1,Daily,Poor,7.0,1.0,Yes,Low,0,3136.0,136.4,7.0,1,1,1,0,2
63.0,Female,158.5,87.2,34.7,1-2 times/week,Poor,5.7,9.0,No,Low,0,2522.0,106.1,1.5,1,1,0,0,1
46.0,Other,180.4,74.5,10.700000000000003,1-2 times/week,Average,5.0,6.0,No,Low,1,2648.0,100.2,1.5,2,1,0,1,2
36.0,Other,174.9,89.6,29.3,3-5 times/week,Poor,6.1,1.0,No,Low,0,2900.0,126.8,4.0,1,1,0,0,2
42.0,Female,167.5,85.6,30.5,1-2 times/week,Good,7.8,2.0,Yes,High,0,2088.0,61.6,1.5,3,3,1,0,1
51.0,Female,165.8,84.4,30.7,3-5 times/week,Good,7.4,1.0,No,Low,0,2573.0,74.2,4.0,3,1,0,0,1
51.0,Other,173.2,86.7,28.9,Daily,Poor,6.5,10.0,No,Low,0,2905.0,119.6,7.0,1,1,0,0,2
26.0,Other,171.0,56.1,19.2,Daily,Good,5.8,1.0,Yes,Low,0,2324.0,68.8,7.0,3,1,1,0,2
40.0,Other,173.2,84.9,28.3,3-5 times/week,Excellent,7.8,6.0,Yes,High,1,2140.0,41.4,4.0,4,3,1,1,2
41.0,Female,156.7,43.0,17.5,Daily,Good,8.3,2.0,Yes,Low,0,2113.0,51.8,7.0,3,1,1,0,1
52.0,Other,159.1,74.7,29.5,1-2 times/week,Average,7.5,9.0,No,High,0,2227.0,81.3,1.5,2,3,0,0,2
61.0,Male,167.2,72.7,26.0,3-5 times/week,Good,7.2,3.0,No,Moderate,0,2682.0,81.4,4.0,3,2,0,0,0
54.0,Female,161.1,60.7,23.4,3-5 times/week,Good,6.6,4.0,No,Moderate,0,1846.0,49.2,4.0,3,2,0,0,1
58.0,Female,163.3,69.6,26.1,3-5 times/week,Good,7.8,6.0,Yes,Moderate,0,1461.0,42.5,4.0,3,2,1,0,1
45.0,Female,159.6,60.4,23.7,3-5 times/week,Good,7.3,3.0,No,Low,0,1981.0,53.1,4.0,3,1,0,0,1
61.0,Female,160.5,75.5,29.3,3-5 times/week,Excellent,6.5,6.0,Yes,Low,1,1761.0,43.3,4.0,4,1,1,1,1
35.0,Other,156.6,62.0,25.3,Daily,Good,8.0,2.0,Yes,Moderate,0,2838.0,84.8,7.0,3,2,1,0,2
36.0,Female,168.7,83.7,29.4,3-5 times/week,Good,7.0,5.0,Yes,Low,0,2126.0,67.2,4.0,3,1,1,0,1
62.0,Female,153.8,48.7,20.6,3-5 times/week,Good,5.8,5.0,No,Moderate,0,1720.0,38.5,4.0,3,2,0,0,1
42.0,Male,172.8,76.4,25.6,3-5 times/week,Good,8.3,6.0,Yes,Moderate,0,2465.0,63.2,4.0,3,2,1,0,0
43.0,Female,146.8,58.0,26.9,3-5 times/week,Excellent,6.5,8.0,Yes,Low,0,1658.0,40.1,4.0,4,1,1,0,1
24.0,Other,160.7,64.0,24.8,3-5 times/week,Average,6.4,3.0,No,Low,0,1827.0,57.5,4.0,2,1,0,0,2
65.0,Other,170.0,76.9,26.6,Daily,Good,5.4,6.0,No,Low,0,2563.0,64.1,7.0,3,1,0,0,2
43.0,Female,164.1,50.1,18.6,3-5 times/week,Excellent,7.0,5.0,No,Low,0,1313.0,28.3,4.0,4,1,0,0,1
50.0,Female,160.0,64.0,25.0,3-5 times/week,Good,8.6,10.0,No,Low,0,2512.0,70.8,4.0,3,1,0,0,1
21.0,Female,166.9,79.4,28.5,3-5 times/week,Good,8.0,9.0,No,Moderate,0,1968.0,48.8,4.0,3,2,0,0,1
58.0,Male,183.4,96.5,28.7,3-5 times/week,Excellent,7.0,1.0,Yes,Moderate,1,2462.0,56.3,4.0,4,2,1,1,0
22.0,Female,166.7,82.8,29.8,1-2 times/week,Good,6.7,6.0,Yes,Moderate,0,2537.0,103.9,1.5,3,2,1,0,1
39.0,Female,156.9,58.6,23.8,1-2 times/week,Poor,6.7,1.0,No,Moderate,0,2702.0,114.6,1.5,1,2,0,0,1
45.0,Male,179.7,107.2,33.2,Daily,Excellent,5.1,2.0,Yes,Low,0,2990.0,125.5,7.0,4,1,1,0,0
65.0,Female,153.6,67.5,28.6,3-5 times/week,Average,6.7,7.0,No,Moderate,0,1204.0,36.5,4.0,2,2,0,0,1
54.0,Female,148.5,55.4,25.1,Daily,Good,8.9,1.0,No,High,0,2218.0,58.3,7.0,3,3,0,0,1
63.0,Male,176.0,87.7,28.3,3-5 times/week,Average,6.7,6.0,No,Low,0,2417.0,77.9,4.0,2,1,0,0,0
61.0,Male,179.7,102.0,31.6,Daily,Good,8.0,4.0,No,High,0,3120.0,93.5,7.0,3,3,0,0,0
38.0,Male,167.4,82.7,29.5,3-5 times/week,Good,6.9,7.0,Yes,Low,0,2788.0,111.2,4.0,3,1,1,0,0
41.0,Male,168.1,100.9,35.7,3-5 times/week,Good,4.5,4.0,No,High,0,2797.0,88.6,4.0,3,3,0,0,0
39.0,Other,168.0,62.4,22.1,3-5 times/week,Excellent,4.9,2.0,Yes,High,0,2685.0,61.7,4.0,4,3,1,0,2
57.0,Male,165.1,54.2,19.9,3-5 times/week,Poor,9.6,5.0,No,Low,1,2127.0,47.0,4.0,1,1,0,1,0
44.0,Other,151.6,46.0,20.0,1-2 times/week,Average,8.0,7.0,No,Low,0,2167.0,73.2,1.5,2,1,0,0,2
67.0,Other,169.8,73.2,25.4,3-5 times/week,Good,7.0,7.0,Yes,Low,1,2352.0,64.8,4.0,3,1,1,1,2
33.0,Other,181.3,94.0,28.6,1-2 times/week,Average,5.9,6.0,No,Low,0,2784.0,97.9,1.5,2,1,0,0,2
55.0,Male,172.3,110.1,37.1,3-5 times/week,Good,5.4,6.0,Yes,Low,1,2478.0,65.9,4.0,3,1,1,1,0
59.0,Male,167.5,96.8,34.5,Daily,Poor,8.3,6.0,No,Moderate,0,3096.0,126.6,7.0,1,2,0,0,0
28.0,Female,153.5,59.1,25.1,3-5 times/week,Good,8.6,1.0,No,Low,0,2385.0,74.1,4.0,3,1,0,0,1
40.0,Male,168.9,70.5,24.7,1-2 times/week,Good,7.4,8.0,Yes,High,0,2670.0,68.6,1.5,3,3,1,0,0
21.0,Female,158.9,43.2,17.1,3-5 times/week,Good,8.1,1.0,No,Moderate,0,1666.0,39.7,4.0,3,2,0,0,1
64.0,Female,157.3,81.9,33.1,1-2 times/week,Poor,5.5,4.0,Yes,Low,0,2512.0,110.0,1.5,1,1,1,0,1
67.0,Female,162.2,72.1,27.4,Daily,Good,6.5,6.0,No,Low,0,1954.0,48.7,7.0,3,1,0,0,1
44.0,Female,145.0,42.3,20.1,3-5 times/week,Excellent,7.6,4.0,Yes,Low,0,1641.0,38.1,4.0,4,1,1,0,1
67.0,Other,167.5,84.4,30.1,3-5 times/week,Good,7.0,8.0,Yes,Moderate,0,1958.0,62.5,4.0,3,2,1,0,2
53.0,Female,167.5,63.4,22.6,3-5 times/week,Good,6.0,4.0,No,Moderate,0,1567.0,36.8,4.0,3,2,0,0,1
39.0,Male,162.7,96.9,36.6,3-5 times/week,Poor,4.7,6.0,Yes,Low,0,2765.0,116.9,4.0,1,1,1,0,0
26.0,Female,158.4,84.6,33.7,3-5 times/week,Average,5.6,1.0,No,Low,1,2515.0,98.9,4.0,2,1,0,1,1
65.0,Female,157.3,68.5,27.7,1-2 times/week,Poor,9.3,1.0,Yes,Moderate,1,2412.0,92.0,1.5,1,2,1,1,1
47.0,Male,168.0,64.9,23.0,3-5 times/week,Good,6.7,6.0,No,Low,0,2010.0,56.7,4.0,3,1,0,0,0
58.0,Other,169.6,57.8,20.1,Daily,Excellent,7.2,6.0,No,Low,0,1757.0,52.0,7.0,4,1,0,0,2
55.0,Male,158.9,50.5,20.0,1-2 times/week,Good,8.3,9.0,No,Low,0,2379.0,71.5,1.5,3,1,0,0,0
56.0,Female,160.1,73.8,28.8,1-2 times/week,Good,6.4,10.0,Yes,High,0,1385.0,46.2,1.5,3,3,1,0,1
23.0,Other,180.0,87.8,27.1,3-5 times/week,Good,6.9,10.0,No,Low,0,2343.0,68.4,4.0,3,1,0,0,2
38.0,Female,174.8,78.2,25.6,Daily,Excellent,6.1,5.0,No,Low,0,1776.0,48.5,7.0,4,1,0,0,1
55.0,Female,156.1,62.9,25.8,1-2 times/week,Good,5.8,6.0,Yes,Low,0,1864.0,58.2,1.5,3,1,1,0,1
63.0,Female,153.1,66.8,28.5,3-5 times/week,Good,6.8,9.0,No,Low,0,1992.0,58.9,4.0,3,1,0,0,1
56.0,Male,161.4,94.8,36.4,3-5 times/week,Average,8.0,7.0,No,Low,0,2264.0,78.6,4.0,2,1,0,0,0
24.0,Female,166.0,78.8,28.6,3-5 times/week,Poor,7.8,10.0,No,None,0,2328.0,103.1,4.0,1,0,0,0,1
35.0,Female,162.6,75.9,28.7,Daily,Poor,6.6,8.0,No,Low,0,2962.0,135.0,7.0,1,1,0,0,1
67.0,Other,169.6,82.8,28.8,1-2 times/week,Poor,7.7,9.0,No,Low,0,2597.0,104.1,1.5,1,1,0,0,2
69.0,Other,174.0,75.1,24.8,Daily,Good,6.7,9.0,No,Low,0,1720.0,53.2,7.0,3,1,0,0,2
25.0,Male,166.3,56.4,20.4,3-5 times/week,Excellent,6.2,1.0,No,Low,1,2439.0,58.2,4.0,4,1,0,1,0
48.0,Other,165.7,103.8,37.8,3-5 times/week,Poor,6.2,9.0,No,Moderate,0,2274.0,101.2,4.0,1,2,0,0,2
43.0,Male,164.1,72.7,27.0,3-5 times/week,Poor,6.1,2.0,No,Low,1,2768.0,126.4,4.0,1,1,0,1,0
28.0,Male,167.7,94.2,33.5,1-2 times/week,Poor,7.0,9.0,No,Low,0,3213.0,141.4,1.5,1,1,0,0,0
58.0,Male,160.9,70.7,27.3,Daily,Good,7.0,8.0,Yes,High,0,2870.0,85.9,7.0,3,3,1,0,0
24.0,Female,161.2,80.6,31.0,3-5 times/week,Good,3.0,6.0,No,High,0,2602.0,86.9,4.0,3,3,0,0,1
56.0,Male,165.4,58.0,21.2,3-5 times/week,Excellent,8.2,4.0,No,Moderate,0,1576.0,34.8,4.0,4,2,0,0,0
40.0,Other,170.2,86.0,29.7,3-5 times/week,Good,8.2,1.0,No,Moderate,0,2058.0,60.0,4.0,3,2,0,0,2
22.0,Female,154.0,76.1,32.1,3-5 times/week,Good,8.6,8.0,No,Low,0,2262.0,60.1,4.0,3,1,0,0,1
45.0,Other,178.8,94.0,29.4,3-5 times/week,Average,6.1,3.0,No,Low,0,1945.0,74.8,4.0,2,1,0,0,2
23.0,Female,159.6,38.2,15.0,3-5 times/week,Good,7.3,2.0,No,Moderate,0,2016.0,69.2,4.0,3,2,0,0,1
30.0,Male,166.7,70.3,25.3,3-5 times/week,Poor,6.9,2.0,No,Low,0,3080.0,124.3,4.0,1,1,0,0,0
36.0,Female,157.0,68.8,27.9,3-5 times/week,Poor,8.2,1.0,No,Moderate,1,2251.0,92.7,4.0,1,2,0,1,1
31.0,Male,178.9,67.2,21.0,3-5 times/week,Good,7.3,6.0,No,Moderate,1,2905.0,86.1,4.0,3,2,0,1,0
46.0,Other,163.5,66.0,24.7,1-2 times/week,Good,7.3,10.0,No,Low,0,1925.0,51.8,1.5,3,1,0,0,2
49.0,Male,168.3,44.2,15.6,Daily,Good,7.5,8.0,No,Low,0,2528.0,81.0,7.0,3,1,0,0,0
64.0,Male,166.6,92.4,33.3,Daily,Poor,6.5,3.0,No,Low,1,3100.0,129.6,7.0,1,1,0,1,0
57.0,Female,158.2,87.6,35.0,Daily,Good,6.0,5.0,No,Low,0,2137.0,65.1,7.0,3,1,0,0,1
69.0,Male,170.4,74.0,25.5,Daily,Good,5.2,2.0,No,Low,0,2360.0,69.5,7.0,3,1,0,0,0
65.0,Female,153.5,66.0,28.0,3-5 times/week,Excellent,5.5,4.0,Yes,High,0,1850.0,48.3,4.0,4,3,1,0,1
34.0,Other,165.6,100.9,36.8,Daily,Good,8.1,9.0,No,Low,0,2421.0,72.8,7.0,3,1,0,0,2
42.0,Other,165.2,80.5,29.5,Daily,Average,8.1,3.0,No,High,0,2567.0,80.5,7.0,2,3,0,0,2
57.0,Male,175.2,85.0,27.7,3-5 times/week,Poor,8.6,5.0,No,Low,1,2858.0,113.7,4.0,1,1,0,1,0
34.0,Male,154.1,81.7,34.4,Daily,Average,6.1,5.0,Yes,High,0,3550.0,150.5,7.0,2,3,1,0,0
43.0,Other,165.1,75.0,27.5,Daily,Good,8.3,3.0,No,Low,0,2271.0,66.8,7.0,3,1,0,0,2
61.0,Female,153.3,65.3,27.8,1-2 times/week,Excellent,5.5,2.0,No,Low,0,1865.0,41.3,1.5,4,1,0,0,1
38.0,Male,167.5,85.0,30.3,Daily,Poor,7.3,10.0,No,Low,1,3120.0,129.3,7.0,1,1,0,1,0
59.0,Female,162.9,81.5,30.7,3-5 times/week,Average,6.0,8.0,No,Low,0,2356.0,100.1,4.0,2,1,0,0,1
51.0,Other,172.6,93.2,31.3,Daily,Poor,7.0,9.0,Yes,Low,1,2996.0,134.4,7.0,1,1,1,1,2
29.0,Male,170.7,65.3,22.4,3-5 times/week,Good,6.7,3.0,Yes,Low,0,2226.0,60.3,4.0,3,1,1,0,0
44.0,Other,164.3,65.3,24.2,3-5 times/week,Average,6.7,7.0,No,Moderate,0,2420.0,83.8,4.0,2,2,0,0,2
31.0,Other,168.1,73.2,25.9,3-5 times/week,Average,8.1,4.0,No,Low,0,2474.0,90.0,4.0,2,1,0,0,2
65.0,Male,159.8,56.2,22.0,3-5 times/week,Excellent,7.8,3.0,No,Low,0,2309.0,59.5,4.0,4,1,0,0,0
52.0,Female,153.5,83.2,35.3,1-2 times/week,Poor,6.3,4.0,No,Moderate,0,2429.0,105.4,1.5,1,2,0,0,1
35.0,Male,167.0,99.3,35.6,1-2 times/week,Good,6.9,9.0,Yes,Moderate,1,2522.0,71.2,1.5,3,2,1,1,0
38.0,Male,181.5,103.4,31.4,Daily,Excellent,6.9,2.0,No,High,0,2845.0,60.2,7.0,4,3,0,0,0
66.0,Female,164.0,71.8,26.7,1-2 times/week,Poor,6.8,4.0,No,Moderate,0,2335.0,55.8,1.5,1,2,0,0,1
67.0,Female,169.2,71.6,25.0,3-5 times/week,Excellent,7.2,7.0,Yes,High,0,1569.0,40.3,4.0,4,3,1,0,1
33.0,Female,160.4,68.7,26.7,1-2 times/week,Poor,7.0,10.0,No,Low,0,2154.0,85.6,1.5,1,1,0,0,1
30.0,Male,160.3,43.2,16.8,Daily,Good,5.9,5.0,No,Low,0,2582.0,77.9,7.0,3,1,0,0,0
49.0,Other,171.4,65.5,22.3,Daily,Excellent,7.4,7.0,No,Moderate,1,2271.0,53.5,7.0,4,2,0,1,2
41.0,Male,179.3,92.6,28.8,3-5 times/week,Good,6.7,7.0,No,Moderate,1,2080.0,59.1,4.0,3,2,0,1,0
58.0,Female,160.6,97.2,37.7,1-2 times/week,Average,6.4,3.0,No,High,1,1989.0,78.1,1.5,2,3,0,1,1
47.0,Other,168.2,59.4,21.0,3-5 times/week,Excellent,5.9,8.0,No,Moderate,0,2029.0,42.0,4.0,4,2,0,0,2
52.0,Male,173.9,59.3,19.6,3-5 times/week,Excellent,7.0,3.0,No,Low,0,2314.0,49.4,4.0,4,1,0,0,0
37.0,Female,153.9,37.7,15.9,3-5 times/week,Good,9.2,6.0,No,Low,0,1860.0,55.7,4.0,3,1,0,0,1
56.0,Female,153.3,62.0,26.4,Daily,Excellent,6.1,1.0,No,High,0,1768.0,38.7,7.0,4,3,0,0,1
38.0,Female,154.8,70.7,29.5,1-2 times/week,Good,7.5,8.0,Yes,Low,0,1950.0,57.8,1.5,3,1,1,0,1
25.0,Female,161.2,52.8,20.3,3-5 times/week,Excellent,7.2,4.0,No,High,0,2352.0,59.7,4.0,4,3,0,0,1
36.0,Other,164.8,47.8,17.6,3-5 times/week,Good,8.4,4.0,No,Moderate,1,1979.0,61.3,4.0,3,2,0,1,2
59.0,Female,157.2,40.8,16.5,3-5 times/week,Excellent,7.0,3.0,No,Low,0,1778.0,46.0,4.0,4,1,0,0,1
22.0,Male,164.4,77.6,28.7,Daily,Average,5.7,7.0,No,Low,0,2846.0,104.7,7.0,2,1,0,0,0
46.0,Female,153.8,66.2,28.0,1-2 times/week,Good,8.7,6.0,No,Low,0,2072.0,64.8,1.5,3,1,0,0,1
66.0,Male,166.0,76.6,27.8,1-2 times/week,Average,8.7,4.0,No,Moderate,0,2280.0,86.7,1.5,2,2,0,0,0
62.0,Male,164.2,78.2,29.0,None,Poor,8.6,2.0,No,Moderate,0,3423.0,146.8,0.0,1,2,0,0,0
47.0,Female,181.7,94.8,28.7,3-5 times/week,Average,5.5,6.0,No,Low,0,2355.0,85.3,4.0,2,1,0,0,1
63.0,Other,180.8,66.4,20.3,3-5 times/week,Excellent,7.5,10.0,Yes,Moderate,0,2565.0,76.2,4.0,4,2,1,0,2
61.0,Female,166.2,71.0,25.7,Daily,Poor,8.1,7.0,No,Moderate,0,3077.0,128.3,7.0,1,2,0,0,1
34.0,Other,172.5,80.6,27.1,3-5 times/week,Poor,5.7,8.0,No,Low,0,2368.0,98.9,4.0,1,1,0,0,2
21.0,Male,176.4,103.3,33.2,3-5 times/week,Poor,6.6,9.0,No,None,0,3217.0,142.0,4.0,1,0,0,0,0
33.0,Female,163.4,72.4,27.1,Daily,Poor,6.2,5.0,No,Moderate,0,3219.0,134.5,7.0,1,2,0,0,1
65.0,Female,164.9,69.9,25.7,1-2 times/week,Excellent,7.3,3.0,No,Low,0,1200.0,26.4,1.5,4,1,0,0,1
27.0,Male,175.2,106.5,34.7,1-2 times/week,Excellent,7.6,6.0,No,Low,1,3016.0,67.2,1.5,4,1,0,1,0
48.0,Female,151.1,53.2,23.3,Daily,Good,7.5,7.0,Yes,Moderate,0,1750.0,44.5,7.0,3,2,1,0,1
55.0,Other,160.8,38.8,15.0,Daily,Good,6.9,4.0,No,Moderate,0,2497.0,70.0,7.0,3,2,0,0,2
26.0,Male,171.9,63.2,21.4,3-5 times/week,Good,6.4,8.0,Yes,Low,0,2428.0,60.8,4.0,3,1,1,0,0
33.0,Other,150.2,33.8,15.0,1-2 times/week,Good,9.2,6.0,No,Low,0,2076.0,61.5,1.5,3,1,0,0,2
30.0,Male,179.1,72.5,22.6,3-5 times/week,Excellent,8.7,4.0,Yes,High,0,3031.0,67.6,4.0,4,3,1,0,0
39.0,Female,163.0,67.2,25.3,3-5 times/week,Average,7.9,2.0,No,Moderate,0,2401.0,77.8,4.0,2,2,0,0,1
55.0,Other,168.9,101.0,35.4,1-2 times/week,Good,7.9,6.0,No,High,1,3184.0,112.7,1.5,3,3,0,1,2
24.0,Other,164.9,61.2,22.5,Daily,Poor,7.8,9.0,Yes,Low,0,2614.0,109.4,7.0,1,1,1,0,2
27.0,Female,160.6,63.2,24.5,None,Poor,5.8,2.0,No,Moderate,0,2718.0,117.3,0.0,1,2,0,0,1
60.0,Female,159.6,53.7,21.1,3-5 times/week,Average,7.0,3.0,No,Low,0,2259.0,80.2,4.0,2,1,0,0,1
20.0,Other,168.1,83.4,29.5,3-5 times/week,Average,6.9,4.0,Yes,High,0,2732.0,110.1,4.0,2,3,1,0,2
47.0,Female,164.8,74.4,27.4,3-5 times/week,Average,8.0,1.0,Yes,High,0,2578.0,96.6,4.0,2,3,1,0,1
39.0,Female,150.9,80.6,35.4,3-5 times/week,Poor,6.1,2.0,No,High,0,2731.0,118.5,4.0,1,3,0,0,1
56.0,Other,152.9,64.1,27.4,3-5 times/week,Good,5.5,7.0,No,Moderate,0,1511.0,54.0,4.0,3,2,0,0,2
37.0,Other,165.4,88.9,32.5,Daily,Poor,6.3,8.0,No,Low,0,2621.0,107.4,7.0,1,1,0,0,2
28.0,Male,171.4,75.2,25.6,Daily,Good,6.9,9.0,No,Moderate,0,2948.0,87.3,7.0,3,2,0,0,0
57.0,Male,175.3,76.5,24.9,1-2 times/week,Good,7.0,4.0,No,Low,0,2324.0,56.9,1.5,3,1,0,0,0
46.0,Male,168.3,72.8,25.7,3-5 times/week,Average,7.3,6.0,No,Moderate,1,2818.0,113.7,4.0,2,2,0,1,0
22.0,Female,155.9,52.3,21.5,3-5 times/week,Excellent,8.1,6.0,No,High,0,2072.0,54.9,4.0,4,3,0,0,1
56.0,Female,152.0,81.1,35.1,1-2 times/week,Average,5.7,6.0,No,Low,1,1961.0,86.9,1.5,2,1,0,1,1
21.0,Female,161.1,67.7,26.1,3-5 times/week,Poor,7.2,3.0,Yes,Low,0,2331.0,105.4,4.0,1,1,1,0,1
32.0,Female,166.2,75.1,27.2,1-2 times/week,Excellent,4.1,4.0,No,Low,0,1504.0,40.8,1.5,4,1,0,0,1
24.0,Male,173.0,93.7,31.3,3-5 times/week,Good,7.7,4.0,No,Moderate,1,2962.0,93.1,4.0,3,2,0,1,0
59.0,Other,168.5,96.0,33.8,3-5 times/week,Poor,6.2,4.0,Yes,Low,0,2800.0,123.6,4.0,1,1,1,0,2
20.0,Other,184.0,71.4,21.1,3-5 times/week,Poor,7.6,9.0,No,Low,0,1458.0,26.3,4.0,1,1,0,0,2
39.0,Other,163.1,78.7,29.6,1-2 times/week,Good,9.3,4.0,No,High,0,2642.0,68.1,1.5,3,3,0,0,2
42.0,Other,168.2,86.0,30.4,Daily,Average,6.0,7.0,No,Moderate,0,2854.0,106.9,7.0,2,2,0,0,2
69.0,Male,163.5,105.1,39.3,3-5 times/week,Poor,6.9,10.0,Yes,Low,0,2700.0,120.5,4.0,1,1,1,0,0
65.0,Male,172.3,44.5,15.0,Daily,Excellent,8.5,2.0,No,Low,0,2107.0,51.4,7.0,4,1,0,0,0
48.0,Female,159.0,73.6,29.1,1-2 times/week,Average,9.0,7.0,No,Low,0,2298.0,86.4,1.5,2,1,0,0,1
20.0,Other,173.9,91.0,30.1,3-5 times/week,Excellent,8.3,8.0,No,Low,0,2691.0,62.0,4.0,4,1,0,0,2
56.0,Other,145.0,73.4,34.9,3-5 times/week,Average,7.5,1.0,No,Moderate,0,2124.0,75.6,4.0,2,2,0,0,2
59.0,Female,160.8,79.1,30.6,Daily,Excellent,6.9,5.0,No,Low,0,1730.0,38.8,7.0,4,1,0,0,1
58.0,Female,158.6,80.5,32.0,Daily,Poor,7.0,2.0,No,Low,1,2541.0,101.4,7.0,1,1,0,1,1
45.0,Female,158.8,87.3,34.6,1-2 times/week,Good,7.6,6.0,Yes,High,1,2903.0,93.3,1.5,3,3,1,1,1
53.0,Female,149.7,70.4,31.4,1-2 times/week,Poor,7.1,3.0,Yes,Low,0,2487.0,98.0,1.5,1,1,1,0,1
40.0,Male,162.7,85.2,32.2,Daily,Good,6.6,9.0,No,High,0,3058.0,91.8,7.0,3,3,0,0,0
24.0,Male,167.3,90.1,32.2,3-5 times/week,Poor,6.9,2.0,No,Low,0,3079.0,128.3,4.0,1,1,0,0,0
54.0,Male,168.2,67.6,23.9,Daily,Good,8.7,9.0,Yes,Moderate,0,2240.0,63.7,7.0,3,2,1,0,0
32.0,Female,159.0,94.6,37.4,3-5 times/week,Poor,4.0,1.0,No,Low,0,2433.0,102.9,4.0,1,1,0,0,1
50.0,Female,156.9,73.1,29.7,3-5 times/week,Good,7.0,7.0,No,Moderate,0,2213.0,64.6,4.0,3,2,0,0,1
25.0,Other,156.6,79.5,32.4,3-5 times/week,Poor,6.4,9.0,No,High,0,3183.0,131.7,4.0,1,3,0,0,2
35.0,Female,160.0,80.4,31.4,None,Poor,6.9,5.0,No,Low,0,2540.0,97.9,0.0,1,1,0,0,1
40.0,Male,163.5,93.0,34.8,1-2 times/week,Average,6.2,2.0,Yes,Low,0,2635.0,99.0,1.5,2,1,1,0,0
31.0,Other,154.9,81.3,33.9,3-5 times/week,Poor,8.6,9.0,No,Low,0,2842.0,119.1,4.0,1,1,0,0,2
39.0,Other,169.3,83.4,29.1,3-5 times/week,Poor,7.8,7.0,No,Low,0,2849.0,127.7,4.0,1,1,0,0,2
40.0,Female,155.4,80.4,33.3,3-5 times/week,Average,6.3,2.0,No,High,1,2384.0,81.3,4.0,2,3,0,1,1
18.0,Male,172.4,80.2,27.0,3-5 times/week,Excellent,7.5,2.0,No,Moderate,0,2243.0,48.4,4.0,4,2,0,0,0
56.0,Other,170.7,95.6,32.8,3-5 times/week,Poor,7.0,10.0,No,Moderate,0,2758.0,121.5,4.0,1,2,0,0,2
33.0,Male,164.7,106.9,39.4,3-5 times/week,Poor,7.7,7.0,No,High,1,3427.0,145.8,4.0,1,3,0,1,0
21.0,Male,164.1,93.4,34.7,3-5 times/week,Average,6.1,7.0,No,Moderate,0,2410.0,73.5,4.0,2,2,0,0,0
43.0,Male,178.8,97.2,30.4,1-2 times/week,Poor,4.6,2.0,No,High,0,3425.0,142.4,1.5,1,3,0,0,0
46.0,Male,184.2,133.0,39.2,1-2 times/week,Good,10.0,5.0,No,Moderate,0,2892.0,111.0,1.5,3,2,0,0,0
40.0,Female,163.4,82.2,30.8,1-2 times/week,Good,5.1,2.0,Yes,High,1,2498.0,90.0,1.5,3,3,1,1,1
60.0,Female,154.5,56.6,23.7,3-5 times/week,Poor,7.6,5.0,No,Low,1,2232.0,87.2,4.0,1,1,0,1,1
20.0,Other,168.7,64.9,22.8,Daily,Poor,8.2,6.0,No,Low,0,3133.0,133.5,7.0,1,1,0,0,2
30.0,Female,157.6,94.6,38.1,3-5 times/week,Poor,8.3,10.0,No,High,0,3255.0,143.5,4.0,1,3,0,0,1
51.0,Female,174.9,86.9,28.4,Daily,Excellent,9.0,6.0,No,Moderate,0,2656.0,103.3,7.0,4,2,0,0,1
23.0,Male,174.4,87.6,28.8,Daily,Good,7.0,5.0,No,Low,1,2340.0,63.5,7.0,3,1,0,1,0
51.0,Female,164.3,51.3,19.0,3-5 times/week,Excellent,6.5,4.0,No,Low,0,1584.0,29.9,4.0,4,1,0,0,1
43.0,Other,167.8,81.1,28.8,1-2 times/week,Excellent,5.9,8.0,Yes,High,0,2712.0,69.1,1.5,4,3,1,0,2
35.0,Male,169.9,93.2,32.3,3-5 times/week,Poor,7.0,5.0,No,Moderate,1,2489.0,110.5,4.0,1,2,0,1,0
52.0,Male,181.7,74.9,22.7,1-2 times/week,Good,5.7,4.0,Yes,Low,0,2548.0,64.9,1.5,3,1,1,0,0
43.0,Male,172.4,44.6,15.0,3-5 times/week,Excellent,7.0,2.0,No,Low,0,1909.0,50.3,4.0,4,1,0,0,0
58.0,Female,160.0,64.0,25.0,1-2 times/week,Excellent,7.2,6.0,No,High,0,2012.0,54.3,1.5,4,3,0,0,1
38.0,Male,176.3,66.8,21.5,1-2 times/week,Average,5.3,2.0,Yes,Low,0,2622.0,84.8,1.5,2,1,1,0,0
31.0,Other,158.8,80.9,32.1,1-2 times/week,Poor,7.4,8.0,No,High,0,3253.0,144.4,1.5,1,3,0,0,2
46.0,Female,153.2,66.2,28.2,3-5 times/week,Average,7.5,3.0,Yes,Low,0,1687.0,68.3,4.0,2,1,1,0,1
68.0,Male,172.8,79.7,26.7,Daily,Poor,5.0,7.0,No,Low,1,2932.0,114.3,7.0,1,1,0,1,0
38.0,Male,165.9,76.5,27.8,3-5 times/week,Good,6.2,8.0,No,Low,0,2705.0,79.1,4.0,3,1,0,0,0
37.0,Male,170.5,63.4,21.8,3-5 times/week,Poor,6.5,3.0,Yes,Low,0,3200.0,141.9,4.0,1,1,1,0,0
60.0,Male,172.8,111.4,37.3,1-2 times/week,Poor,6.0,3.0,No,Moderate,0,2943.0,121.8,1.5,1,2,0,0,0
28.0,Male,174.4,61.7,20.3,Daily,Good,7.0,2.0,No,Low,0,2994.0,88.3,7.0,3,1,0,0,0
68.0,Male,178.4,75.7,23.8,Daily,Excellent,6.3,10.0,No,Low,0,1955.0,51.8,7.0,4,1,0,0,0
61.0,Female,164.1,58.7,21.8,Daily,Good,7.2,8.0,No,Low,0,2184.0,59.1,7.0,3,1,0,0,1
49.0,Other,158.3,74.7,29.8,Daily,Good,7.4,6.0,Yes,Moderate,1,2160.0,52.6,7.0,3,2,1,1,2
33.0,Other,162.2,80.2,30.5,3-5 times/week,Poor,7.0,4.0,Yes,High,0,3164.0,131.1,4.0,1,3,1,0,2
43.0,Female,156.6,38.7,15.8,3-5 times/week,Average,8.7,7.0,No,Low,0,2173.0,68.5,4.0,2,1,0,0,1
64.0,Other,165.0,92.8,34.1,3-5 times/week,Poor,7.9,5.0,No,High,0,2278.0,95.8,4.0,1,3,0,0,2
32.0,Female,153.5,42.4,18.0,3-5 times/week,Average,6.3,10.0,No,Low,0,2303.0,80.2,4.0,2,1,0,0,1
20.0,Male,182.0,59.0,17.8,Daily,Good,7.5,1.0,No,Low,0,3036.0,84.8,7.0,3,1,0,0,0
58.0,Male,172.2,50.4,17.0,3-5 times/week,Excellent,7.0,2.0,No,Low,0,2842.0,77.1,4.0,4,1,0,0,0
20.0,Female,156.0,69.6,28.6,Daily,Average,6.9,7.0,No,Low,1,2508.0,92.2,7.0,2,1,0,1,1
58.0,Other,158.8,37.8,15.0,1-2 times/week,Excellent,7.3,6.0,No,Low,0,1385.0,39.9,1.5,4,1,0,0,2
59.0,Male,166.7,62.0,22.3,Daily,Good,5.8,2.0,No,Low,0,2855.0,81.8,7.0,3,1,0,0,0
19.0,Other,169.0,72.0,25.2,3-5 times/week,Average,6.7,4.0,No,High,0,2612.0,87.8,4.0,2,3,0,0,2
35.0,Male,167.5,82.5,29.4,1-2 times/week,Excellent,6.6,6.0,No,Moderate,1,2390.0,59.8,1.5,4,2,0,1,0
43.0,Other,169.5,60.6,21.1,1-2 times/week,Good,7.4,10.0,No,Low,0,2102.0,56.8,1.5,3,1,0,0,2
43.0,Female,161.1,65.4,25.2,1-2 times/week,Good,6.5,8.0,No,Low,0,1792.0,64.5,1.5,3,1,0,0,1
40.0,Male,164.1,112.3,41.7,3-5 times/week,Poor,8.4,3.0,Yes,Moderate,0,3305.0,131.1,4.0,1,2,1,0,0
33.0,Other,170.3,113.4,39.1,1-2 times/week,Good,8.3,8.0,Yes,Low,0,2850.0,104.9,1.5,3,1,1,0,2
58.0,Female,158.7,52.1,20.7,Daily,Excellent,6.2,3.0,No,Moderate,1,1399.0,38.5,7.0,4,2,0,1,1
32.0,Female,162.9,52.0,19.6,Daily,Excellent,9.4,3.0,Yes,Low,0,2293.0,60.7,7.0,4,1,1,0,1
33.0,Other,169.4,86.1,30.0,3-5 times/week,Poor,7.0,1.0,No,High,0,3358.0,141.1,4.0,1,3,0,0,2
59.0,Female,166.7,85.9,30.9,1-2 times/week,Average,6.2,5.0,No,High,0,2613.0,89.1,1.5,2,3,0,0,1
30.0,Other,173.0,49.7,16.6,3-5 times/week,Excellent,7.1,3.0,Yes,High,0,2302.0,49.1,4.0,4,3,1,0,2
57.0,Female,150.1,50.0,22.2,None,Excellent,7.0,4.0,No,Low,0,1656.0,41.2,0.0,4,1,0,0,1
54.0,Female,170.6,49.5,17.0,3-5 times/week,Excellent,7.1,7.0,No,Low,1,1979.0,48.3,4.0,4,1,0,1,1
38.0,Female,155.0,70.4,29.3,Daily,Good,6.6,5.0,No,Moderate,0,2744.0,114.1,7.0,3,2,0,0,1
37.0,Female,170.6,107.7,37.0,3-5 times/week,Average,7.1,8.0,Yes,Low,1,2103.0,82.7,4.0,2,1,1,1,1
40.0,Female,164.7,78.4,28.9,1-2 times/week,Good,7.1,7.0,No,High,0,2491.0,88.0,1.5,3,3,0,0,1
41.0,Other,152.2,58.6,25.3,Daily,Excellent,8.5,1.0,No,Moderate,0,1990.0,47.8,7.0,4,2,0,0,2
49.0,Male,170.8,71.2,24.4,1-2 times/week,Excellent,8.4,1.0,No,High,0,2054.0,50.9,1.5,4,3,0,0,0
20.0,Female,151.0,76.6,33.6,3-5 times/week,Poor,7.0,10.0,No,Moderate,0,2175.0,83.4,4.0,1,2,0,0,1
39.0,Female,161.2,60.8,23.4,3-5 times/week,Poor,7.6,10.0,No,Low,0,2127.0,93.2,4.0,1,1,0,0,1
61.0,Female,161.2,63.4,24.4,3-5 times/week,Good,7.0,4.0,No,High,0,2510.0,90.9,4.0,3,3,0,0,1
56.0,Male,166.3,80.2,29.0,3-5 times/week,Excellent,7.9,3.0,No,Low,0,1816.0,49.6,4.0,4,1,0,0,0
54.0,Male,186.8,102.9,29.5,3-5 times/week,Good,8.0,9.0,No,Low,0,2768.0,78.6,4.0,3,1,0,0,0
22.0,Female,164.0,73.4,27.3,3-5 times/week,Good,5.5,6.0,No,High,0,2131.0,50.7,4.0,3,3,0,0,1
43.0,Female,154.1,72.7,30.6,None,Average,9.4,8.0,No,Low,0,1885.0,68.1,0.0,2,1,0,0,1
68.0,Male,181.9,96.3,29.1,3-5 times/week,Poor,7.0,6.0,No,Low,0,3051.0,133.2,4.0,1,1,0,0,0
55.0,Other,171.8,85.0,28.8,3-5 times/week,Average,4.8,2.0,No,Low,0,2920.0,106.0,4.0,2,1,0,0,2
36.0,Female,171.1,85.2,29.1,1-2 times/week,Excellent,7.6,6.0,Yes,High,1,2198.0,57.2,1.5,4,3,1,1,1
43.0,Female,159.1,88.3,34.9,3-5 times/week,Poor,5.0,3.0,No,Low,1,2605.0,113.7,4.0,1,1,0,1,1
65.0,Female,187.2,117.7,33.6,3-5 times/week,Average,5.8,7.0,No,High,0,3185.0,110.7,4.0,2,3,0,0,1
64.0,Other,155.8,62.1,25.6,1-2 times/week,Good,7.0,9.0,No,Low,0,1554.0,32.4,1.5,3,1,0,0,2
53.0,Female,160.4,76.2,29.6,3-5 times/week,Good,5.7,2.0,No,High,0,2032.0,54.8,4.0,3,3,0,0,1
61.0,Female,164.7,78.7,29.0,3-5 times/week,Good,4.0,7.0,No,High,0,1927.0,55.3,4.0,3,3,0,0,1
68.0,Female,159.3,85.0,33.5,3-5 times/week,Good,6.3,6.0,No,Low,0,1649.0,41.6,4.0,3,1,0,0,1
49.0,Other,160.9,65.8,25.4,None,Average,11.0,5.0,No,Moderate,0,3031.0,104.0,0.0,2,2,0,0,2
39.0,Other,160.3,95.8,37.3,Daily,Poor,7.8,8.0,No,High,0,3525.0,159.8,7.0,1,3,0,0,2
50.0,Male,178.1,130.7,41.2,3-5 times/week,Good,7.5,5.0,No,High,1,2650.0,82.1,4.0,3,3,0,1,0
26.0,Other,169.4,85.2,29.7,3-5 times/week,Poor,6.4,5.0,No,Low,1,2280.0,97.0,4.0,1,1,0,1,2
36.0,Other,173.9,71.7,23.7,Daily,Average,7.0,10.0,No,Low,0,3086.0,109.8,7.0,2,1,0,0,2
23.0,Male,171.4,77.6,26.4,Daily,Poor,7.0,8.0,Yes,Moderate,0,3244.0,143.4,7.0,1,2,1,0,0
21.0,Other,165.8,62.4,22.7,3-5 times/week,Good,7.0,1.0,No,High,0,2635.0,63.3,4.0,3,3,0,0,2
21.0,Female,170.6,78.6,27.0,3-5 times/week,Good,8.2,4.0,No,High,1,3034.0,87.0,4.0,3,3,0,1,1
33.0,Other,153.0,50.3,21.5,1-2 times/week,Excellent,6.5,9.0,Yes,Low,0,1288.0,26.3,1.5,4,1,1,0,2
40.0,Other,165.9,67.7,24.6,3-5 times/week,Good,7.2,10.0,No,Low,0,1993.0,56.5,4.0,3,1,0,0,2
36.0,Other,167.4,88.6,31.6,1-2 times/week,Poor,5.6,10.0,No,Low,0,2061.0,92.6,1.5,1,1,0,0,2
37.0,Other,174.9,76.8,25.1,1-2 times/week,Average,7.0,3.0,No,Moderate,0,2460.0,98.0,1.5,2,2,0,0,2
42.0,Female,162.6,68.7,26.0,3-5 times/week,Good,8.7,2.0,No,Low,0,1594.0,36.3,4.0,3,1,0,0,1
48.0,Female,174.7,75.1,24.6,3-5 times/week,Average,6.4,8.0,Yes,Low,1,2286.0,81.8,4.0,2,1,1,1,1
30.0,Male,169.8,86.8,30.1,Daily,Average,7.0,7.0,No,Moderate,1,3056.0,111.2,7.0,2,2,0,1,0
33.0,Male,162.7,99.0,37.4,3-5 times/week,Average,6.9,6.0,No,Moderate,0,3652.0,125.6,4.0,2,2,0,0,0
60.0,Male,170.6,103.3,35.5,3-5 times/week,Poor,7.0,9.0,No,Low,0,2716.0,110.7,4.0,1,1,0,0,0
69.0,Other,163.7,67.8,25.3,3-5 times/week,Average,6.7,3.0,No,Moderate,0,2421.0,82.3,4.0,2,2,0,0,2
46.0,Other,171.3,81.6,27.8,3-5 times/week,Good,8.4,9.0,No,Low,0,2266.0,55.5,4.0,3,1,0,0,2
37.0,Female,152.0,35.8,15.5,3-5 times/week,Excellent,6.9,3.0,Yes,High,0,1938.0,43.2,4.0,4,3,1,0,1
48.0,Male,172.6,75.1,25.2,Daily,Good,7.1,10.0,No,High,1,2676.0,70.0,7.0,3,3,0,1,0
65.0,Female,158.3,76.9,30.7,1-2 times/week,Good,5.4,6.0,No,High,0,1853.0,63.1,1.5,3,3,0,0,1
65.0,Female,152.9,77.6,33.2,3-5 times/week,Average,7.2,8.0,No,Moderate,0,2247.0,78.5,4.0,2,2,0,0,1
18.0,Female,154.6,65.0,27.2,1-2 times/week,Average,7.4,6.0,Yes,Low,1,2781.0,108.8,1.5,2,1,1,1,1
60.0,Male,165.8,116.8,42.5,Daily,Average,6.3,9.0,Yes,High,0,3803.0,145.1,7.0,2,3,1,0,0
27.0,Other,149.1,59.4,26.7,3-5 times/week,Poor,8.1,10.0,No,Moderate,0,3080.0,127.7,4.0,1,2,0,0,2
24.0,Male,167.1,45.2,16.2,3-5 times/week,Excellent,8.3,4.0,Yes,High,0,2737.0,57.5,4.0,4,3,1,0,0
26.0,Female,160.6,70.9,27.5,3-5 times/week,Good,8.1,1.0,No,Low,0,1604.0,41.1,4.0,3,1,0,0,1
49.0,Other,154.4,78.9,33.1,3-5 times/week,Good,7.3,2.0,No,Low,1,2146.0,53.7,4.0,3,1,0,1,2
45.0,Female,165.7,66.2,24.1,None,Average,7.6,9.0,No,Low,0,2335.0,92.9,0.0,2,1,0,0,1
65.0,Female,168.4,113.2,39.9,1-2 times/week,Poor,6.3,8.0,No,Low,1,2351.0,94.0,1.5,1,1,0,1,1
27.0,Female,157.3,73.7,29.8,3-5 times/week,Average,6.2,7.0,Yes,Low,0,2415.0,101.4,4.0,2,1,1,0,1
29.0,Female,165.3,60.1,22.0,3-5 times/week,Excellent,8.2,10.0,No,High,0,1771.0,47.7,4.0,4,3,0,0,1
60.0,Male,180.1,132.3,40.8,3-5 times/week,Poor,5.8,9.0,No,High,0,3205.0,136.9,4.0,1,3,0,0,0
62.0,Male,170.4,68.5,23.6,1-2 times/week,Good,7.4,2.0,No,Low,0,2677.0,113.2,1.5,3,1,0,0,0
43.0,Other,152.1,60.1,26.0,3-5 times/week,Good,8.3,5.0,No,Low,0,2264.0,59.9,4.0,3,1,0,0,2
64.0,Male,166.9,70.8,25.4,3-5 times/week,Good,7.4,6.0,No,Moderate,1,2422.0,83.1,4.0,3,2,0,1,0
22.0,Other,169.8,91.1,31.6,3-5 times/week,Average,6.5,6.0,No,Low,0,2411.0,84.9,4.0,2,1,0,0,2
30.0,Other,168.5,67.3,23.7,3-5 times/week,Good,7.0,8.0,No,Low,0,2708.0,94.2,4.0,3,1,0,0,2
23.0,Other,183.1,75.4,22.5,3-5 times/week,Good,7.0,10.0,No,Low,0,2167.0,69.8,4.0,3,1,0,0,2
57.0,Female,157.6,57.9,23.3,3-5 times/week,Good,7.8,3.0,Yes,Moderate,1,1724.0,54.0,4.0,3,2,1,1,1
42.0,Male,164.4,55.9,20.7,1-2 times/week,Good,8.1,3.0,No,Moderate,0,1968.0,63.2,1.5,3,2,0,0,0
29.0,Female,160.0,61.2,23.9,3-5 times/week,Excellent,5.9,8.0,No,Low,0,1678.0,34.7,4.0,4,1,0,0,1
69.0,Male,170.5,114.5,39.4,3-5 times/week,Poor,6.2,2.0,Yes,High,0,2880.0,119.5,4.0,1,3,1,0,0
69.0,Female,159.6,58.8,23.1,1-2 times/week,Average,6.0,9.0,No,Low,0,1902.0,62.0,1.5,2,1,0,0,1
44.0,Female,154.8,75.0,31.3,3-5 times/week,Good,7.0,6.0,No,High,0,1981.0,65.1,4.0,3,3,0,0,1
65.0,Male,174.9,98.8,32.3,3-5 times/week,Excellent,6.0,7.0,No,Low,0,2051.0,54.9,4.0,4,1,0,0,0
39.0,Other,177.5,86.3,27.4,3-5 times/week,Good,5.4,6.0,No,High,0,2316.0,68.8,4.0,3,3,0,0,2
69.0,Male,173.2,95.4,31.8,3-5 times/week,Poor,6.9,3.0,Yes,High,0,3261.0,135.6,4.0,1,3,1,0,0
50.0,Other,168.8,70.4,24.7,3-5 times/week,Excellent,6.7,1.0,No,Low,0,2145.0,45.7,4.0,4,1,0,0,2
67.0,Other,158.9,71.5,28.3,Daily,Excellent,6.2,6.0,Yes,Low,0,2186.0,62.6,7.0,4,1,1,0,2
40.0,Male,163.4,53.4,20.0,3-5 times/week,Poor,7.9,3.0,No,Low,0,2740.0,126.6,4.0,1,1,0,0,0
23.0,Other,164.6,74.0,27.3,1-2 times/week,Excellent,6.8,2.0,No,High,0,2096.0,39.9,1.5,4,3,0,0,2
57.0,Male,167.8,97.4,34.6,None,Poor,7.7,8.0,No,High,0,3247.0,143.3,0.0,1,3,0,0,0
46.0,Other,172.5,93.4,31.4,3-5 times/week,Good,5.6,8.0,No,Low,1,3144.0,127.7,4.0,3,1,0,1,2
43.0,Male,157.8,62.3,25.0,1-2 times/week,Good,9.0,7.0,No,Low,1,2297.0,55.7,1.5,3,1,0,1,0
57.0,Other,167.9,75.3,26.7,1-2 times/week,Excellent,6.6,9.0,No,Low,0,1769.0,40.4,1.5,4,1,0,0,2
64.0,Male,176.9,80.1,25.6,3-5 times/week,Good,8.3,6.0,Yes,Moderate,0,1992.0,62.1,4.0,3,2,1,0,0
23.0,Female,162.2,74.7,28.4,Daily,Poor,6.1,2.0,No,Low,0,3488.0,151.1,7.0,1,1,0,0,1
47.0,Other,167.4,70.3,25.1,3-5 times/week,Good,7.6,8.0,No,Low,0,2052.0,56.3,4.0,3,1,0,0,2
62.0,Other,163.7,86.8,32.4,Daily,Poor,7.5,5.0,No,High,0,3071.0,139.5,7.0,1,3,0,0,2
33.0,Other,171.6,59.2,20.1,3-5 times/week,Excellent,6.4,8.0,No,Moderate,0,1862.0,45.5,4.0,4,2,0,0,2
51.0,Female,161.0,89.2,34.4,3-5 times/week,Excellent,5.3,10.0,No,None,1,1789.0,39.1,4.0,4,0,0,1,1
32.0,Female,153.8,62.7,26.5,Daily,Average,7.5,6.0,No,High,1,3172.0,111.9,7.0,2,3,0,1,1
69.0,Female,154.7,59.4,24.8,3-5 times/week,Poor,6.1,4.0,No,Low,0,2386.0,112.9,4.0,1,1,0,0,1
61.0,Female,160.9,45.0,17.4,Daily,Average,7.1,4.0,No,Moderate,0,1943.0,61.9,7.0,2,2,0,0,1
68.0,Female,170.7,118.0,40.5,3-5 times/week,Poor,6.5,7.0,No,Moderate,0,3143.0,129.7,4.0,1,2,0,0,1
48.0,Female,153.6,73.1,31.0,3-5 times/week,Good,7.0,10.0,No,Moderate,0,1454.0,43.9,4.0,3,2,0,0,1
32.0,Other,169.8,63.1,21.9,3-5 times/week,Good,6.0,5.0,No,Low,0,2244.0,48.8,4.0,3,1,0,0,2
55.0,Other,163.5,104.8,39.2,3-5 times/week,Poor,5.0,6.0,No,Low,0,3022.0,133.1,4.0,1,1,0,0,2
29.0,Female,160.8,61.3,23.7,3-5 times/week,Average,7.5,5.0,Yes,High,1,2931.0,100.8,4.0,2,3,1,1,1
19.0,Other,161.0,64.0,24.7,1-2 times/week,Average,7.4,4.0,Yes,Low,0,2076.0,67.9,1.5,2,1,1,0,2
37.0,Male,175.0,101.1,33.0,1-2 times/week,Average,4.2,9.0,Yes,High,0,2549.0,89.1,1.5,2,3,1,0,0
50.0,Other,158.1,74.5,29.8,3-5 times/week,Excellent,8.1,5.0,No,Low,0,1713.0,33.0,4.0,4,1,0,0,2
23.0,Female,171.5,60.6,20.6,3-5 times/week,Excellent,7.1,5.0,No,Low,0,1547.0,28.6,4.0,4,1,0,0,1
53.0,Female,161.9,75.2,28.7,1-2 times/week,Poor,9.1,9.0,No,Low,0,2602.0,108.6,1.5,1,1,0,0,1
59.0,Other,155.5,44.2,18.3,Daily,Poor,6.5,4.0,No,Low,0,2822.0,115.0,7.0,1,1,0,0,2
65.0,Male,175.4,109.5,35.6,1-2 times/week,Good,6.8,10.0,Yes,High,0,2785.0,93.9,1.5,3,3,1,0,0
24.0,Male,181.0,70.1,21.4,1-2 times/week,Good,7.3,8.0,Yes,Low,1,2929.0,77.7,1.5,3,1,1,1,0
68.0,Other,164.2,68.2,25.3,Daily,Excellent,7.2,8.0,No,Low,0,2122.0,52.1,7.0,4,1,0,0,2
45.0,Female,163.7,54.9,20.5,1-2 times/week,Average,7.2,9.0,No,Moderate,0,2112.0,74.6,1.5,2,2,0,0,1
46.0,Male,175.2,93.6,30.5,Daily,Good,5.8,4.0,No,Low,0,2958.0,119.1,7.0,3,1,0,0,0
50.0,Male,167.7,76.8,27.3,1-2 times/week,Poor,8.4,1.0,No,Low,0,2771.0,116.9,1.5,1,1,0,0,0
65.0,Female,161.0,51.6,19.9,3-5 times/week,Average,6.2,4.0,No,High,1,2788.0,97.6,4.0,2,3,0,1,1
41.0,Male,167.4,66.1,23.6,3-5 times/week,Good,8.7,4.0,No,Low,1,2289.0,65.4,4.0,3,1,0,1,0
38.0,Male,165.3,74.3,27.2,3-5 times/week,Good,6.4,10.0,No,Low,0,2176.0,59.6,4.0,3,1,0,0,0
47.0,Other,170.4,121.1,41.7,3-5 times/week,Poor,8.3,10.0,No,Low,0,2991.0,138.8,4.0,1,1,0,0,2
30.0,Other,174.3,88.1,29.0,3-5 times/week,Good,6.3,2.0,No,Low,1,2180.0,59.2,4.0,3,1,0,1,2
39.0,Male,166.0,103.6,37.6,3-5 times/week,Average,6.4,2.0,No,High,0,3376.0,127.5,4.0,2,3,0,0,0
30.0,Male,167.3,92.4,33.0,Daily,Average,7.0,6.0,No,Moderate,0,3196.0,109.5,7.0,2,2,0,0,0
55.0,Female,155.6,42.1,17.4,3-5 times/week,Average,7.3,3.0,No,Moderate,1,2156.0,78.6,4.0,2,2,0,1,1
54.0,Female,159.3,41.9,16.5,3-5 times/week,Good,7.0,1.0,Yes,Low,0,2063.0,65.2,4.0,3,1,1,0,1
44.0,Female,161.6,66.1,25.3,1-2 times/week,Average,8.6,8.0,No,Low,0,2177.0,71.1,1.5,2,1,0,0,1
67.0,Male,177.1,96.6,30.8,3-5 times/week,Average,7.4,6.0,No,Low,0,2049.0,78.0,4.0,2,1,0,0,0
69.0,Female,166.2,61.6,22.3,Daily,Good,7.3,1.0,No,Low,0,1980.0,50.7,7.0,3,1,0,0,1
58.0,Female,156.9,55.6,22.6,3-5 times/week,Average,7.5,6.0,No,Moderate,0,1685.0,64.2,4.0,2,2,0,0,1
37.0,Other,173.4,82.1,27.3,1-2 times/week,Good,7.0,4.0,No,Low,0,2182.0,64.0,1.5,3,1,0,0,2
40.0,Male,171.8,46.0,15.6,3-5 times/week,Average,7.7,9.0,No,Moderate,0,3196.0,120.5,4.0,2,2,0,0,0
60.0,Male,159.4,102.4,40.3,3-5 times/week,Good,7.3,6.0,Yes,Low,0,2204.0,60.9,4.0,3,1,1,0,0
30.0,Male,160.0,76.8,30.0,3-5 times/week,Good,7.6,1.0,No,Low,0,2494.0,61.1,4.0,3,1,0,0,0
39.0,Male,172.1,66.3,22.4,Daily,Excellent,7.8,9.0,No,Low,0,2944.0,87.5,7.0,4,1,0,0,0
44.0,Other,179.8,104.1,32.2,1-2 times/week,Poor,8.1,10.0,No,Low,0,3073.0,131.8,1.5,1,1,0,0,2
37.0,Male,183.8,94.6,28.0,Daily,Poor,5.9,4.0,No,Moderate,0,3650.0,164.7,7.0,1,2,0,0,0
30.0,Other,156.7,69.5,28.3,1-2 times/week,Poor,6.6,6.0,No,Moderate,1,2835.0,123.6,1.5,1,2,0,1,2
27.0,Other,169.1,68.9,24.1,3-5 times/week,Excellent,7.4,5.0,Yes,Low,0,2428.0,58.0,4.0,4,1,1,0,2
21.0,Female,174.7,72.9,23.9,3-5 times/week,Excellent,5.5,7.0,Yes,None,1,2777.0,101.3,4.0,4,0,1,1,1
45.0,Other,155.6,52.3,21.6,3-5 times/week,Average,6.7,6.0,Yes,Low,0,2315.0,71.6,4.0,2,1,1,0,2
59.0,Male,165.4,83.4,30.5,3-5 times/week,Poor,6.6,2.0,No,Moderate,1,3130.0,127.7,4.0,1,2,0,1,0
43.0,Male,175.7,72.9,23.6,3-5 times/week,Good,8.0,9.0,No,Moderate,0,2404.0,75.2,4.0,3,2,0,0,0
30.0,Male,169.0,70.8,24.8,1-2 times/week,Average,6.7,3.0,No,Low,0,2307.0,76.1,1.5,2,1,0,0,0
49.0,Male,166.6,69.1,24.9,3-5 times/week,Poor,8.1,10.0,No,Low,0,3227.0,124.4,4.0,1,1,0,0,0
46.0,Other,160.9,75.1,29.0,Daily,Good,7.0,9.0,No,Low,0,1857.0,52.0,7.0,3,1,0,0,2
69.0,Female,156.1,72.6,29.8,1-2 times/week,Average,5.2,4.0,Yes,High,0,1706.0,47.4,1.5,2,3,1,0,1
57.0,Other,168.4,63.8,22.5,Daily,Excellent,8.6,2.0,Yes,Low,0,1660.0,40.0,7.0,4,1,1,0,2
59.0,Female,159.3,73.8,29.1,Daily,Average,8.1,7.0,No,Low,0,2679.0,92.7,7.0,2,1,0,0,1
38.0,Other,158.9,85.1,33.7,3-5 times/week,Poor,6.9,10.0,Yes,High,0,2624.0,115.5,4.0,1,3,1,0,2
35.0,Female,156.5,65.6,26.8,1-2 times/week,Good,7.0,8.0,Yes,Low,0,1772.0,47.0,1.5,3,1,1,0,1
31.0,Female,155.3,84.2,34.9,3-5 times/week,Good,8.6,10.0,Yes,Low,0,1995.0,65.9,4.0,3,1,1,0,1
59.0,Male,167.4,91.4,32.6,1-2 times/week,Poor,7.1,6.0,No,Low,0,2950.0,128.5,1.5,1,1,0,0,0
38.0,Other,168.0,82.1,29.1,3-5 times/week,Excellent,6.0,8.0,No,Moderate,0,2357.0,58.3,4.0,4,2,0,0,2
53.0,Male,161.5,85.8,32.9,1-2 times/week,Average,5.5,7.0,No,Moderate,0,2813.0,103.6,1.5,2,2,0,0,0
35.0,Other,170.6,80.0,27.5,3-5 times/week,Good,9.1,10.0,No,High,0,2638.0,73.6,4.0,3,3,0,0,2
66.0,Female,155.7,66.4,27.4,3-5 times/week,Poor,6.4,6.0,Yes,Low,0,1922.0,80.2,4.0,1,1,1,0,1
24.0,Female,160.4,87.5,34.0,3-5 times/week,Poor,5.7,2.0,No,High,0,2789.0,127.1,4.0,1,3,0,0,1
42.0,Female,149.8,63.1,28.1,1-2 times/week,Average,10.0,9.0,No,High,0,2441.0,91.4,1.5,2,3,0,0,1
62.0,Male,183.3,129.7,38.6,3-5 times/week,Average,7.0,8.0,No,High,1,2639.0,93.4,4.0,2,3,0,1,0
19.0,Female,160.8,67.0,25.9,3-5 times/week,Good,6.9,6.0,No,Low,0,1987.0,55.1,4.0,3,1,0,0,1
27.0,Female,160.7,84.2,32.6,3-5 times/week,Good,5.3,7.0,No,Moderate,0,2061.0,62.0,4.0,3,2,0,0,1
24.0,Female,152.3,55.0,23.7,3-5 times/week,Poor,6.5,6.0,No,High,0,1680.0,66.9,4.0,1,3,0,0,1
39.0,Female,164.2,83.0,30.8,3-5 times/week,Good,5.9,9.0,Yes,Low,0,1922.0,51.0,4.0,3,1,1,0,1
55.0,Other,155.3,105.4,43.7,1-2 times/week,Average,4.0,6.0,No,Low,1,1988.0,73.5,1.5,2,1,0,1,2
64.0,Female,162.4,82.8,31.4,1-2 times/week,Average,6.9,2.0,Yes,High,0,1976.0,69.2,1.5,2,3,1,0,1
36.0,Female,156.2,52.7,21.6,Daily,Average,5.5,2.0,Yes,Low,0,2708.0,99.6,7.0,2,1,1,0,1
37.0,Male,176.7,77.1,24.7,Daily,Good,6.3,2.0,No,Low,0,3070.0,87.9,7.0,3,1,0,0,0
31.0,Male,167.7,79.3,28.2,3-5 times/week,Average,7.5,5.0,Yes,Moderate,0,2667.0,101.3,4.0,2,2,1,0,0
60.0,Male,165.5,67.9,24.8,3-5 times/week,Poor,7.5,8.0,No,High,0,3210.0,134.4,4.0,1,3,0,0,0
54.0,Male,182.9,84.6,25.3,Daily,Average,7.6,1.0,No,Low,0,2894.0,97.5,7.0,2,1,0,0,0
59.0,Other,162.4,69.1,26.2,3-5 times/week,Good,7.0,9.0,No,Low,0,1867.0,63.1,4.0,3,1,0,0,2
44.0,Male,170.9,68.1,23.3,3-5 times/week,Average,7.3,8.0,No,Low,0,3134.0,104.6,4.0,2,1,0,0,0
43.0,Male,159.0,72.1,28.5,Daily,Excellent,8.3,7.0,Yes,Low,0,2216.0,70.7,7.0,4,1,1,0,0
55.0,Other,167.9,77.0,27.3,3-5 times/week,Excellent,5.9,10.0,Yes,Low,0,2117.0,40.9,4.0,4,1,1,0,2
35.0,Male,163.4,70.8,26.5,3-5 times/week,Good,6.6,6.0,No,Moderate,1,1834.0,46.9,4.0,3,2,0,1,0
36.0,Female,162.9,57.1,21.5,1-2 times/week,Good,8.2,3.0,No,Low,0,1766.0,56.4,1.5,3,1,0,0,1
59.0,Male,166.6,55.5,20.0,1-2 times/week,Excellent,6.1,2.0,No,Low,0,1745.0,41.1,1.5,4,1,0,0,0
34.0,Other,174.2,79.5,26.2,3-5 times/week,Average,7.8,7.0,No,Low,1,2399.0,90.5,4.0,2,1,0,1,2
23.0,Female,175.1,81.9,26.7,1-2 times/week,Good,7.5,1.0,No,High,0,3016.0,83.7,1.5,3,3,0,0,1
56.0,Other,170.1,79.9,27.6,None,Excellent,7.7,4.0,Yes,Low,0,1735.0,54.1,0.0,4,1,1,0,2
42.0,Other,148.6,58.5,26.5,3-5 times/week,Average,7.4,7.0,No,Low,0,2705.0,92.9,4.0,2,1,0,0,2
68.0,Male,169.6,77.1,26.8,3-5 times/week,Average,7.9,2.0,Yes,Low,0,3014.0,107.7,4.0,2,1,1,0,0
36.0,Other,169.7,63.1,21.9,Daily,Average,6.9,10.0,No,Low,0,2513.0,98.4,7.0,2,1,0,0,2
33.0,Male,178.0,103.0,32.5,3-5 times/week,Average,7.7,9.0,No,High,0,2862.0,97.9,4.0,2,3,0,0,0
61.0,Female,169.1,89.5,31.3,Daily,Good,8.4,10.0,No,Low,0,2745.0,83.4,7.0,3,1,0,0,1
40.0,Male,171.4,69.3,23.6,3-5 times/week,Poor,7.0,1.0,Yes,Low,0,2484.0,100.9,4.0,1,1,1,0,0
24.0,Male,184.0,94.8,28.0,3-5 times/week,Poor,7.4,2.0,No,Low,0,3588.0,141.2,4.0,1,1,0,0,0
23.0,Other,165.3,71.0,26.0,3-5 times/week,Excellent,5.2,8.0,No,Low,0,2137.0,52.3,4.0,4,1,0,0,2
54.0,Other,175.8,105.1,34.0,3-5 times/week,Good,6.9,6.0,No,Moderate,0,2423.0,74.4,4.0,3,2,0,0,2
44.0,Male,168.7,83.7,29.4,3-5 times/week,Excellent,9.2,10.0,Yes,Moderate,0,2334.0,47.7,4.0,4,2,1,0,0
42.0,Male,166.0,43.5,15.8,Daily,Good,9.0,5.0,Yes,Low,0,2534.0,70.6,7.0,3,1,1,0,0
56.0,Female,164.9,79.7,29.3,3-5 times/week,Poor,8.3,3.0,No,Low,0,2246.0,91.0,4.0,1,1,0,0,1
68.0,Male,162.8,61.8,23.3,Daily,Excellent,7.1,3.0,Yes,Low,1,1843.0,47.0,7.0,4,1,1,1,0
60.0,Other,171.6,72.7,24.7,3-5 times/week,Poor,7.2,6.0,No,Moderate,0,2622.0,99.4,4.0,1,2,0,0,2
26.0,Other,174.4,90.3,29.7,1-2 times/week,Good,6.1,9.0,No,Low,0,2001.0,64.0,1.5,3,1,0,0,2
55.0,Female,160.9,88.8,34.3,3-5 times/week,Poor,6.5,4.0,No,Low,0,2356.0,95.2,4.0,1,1,0,0,1
36.0,Female,162.2,55.0,20.9,1-2 times/week,Excellent,6.8,8.0,No,Moderate,1,1785.0,37.9,1.5,4,2,0,1,1
44.0,Female,156.5,50.5,20.6,1-2 times/week,Good,7.1,4.0,Yes,Low,1,1491.0,42.8,1.5,3,1,1,1,1
27.0,Other,165.7,51.3,18.7,3-5 times/week,Average,7.4,2.0,No,Low,0,2667.0,109.6,4.0,2,1,0,0,2
21.0,Male,188.8,88.8,24.9,None,Average,9.1,9.0,No,Moderate,0,2996.0,114.0,0.0,2,2,0,0,0
59.0,Male,181.0,89.8,27.4,1-2 times/week,Excellent,6.8,7.0,Yes,Low,0,2229.0,48.5,1.5,4,1,1,0,0
42.0,Male,181.0,92.4,28.2,1-2 times/week,Poor,7.8,7.0,No,High,0,3148.0,135.7,1.5,1,3,0,0,0
61.0,Other,168.1,57.1,20.2,1-2 times/week,Poor,7.8,6.0,No,Low,0,1928.0,75.2,1.5,1,1,0,0,2
26.0,Female,152.8,50.2,21.5,1-2 times/week,Excellent,8.7,3.0,No,Moderate,0,2472.0,80.4,1.5,4,2,0,0,1
20.0,Female,165.6,61.2,22.3,3-5 times/week,Average,6.4,4.0,Yes,Low,0,2365.0,89.8,4.0,2,1,1,0,1
19.0,Female,169.4,91.3,31.8,3-5 times/week,Poor,7.0,2.0,No,High,0,2738.0,118.2,4.0,1,3,0,0,1
41.0,Female,155.1,63.0,26.2,Daily,Excellent,5.4,9.0,Yes,High,0,3044.0,79.0,7.0,4,3,1,0,1
63.0,Female,160.3,74.8,29.1,Daily,Excellent,6.4,1.0,No,High,1,2476.0,61.8,7.0,4,3,0,1,1
52.0,Male,182.8,87.9,26.3,1-2 times/week,Average,7.4,3.0,No,Low,1,2490.0,91.2,1.5,2,1,0,1,0
56.0,Female,165.9,54.2,19.7,3-5 times/week,Excellent,5.2,3.0,No,High,0,2203.0,57.2,4.0,4,3,0,0,1
50.0,Other,167.8,78.0,27.7,3-5 times/week,Excellent,6.6,2.0,No,Low,0,2592.0,84.0,4.0,4,1,0,0,2
34.0,Other,161.9,68.2,26.0,3-5 times/week,Average,8.6,5.0,No,Moderate,0,2633.0,94.9,4.0,2,2,0,0,2
27.0,Other,167.9,72.2,25.6,1-2 times/week,Poor,7.1,2.0,No,Low,1,3090.0,133.0,1.5,1,1,0,1,2
66.0,Female,163.0,73.6,27.7,1-2 times/week,Excellent,5.7,4.0,No,High,0,2020.0,47.2,1.5,4,3,0,0,1
30.0,Other,171.0,50.6,17.3,1-2 times/week,Excellent,6.4,3.0,No,Moderate,0,2113.0,54.6,1.5,4,2,0,0,2
69.0,Male,177.5,52.9,16.8,Daily,Good,8.1,8.0,Yes,Moderate,1,2991.0,87.7,7.0,3,2,1,1,0
69.0,Male,170.0,88.1,30.5,3-5 times/week,Excellent,7.1,10.0,No,Low,1,1845.0,39.4,4.0,4,1,0,1,0
67.0,Male,184.2,106.9,31.5,3-5 times/week,Average,8.1,6.0,No,Moderate,0,2962.0,92.6,4.0,2,2,0,0,0
67.0,Other,169.3,95.4,33.3,1-2 times/week,Average,5.9,3.0,Yes,Low,0,2236.0,82.3,1.5,2,1,1,0,2
18.0,Male,180.2,138.3,42.6,1-2 times/week,Average,6.7,10.0,Yes,Low,0,3149.0,111.7,1.5,2,1,1,0,0
32.0,Male,166.7,75.9,27.3,3-5 times/week,Good,5.6,10.0,Yes,Low,0,2260.0,64.1,4.0,3,1,1,0,0
61.0,Male,174.7,73.6,24.1,Daily,Average,7.0,4.0,No,High,0,2939.0,104.8,7.0,2,3,0,0,0
26.0,Female,159.7,83.1,32.6,3-5 times/week,Good,4.8,6.0,Yes,Moderate,0,1935.0,55.6,4.0,3,2,1,0,1
29.0,Other,168.2,67.1,23.7,Daily,Poor,5.5,3.0,No,High,0,3174.0,130.3,7.0,1,3,0,0,2
33.0,Female,172.7,94.8,31.8,1-2 times/week,Poor,8.6,3.0,No,Low,0,2636.0,116.6,1.5,1,1,0,0,1
48.0,Male,173.8,61.0,20.2,Daily,Good,7.9,1.0,No,Low,0,2662.0,76.7,7.0,3,1,0,0,0
31.0,Male,155.1,74.1,30.8,3-5 times/week,Poor,5.3,10.0,No,High,0,3127.0,132.2,4.0,1,3,0,0,0
24.0,Female,156.9,40.1,16.3,3-5 times/week,Excellent,7.6,10.0,Yes,High,0,1752.0,53.8,4.0,4,3,1,0,1
31.0,Other,153.6,62.3,26.4,3-5 times/week,Excellent,6.4,8.0,No,Moderate,0,1830.0,42.4,4.0,4,2,0,0,2
61.0,Other,174.8,93.8,30.7,Daily,Poor,8.6,5.0,No,Low,0,2683.0,114.9,7.0,1,1,0,0,2
31.0,Other,174.5,120.9,39.7,3-5 times/week,Excellent,4.9,6.0,No,High,1,2606.0,60.7,4.0,4,3,0,1,2
39.0,Other,157.7,48.5,19.5,Daily,Good,8.1,9.0,No,Low,0,2110.0,68.0,7.0,3,1,0,0,2
66.0,Other,168.6,101.5,35.7,3-5 times/week,Poor,3.0,8.0,Yes,Low,0,2126.0,91.7,4.0,1,1,1,0,2
27.0,Male,182.8,75.5,22.6,1-2 times/week,Good,8.3,8.0,No,Low,0,2726.0,83.6,1.5,3,1,0,0,0
43.0,Male,174.2,82.2,27.1,3-5 times/week,Average,6.7,10.0,No,Low,0,2577.0,92.6,4.0,2,1,0,0,0
65.0,Female,163.1,75.8,28.5,1-2 times/week,Good,7.0,8.0,No,High,0,2314.0,60.0,1.5,3,3,0,0,1
48.0,Male,170.5,79.7,27.4,1-2 times/week,Average,7.2,4.0,No,Low,1,1985.0,72.9,1.5,2,1,0,1,0
35.0,Other,159.8,58.2,44.3,3-5 times/week,Poor,7.3,2.0,Yes,Low,0,3290.0,133.6,4.0,1,1,1,0,2
61.0,Female,160.0,69.4,27.1,3-5 times/week,Excellent,6.7,8.0,No,Moderate,0,2051.0,55.1,4.0,4,2,0,0,1
42.0,Other,160.0,62.5,24.4,3-5 times/week,Average,7.3,9.0,No,Low,0,2500.0,85.4,4.0,2,1,0,0,2
28.0,Other,179.0,58.0,18.1,3-5 times/week,Average,7.1,5.0,Yes,Low,0,3585.0,149.6,4.0,2,1,1,0,2
50.0,Female,162.3,47.2,17.9,3-5 times/week,Average,6.3,5.0,No,Low,0,2115.0,75.2,4.0,2,1,0,0,1
63.0,Female,157.6,91.9,37.0,None,Excellent,6.2,8.0,No,Moderate,0,1681.0,36.2,0.0,4,2,0,0,1
62.0,Female,162.2,59.2,22.5,3-5 times/week,Good,8.5,2.0,No,Moderate,0,2004.0,71.2,4.0,3,2,0,0,1
68.0,Female,159.2,64.9,25.6,3-5 times/week,Good,6.4,4.0,No,Low,0,1847.0,56.0,4.0,3,1,0,0,1
41.0,Female,162.5,79.5,30.1,3-5 times/week,Good,4.6,6.0,No,Moderate,0,2183.0,59.6,4.0,3,2,0,0,1
60.0,Female,163.7,89.2,33.3,1-2 times/week,Good,10.0,8.0,No,Low,1,2021.0,66.5,1.5,3,1,0,1,1
24.0,Female,166.0,59.8,21.7,Daily,Average,6.5,4.0,No,High,0,2349.0,86.9,7.0,2,3,0,0,1
59.0,Other,181.6,89.7,27.2,Daily,Average,6.4,7.0,No,Low,0,2805.0,109.1,7.0,2,1,0,0,2
65.0,Female,150.4,69.4,30.7,3-5 times/week,Average,5.4,6.0,No,Moderate,0,1452.0,40.3,4.0,2,2,0,0,1
27.0,Other,173.0,53.6,17.9,3-5 times/week,Excellent,7.4,9.0,No,Low,0,2705.0,59.1,4.0,4,1,0,0,2
32.0,Female,153.6,66.8,28.3,3-5 times/week,Good,7.5,2.0,No,High,0,1660.0,38.1,4.0,3,3,0,0,1
38.0,Male,177.2,62.8,20.0,3-5 times/week,Poor,5.3,9.0,No,Low,0,3401.0,128.5,4.0,1,1,0,0,0
59.0,Male,172.8,84.5,28.3,1-2 times/week,Good,7.0,1.0,No,High,0,2753.0,79.7,1.5,3,3,0,0,0
26.0,Male,185.2,58.3,17.0,Daily,Average,7.0,3.0,No,Low,0,3197.0,106.2,7.0,2,1,0,0,0
59.0,Other,172.9,97.5,32.6,3-5 times/week,Poor,7.0,9.0,No,Low,0,2963.0,116.8,4.0,1,1,0,0,2
18.0,Female,157.3,57.4,23.2,1-2 times/week,Good,6.7,10.0,No,Moderate,0,2133.0,63.6,1.5,3,2,0,0,1
54.0,Female,164.7,70.8,26.1,3-5 times/week,Good,5.7,7.0,No,Low,0,1237.0,22.8,4.0,3,1,0,0,1
61.0,Male,180.1,72.7,22.4,Daily,Excellent,8.1,8.0,No,Moderate,0,2353.0,62.7,7.0,4,2,0,0,0
30.0,Male,167.8,66.5,23.6,3-5 times/week,Good,6.8,5.0,No,Low,0,3128.0,111.7,4.0,3,1,0,0,0
47.0,Other,162.5,88.5,33.5,3-5 times/week,Excellent,8.8,7.0,No,Moderate,1,2236.0,57.8,4.0,4,2,0,1,2
26.0,Other,165.3,52.5,19.2,3-5 times/week,Average,7.6,9.0,Yes,High,1,2991.0,114.4,4.0,2,3,1,1,2
27.0,Male,154.6,50.9,21.3,3-5 times/week,Excellent,8.8,6.0,No,Low,0,2642.0,64.2,4.0,4,1,0,0,0
26.0,Male,176.5,82.2,26.4,3-5 times/week,Excellent,7.7,6.0,No,Moderate,0,3146.0,75.9,4.0,4,2,0,0,0
54.0,Other,173.9,67.1,22.2,3-5 times/week,Excellent,9.1,7.0,Yes,Moderate,0,1895.0,42.2,4.0,4,2,1,0,2
56.0,Other,162.0,78.2,29.8,Daily,Poor,7.8,6.0,No,Low,0,2688.0,118.1,7.0,1,1,0,0,2
31.0,Female,158.8,90.3,35.8,1-2 times/week,Poor,8.4,2.0,No,Moderate,1,2714.0,122.9,1.5,1,2,0,1,1
25.0,Male,171.6,94.5,32.1,Daily,Excellent,9.1,6.0,Yes,Low,0,2871.0,105.1,7.0,4,1,1,0,0
64.0,Male,175.1,66.5,21.7,3-5 times/week,Average,11.0,5.0,Yes,Low,0,2544.0,88.4,4.0,2,1,1,0,0
49.0,Female,159.6,56.5,22.2,3-5 times/week,Excellent,7.5,10.0,No,Low,0,1874.0,39.8,4.0,4,1,0,0,1
57.0,Other,149.4,73.7,33.0,3-5 times/week,Poor,6.1,7.0,No,High,0,2921.0,125.6,4.0,1,3,0,0,2
30.0,Female,151.9,40.8,17.7,3-5 times/week,Good,7.4,1.0,No,High,1,2365.0,63.1,4.0,3,3,0,1,1
39.0,Male,167.8,87.0,30.9,Daily,Good,6.7,5.0,Yes,None,0,2700.0,84.0,7.0,3,0,1,0,0
29.0,Female,156.4,48.7,19.9,3-5 times/week,Excellent,6.6,5.0,Yes,Low,1,1963.0,45.7,4.0,4,1,1,1,1
19.0,Other,160.4,87.7,34.1,1-2 times/week,Poor,7.5,3.0,No,Low,0,3162.0,126.6,1.5,1,1,0,0,2
41.0,Male,166.0,85.7,31.1,1-2 times/week,Average,7.9,6.0,Yes,Low,0,2522.0,86.1,1.5,2,1,1,0,0
28.0,Male,181.3,98.6,30.0,Daily,Average,6.3,3.0,Yes,Low,0,3122.0,111.4,7.0,2,1,1,0,0
41.0,Other,161.1,59.4,22.9,1-2 times/week,Poor,6.2,3.0,No,Low,1,2336.0,91.8,1.5,1,1,0,1,2
19.0,Male,175.9,79.8,25.8,1-2 times/week,Average,8.6,1.0,No,Low,0,2782.0,109.5,1.5,2,1,0,0,0
31.0,Male,160.3,61.9,24.1,3-5 times/week,Excellent,7.2,8.0,Yes,High,1,3005.0,70.3,4.0,4,3,1,1,0
25.0,Other,174.4,74.8,24.6,3-5 times/week,Good,7.4,2.0,No,Moderate,0,2383.0,68.8,4.0,3,2,0,0,2
32.0,Male,171.3,56.0,19.1,Daily,Excellent,5.8,7.0,No,Moderate,0,2308.0,62.2,7.0,4,2,0,0,0
29.0,Male,171.9,98.1,33.2,Daily,Average,7.1,2.0,Yes,High,1,3310.0,114.4,7.0,2,3,1,1,0
42.0,Other,159.1,73.7,29.1,1-2 times/week,Poor,6.6,4.0,No,Low,0,2848.0,120.6,1.5,1,1,0,0,2
68.0,Male,179.2,101.5,31.6,3-5 times/week,Excellent,6.4,5.0,Yes,Moderate,0,2896.0,105.2,4.0,4,2,1,0,0
69.0,Other,160.1,69.7,27.2,3-5 times/week,Excellent,5.7,8.0,No,High,0,2136.0,47.3,4.0,4,3,0,0,2
61.0,Male,168.0,92.3,32.7,3-5 times/week,Poor,7.0,4.0,No,Moderate,0,3200.0,142.7,4.0,1,2,0,0,0
52.0,Other,164.9,88.6,32.6,1-2 times/week,Good,6.7,9.0,No,Low,0,2074.0,63.0,1.5,3,1,0,0,2
49.0,Female,168.8,102.6,36.0,3-5 times/week,Poor,5.8,7.0,No,Low,0,2506.0,116.9,4.0,1,1,0,0,1
61.0,Other,166.1,80.3,29.1,3-5 times/week,Excellent,7.4,5.0,No,High,0,2685.0,61.1,4.0,4,3,0,0,2
48.0,Female,160.4,72.8,28.3,3-5 times/week,Excellent,5.2,9.0,No,High,0,2031.0,49.7,4.0,4,3,0,0,1
25.0,Female,155.8,56.3,23.2,3-5 times/week,Good,5.8,9.0,No,Low,0,1621.0,48.9,4.0,3,1,0,0,1
36.0,Other,156.8,72.0,29.3,1-2 times/week,Poor,8.2,6.0,No,Moderate,0,2604.0,100.9,1.5,1,2,0,0,2
54.0,Other,151.1,79.0,34.6,3-5 times/week,Poor,8.4,8.0,Yes,Low,0,2653.0,112.1,4.0,1,1,1,0,2
62.0,Other,161.7,68.8,26.3,1-2 times/week,Average,8.7,5.0,Yes,Low,0,2709.0,94.9,1.5,2,1,1,0,2
43.0,Female,152.8,64.9,27.8,3-5 times/week,Poor,7.7,5.0,No,Low,0,2397.0,105.5,4.0,1,1,0,0,1
28.0,Female,155.4,89.4,37.0,3-5 times/week,Poor,6.0,7.0,No,Moderate,0,3098.0,131.1,4.0,1,2,0,0,1
20.0,Other,160.2,66.2,25.8,3-5 times/week,Average,5.7,2.0,Yes,Low,1,3039.0,115.1,4.0,2,1,1,1,2
62.0,Male,174.3,86.6,28.5,3-5 times/week,Average,7.3,10.0,No,Low,0,2832.0,102.9,4.0,2,1,0,0,0
62.0,Male,189.1,103.7,29.0,1-2 times/week,Excellent,7.0,1.0,No,Low,0,3419.0,145.6,1.5,4,1,0,0,0
44.0,Male,159.2,91.0,35.9,1-2 times/week,Poor,7.0,6.0,No,Moderate,0,2583.0,118.0,1.5,1,2,0,0,0
38.0,Male,171.0,54.1,18.5,Daily,Average,6.7,8.0,No,Low,0,3503.0,127.6,7.0,2,1,0,0,0
41.0,Other,171.7,66.3,22.5,3-5 times/week,Poor,6.3,6.0,No,Low,0,2960.0,123.0,4.0,1,1,0,0,2
57.0,Other,166.0,62.3,22.6,3-5 times/week,Good,6.7,3.0,No,Low,0,2403.0,80.9,4.0,3,1,0,0,2
37.0,Other,160.6,68.3,26.5,Daily,Good,5.1,6.0,Yes,Moderate,0,2385.0,77.3,7.0,3,2,1,0,2
59.0,Female,163.6,61.8,23.1,3-5 times/week,Good,6.7,7.0,Yes,Moderate,0,2661.0,86.9,4.0,3,2,1,0,1
40.0,Male,176.5,97.2,31.2,3-5 times/week,Good,6.3,7.0,No,Low,1,2327.0,56.1,4.0,3,1,0,1,0
61.0,Other,175.3,61.2,19.9,Daily,Excellent,9.2,6.0,No,Low,0,1698.0,32.6,7.0,4,1,0,0,2
39.0,Male,179.7,112.7,34.9,1-2 times/week,Average,7.3,9.0,No,Low,0,2970.0,101.3,1.5,2,1,0,0,0
53.0,Other,170.7,87.4,30.0,3-5 times/week,Good,7.0,8.0,No,Low,0,1983.0,52.5,4.0,3,1,0,0,2
43.0,Other,159.1,50.6,20.0,3-5 times/week,Excellent,6.9,1.0,Yes,Low,0,1955.0,44.6,4.0,4,1,1,0,2
35.0,Male,175.2,86.6,28.2,1-2 times/week,Poor,6.6,8.0,No,Moderate,0,3269.0,130.1,1.5,1,2,0,0,0
32.0,Male,172.2,99.3,33.5,3-5 times/week,Poor,7.0,10.0,No,Moderate,0,3391.0,138.9,4.0,1,2,0,0,0
21.0,Male,180.6,114.8,35.2,1-2 times/week,Average,5.5,7.0,No,Moderate,0,3290.0,122.5,1.5,2,2,0,0,0
33.0,Female,145.9,80.7,37.9,3-5 times/week,Good,6.6,6.0,Yes,Moderate,1,2163.0,77.0,4.0,3,2,1,1,1
59.0,Female,168.2,80.9,28.6,3-5 times/week,Good,5.2,5.0,No,Moderate,0,1659.0,50.9,4.0,3,2,0,0,1
28.0,Other,151.1,40.4,17.7,Daily,Excellent,8.4,5.0,Yes,Moderate,0,2000.0,42.9,7.0,4,2,1,0,2
28.0,Other,168.1,109.1,38.6,3-5 times/week,Poor,7.4,6.0,Yes,High,0,2960.0,113.2,4.0,1,3,1,0,2
58.0,Female,160.4,63.0,24.5,1-2 times/week,Average,8.5,1.0,No,Moderate,0,2252.0,82.4,1.5,2,2,0,0,1
51.0,Other,161.3,78.3,30.1,3-5 times/week,Average,7.9,10.0,Yes,Low,0,2606.0,86.9,4.0,2,1,1,0,2
43.0,Other,160.9,72.5,28.0,1-2 times/week,Average,8.1,7.0,No,Low,0,2261.0,82.1,1.5,2,1,0,0,2
34.0,Male,169.7,126.1,43.8,3-5 times/week,Good,6.0,9.0,No,High,0,3048.0,98.5,4.0,3,3,0,0,0
58.0,Other,166.5,57.1,20.6,3-5 times/week,Poor,5.4,5.0,No,Low,0,2810.0,119.3,4.0,1,1,0,0,2
46.0,Male,164.3,75.6,28.0,3-5 times/week,Poor,6.7,2.0,No,Low,0,2895.0,134.2,4.0,1,1,0,0,0
68.0,Other,165.4,62.4,22.8,3-5 times/week,Excellent,7.0,6.0,No,Low,0,1817.0,50.2,4.0,4,1,0,0,2
47.0,Other,174.7,81.5,26.7,3-5 times/week,Average,8.3,6.0,Yes,High,0,2599.0,98.4,4.0,2,3,1,0,2
43.0,Other,166.3,101.5,36.7,Daily,Average,8.4,10.0,Yes,Low,0,2468.0,87.9,7.0,2,1,1,0,2
68.0,Male,173.7,59.4,19.7,3-5 times/week,Good,6.1,2.0,No,Low,0,2767.0,117.0,4.0,3,1,0,0,0
41.0,Other,162.0,66.7,25.4,3-5 times/week,Good,6.2,5.0,Yes,Moderate,0,2522.0,72.1,4.0,3,2,1,0,2
20.0,Male,174.0,89.3,29.5,3-5 times/week,Good,7.0,3.0,No,High,0,2454.0,62.8,4.0,3,3,0,0,0
60.0,Female,164.5,87.7,32.4,1-2 times/week,Average,6.6,4.0,Yes,Low,1,2262.0,73.0,1.5,2,1,1,1,1
24.0,Male,175.6,87.3,28.3,Daily,Excellent,7.0,8.0,No,High,0,2821.0,64.7,7.0,4,3,0,0,0
55.0,Other,171.1,101.6,34.7,Daily,Poor,8.0,6.0,No,Low,0,2988.0,132.0,7.0,1,1,0,0,2
68.0,Male,169.8,62.6,21.7,1-2 times/week,Good,8.1,10.0,No,Low,0,2120.0,52.6,1.5,3,1,0,0,0
42.0,Male,169.7,71.1,24.7,1-2 times/week,Poor,6.7,2.0,Yes,None,0,2306.0,57.1,1.5,1,0,1,0,0
27.0,Male,176.5,69.5,22.3,Daily,Good,9.2,4.0,No,Low,1,2483.0,63.9,7.0,3,1,0,1,0
51.0,Other,169.3,89.1,31.1,1-2 times/week,Good,8.5,6.0,No,Moderate,0,2478.0,73.6,1.5,3,2,0,0,2
29.0,Female,157.5,63.8,25.7,3-5 times/week,Average,8.6,10.0,Yes,Low,0,2345.0,81.0,4.0,2,1,1,0,1
50.0,Female,167.9,80.9,28.7,3-5 times/week,Good,4.0,9.0,Yes,Low,0,1925.0,57.5,4.0,3,1,1,0,1
28.0,Male,186.6,81.8,23.5,1-2 times/week,Excellent,8.2,2.0,No,High,1,2527.0,53.1,1.5,4,3,0,1,0
57.0,Female,158.2,58.3,23.3,3-5 times/week,Excellent,7.4,7.0,Yes,Low,1,1388.0,36.7,4.0,4,1,1,1,1
35.0,Male,179.6,109.3,33.9,3-5 times/week,Poor,6.9,10.0,No,Low,1,3324.0,142.1,4.0,1,1,0,1,0
68.0,Male,172.7,103.8,34.8,3-5 times/week,Poor,7.0,4.0,No,High,0,3337.0,141.1,4.0,1,3,0,0,0
66.0,Male,168.5,112.1,39.5,3-5 times/week,Average,7.5,5.0,No,High,1,2896.0,112.5,4.0,2,3,0,1,0
53.0,Male,178.0,124.8,39.4,3-5 times/week,Good,9.5,9.0,No,High,0,2748.0,85.2,4.0,3,3,0,0,0
42.0,Female,160.1,81.3,31.7,1-2 times/week,Average,7.1,4.0,No,Low,0,1951.0,67.1,1.5,2,1,0,0,1
46.0,Male,163.8,93.1,34.7,3-5 times/week,Average,7.0,6.0,Yes,Moderate,0,3031.0,108.8,4.0,2,2,1,0,0
68.0,Other,159.9,79.3,31.0,Daily,Good,4.7,9.0,Yes,Low,0,2254.0,70.1,7.0,3,1,1,0,2
35.0,Male,176.1,85.6,27.6,3-5 times/week,Good,8.1,3.0,No,Low,0,3913.0,168.1,4.0,3,1,0,0,0
29.0,Other,168.0,77.6,27.5,Daily,Poor,6.7,4.0,No,High,0,3452.0,149.2,7.0,1,3,0,0,2
26.0,Male,168.6,83.0,29.2,1-2 times/week,Good,7.5,3.0,No,Moderate,0,2793.0,78.2,1.5,3,2,0,0,0
42.0,Male,170.6,43.7,15.0,3-5 times/week,Excellent,7.0,1.0,Yes,Moderate,0,2458.0,72.3,4.0,4,2,1,0,0
25.0,Female,153.8,46.8,19.8,Daily,Poor,6.4,5.0,No,Low,0,2842.0,123.2,7.0,1,1,0,0,1
33.0,Female,172.4,105.5,35.5,1-2 times/week,Average,7.0,10.0,No,High,0,2808.0,100.7,1.5,2,3,0,0,1
25.0,Other,158.1,61.5,24.6,3-5 times/week,Good,5.0,4.0,No,Moderate,0,3030.0,103.3,4.0,3,2,0,0,2
21.0,Other,150.1,70.5,31.3,3-5 times/week,Average,6.4,7.0,No,High,0,3167.0,110.8,4.0,2,3,0,0,2
24.0,Male,181.3,97.6,29.7,3-5 times/week,Average,7.0,4.0,No,Moderate,0,3430.0,129.7,4.0,2,2,0,0,0
62.0,Male,171.0,81.6,27.9,3-5 times/week,Poor,6.8,1.0,No,Low,0,3176.0,125.2,4.0,1,1,0,0,0
43.0,Other,160.2,84.2,32.8,3-5 times/week,Good,7.1,3.0,No,Low,1,2208.0,67.6,4.0,3,1,0,1,2
38.0,Other,176.3,50.7,16.3,3-5 times/week,Excellent,7.0,6.0,Yes,Low,1,2109.0,47.0,4.0,4,1,1,1,2
27.0,Female,154.7,71.3,29.8,3-5 times/week,Average,7.0,6.0,No,High,0,2563.0,90.0,4.0,2,3,0,0,1
68.0,Male,173.5,102.9,34.2,1-2 times/week,Good,6.8,10.0,No,Low,0,2397.0,72.6,1.5,3,1,0,0,0
67.0,Male,169.6,82.6,28.7,1-2 times/week,Good,8.4,2.0,No,Low,1,2675.0,86.1,1.5,3,1,0,1,0
39.0,Male,168.9,61.6,21.6,1-2 times/week,Good,5.5,7.0,No,Low,0,2154.0,60.7,1.5,3,1,0,0,0
60.0,Male,166.4,74.5,26.9,3-5 times/week,Poor,4.0,4.0,No,High,0,3960.0,175.8,4.0,1,3,0,0,0
68.0,Female,159.4,77.0,30.3,None,Poor,7.2,5.0,No,Moderate,0,2442.0,98.0,0.0,1,2,0,0,1
19.0,Female,161.2,67.8,26.1,1-2 times/week,Good,6.2,10.0,No,Moderate,0,2512.0,77.5,1.5,3,2,0,0,1
30.0,Male,181.6,86.1,26.1,3-5 times/week,Good,7.2,1.0,No,Low,0,2188.0,64.3,4.0,3,1,0,0,0
28.0,Male,171.4,47.6,16.2,1-2 times/week,Average,7.1,5.0,Yes,High,0,2658.0,108.1,1.5,2,3,1,0,0
62.0,Female,169.0,70.5,24.7,3-5 times/week,Good,7.0,5.0,Yes,Low,0,1775.0,51.5,4.0,3,1,1,0,1
58.0,Female,162.9,61.8,23.3,3-5 times/week,Excellent,6.7,10.0,Yes,Low,0,1580.0,39.8,4.0,4,1,1,0,1
61.0,Other,163.3,65.3,24.5,1-2 times/week,Excellent,8.2,10.0,No,Moderate,0,1864.0,55.8,1.5,4,2,0,0,2
23.0,Other,170.1,91.7,31.7,3-5 times/week,Average,5.1,5.0,Yes,Low,0,3005.0,101.9,4.0,2,1,1,0,2
51.0,Female,163.3,59.5,22.3,Daily,Good,7.4,8.0,No,Low,0,2004.0,54.4,7.0,3,1,0,0,1
61.0,Other,176.2,56.5,18.2,1-2 times/week,Good,6.0,4.0,No,Low,0,1767.0,53.4,1.5,3,1,0,0,2
40.0,Female,162.6,78.5,29.7,3-5 times/week,Average,6.3,5.0,No,Low,0,1820.0,59.5,4.0,2,1,0,0,1
29.0,Female,159.4,38.1,15.0,3-5 times/week,Excellent,6.2,8.0,No,Moderate,0,1842.0,45.5,4.0,4,2,0,0,1
31.0,Other,171.7,89.9,30.5,Daily,Poor,6.7,9.0,No,High,0,3484.0,159.1,7.0,1,3,0,0,2
37.0,Other,175.5,98.3,31.9,3-5 times/week,Average,6.7,10.0,Yes,Low,1,2733.0,105.2,4.0,2,1,1,1,2
35.0,Other,155.8,68.7,28.3,Daily,Good,5.8,7.0,Yes,Moderate,0,2569.0,66.6,7.0,3,2,1,0,2
35.0,Male,175.3,119.8,39.0,3-5 times/week,Excellent,6.3,7.0,No,High,1,2554.0,67.5,4.0,4,3,0,1,0
39.0,Male,186.2,80.4,23.2,1-2 times/week,Poor,7.5,3.0,No,Moderate,0,2774.0,115.9,1.5,1,2,0,0,0
67.0,Other,171.6,97.2,33.0,3-5 times/week,Poor,7.4,2.0,No,Moderate,0,3044.0,132.4,4.0,1,2,0,0,2
29.0,Other,160.7,67.4,26.1,3-5 times/week,Average,8.5,2.0,No,Low,0,2070.0,70.1,4.0,2,1,0,0,2
26.0,Female,154.2,66.1,27.8,Daily,Average,8.0,7.0,No,High,0,2516.0,86.9,7.0,2,3,0,0,1
34.0,Other,159.6,84.1,33.0,3-5 times/week,Excellent,5.3,7.0,No,Low,1,1505.0,34.3,4.0,4,1,0,1,2
57.0,Male,173.4,93.8,31.2,3-5 times/week,Excellent,4.7,4.0,No,Moderate,0,3065.0,67.6,4.0,4,2,0,0,0
65.0,Other,165.3,76.5,28.0,3-5 times/week,Good,7.4,5.0,Yes,Moderate,1,2504.0,109.8,4.0,3,2,1,1,2
58.0,Male,166.6,98.0,35.3,3-5 times/week,Poor,7.7,10.0,Yes,Moderate,0,3150.0,122.2,4.0,1,2,1,0,0
34.0,Other,163.2,84.7,31.8,3-5 times/week,Poor,5.4,2.0,No,Moderate,0,2691.0,115.0,4.0,1,2,0,0,2
35.0,Female,167.8,63.6,22.6,3-5 times/week,Excellent,6.9,6.0,No,Moderate,0,1718.0,28.2,4.0,4,2,0,0,1
21.0,Other,169.3,43.0,15.0,3-5 times/week,Excellent,9.7,5.0,No,Low,0,2282.0,56.9,4.0,4,1,0,0,2
32.0,Other,172.6,92.1,30.9,Daily,Poor,8.6,8.0,Yes,Low,0,3446.0,150.6,7.0,1,1,1,0,2
57.0,Other,171.2,78.8,26.9,Daily,Average,7.0,5.0,No,Low,0,2590.0,93.5,7.0,2,1,0,0,2
41.0,Male,160.6,57.5,22.3,3-5 times/week,Excellent,7.4,3.0,Yes,Low,0,2243.0,52.5,4.0,4,1,1,0,0
66.0,Female,169.5,91.4,31.8,1-2 times/week,Poor,7.0,5.0,No,Moderate,0,2424.0,95.1,1.5,1,2,0,0,1
33.0,Other,168.7,66.6,23.4,3-5 times/week,Excellent,6.2,8.0,No,High,0,2350.0,52.5,4.0,4,3,0,0,2
38.0,Other,167.4,84.1,30.0,3-5 times/week,Poor,7.6,8.0,Yes,High,1,3323.0,142.8,4.0,1,3,1,1,2
42.0,Female,152.8,84.8,36.3,Daily,Poor,6.1,4.0,No,Low,0,2472.0,100.2,7.0,1,1,0,0,1
36.0,Other,174.0,63.3,20.9,1-2 times/week,Good,8.7,6.0,Yes,Low,0,1775.0,38.4,1.5,3,1,1,0,2
34.0,Female,162.1,69.9,26.6,3-5 times/week,Poor,8.4,4.0,Yes,Low,0,2979.0,131.4,4.0,1,1,1,0,1
40.0,Female,160.8,81.2,31.4,3-5 times/week,Average,9.4,4.0,No,High,0,2589.0,95.2,4.0,2,3,0,0,1
69.0,Female,159.2,72.2,28.5,1-2 times/week,Good,6.9,4.0,No,High,0,1988.0,67.1,1.5,3,3,0,0,1
55.0,Male,172.3,106.3,35.8,Daily,Good,5.7,3.0,No,High,0,2821.0,75.1,7.0,3,3,0,0,0
47.0,Male,177.8,78.4,24.8,3-5 times/week,Poor,7.5,3.0,Yes,Moderate,0,2853.0,122.0,4.0,1,2,1,0,0
33.0,Male,167.1,62.0,22.2,Daily,Excellent,6.1,9.0,No,Low,0,2050.0,44.2,7.0,4,1,0,0,0
53.0,Female,160.9,49.7,19.2,3-5 times/week,Poor,6.9,6.0,No,Moderate,0,2656.0,106.0,4.0,1,2,0,0,1
36.0,Female,164.1,44.4,16.5,3-5 times/week,Excellent,8.0,1.0,No,Low,0,1850.0,55.0,4.0,4,1,0,0,1
29.0,Other,160.1,64.8,25.3,1-2 times/week,Good,10.0,1.0,Yes,Low,0,2064.0,53.8,1.5,3,1,1,0,2
34.0,Female,155.8,53.2,21.9,Daily,Poor,7.5,7.0,Yes,Low,0,2402.0,104.4,7.0,1,1,1,0,1
40.0,Male,174.7,102.2,33.5,Daily,Poor,7.0,10.0,No,High,0,3762.0,159.0,7.0,1,3,0,0,0
22.0,Male,178.5,65.6,20.6,3-5 times/week,Excellent,7.4,9.0,No,Low,0,2306.0,48.6,4.0,4,1,0,0,0
35.0,Other,165.0,86.0,31.6,1-2 times/week,Excellent,7.9,8.0,Yes,High,0,2147.0,63.0,1.5,4,3,1,0,2
60.0,Male,164.1,40.4,15.0,Daily,Excellent,7.6,10.0,Yes,Low,0,2668.0,69.2,7.0,4,1,1,0,0
29.0,Female,150.7,47.9,21.1,Daily,Excellent,4.5,3.0,No,Moderate,0,1842.0,44.4,7.0,4,2,0,0,1
39.0,Other,167.6,78.1,27.8,1-2 times/week,Good,6.2,5.0,No,Low,0,1766.0,50.8,1.5,3,1,0,0,2
37.0,Male,165.1,78.5,28.8,3-5 times/week,Good,7.3,10.0,Yes,High,1,3247.0,103.4,4.0,3,3,1,1,0
41.0,Other,185.7,63.1,18.3,Daily,Good,8.0,10.0,No,Low,0,2502.0,72.0,7.0,3,1,0,0,2
60.0,Male,168.7,106.2,37.3,3-5 times/week,Excellent,6.6,2.0,Yes,Low,1,2023.0,49.2,4.0,4,1,1,1,0
65.0,Female,154.2,45.7,19.2,3-5 times/week,Excellent,6.1,3.0,No,High,0,1927.0,46.4,4.0,4,3,0,0,1
40.0,Female,168.7,66.6,23.4,1-2 times/week,Good,7.0,8.0,No,High,0,2598.0,76.9,1.5,3,3,0,0,1
30.0,Other,163.0,90.1,33.9,3-5 times/week,Poor,5.7,5.0,No,High,0,3139.0,126.7,4.0,1,3,0,0,2
55.0,Male,173.2,72.6,24.2,3-5 times/week,Poor,6.1,6.0,No,Low,0,3191.0,133.6,4.0,1,1,0,0,0
52.0,Other,172.4,104.0,35.0,3-5 times/week,Good,5.7,9.0,No,Low,0,2755.0,96.5,4.0,3,1,0,0,2
69.0,Male,174.5,90.7,29.8,Daily,Excellent,9.1,8.0,No,Low,0,2351.0,59.7,7.0,4,1,0,0,0
26.0,Male,171.6,109.5,37.2,3-5 times/week,Average,7.4,6.0,No,High,0,3605.0,121.2,4.0,2,3,0,0,0
59.0,Female,152.2,74.8,32.3,3-5 times/week,Poor,11.0,10.0,No,Moderate,0,2350.0,105.8,4.0,1,2,0,0,1
38.0,Male,178.5,100.7,31.6,3-5 times/week,Excellent,9.4,7.0,No,Low,1,2087.0,41.6,4.0,4,1,0,1,0
24.0,Female,159.9,57.3,22.4,3-5 times/week,Good,6.8,1.0,Yes,Low,1,2051.0,57.2,4.0,3,1,1,1,1
42.0,Other,163.8,87.2,32.5,3-5 times/week,Good,6.5,1.0,No,Low,1,2187.0,70.5,4.0,3,1,0,1,2
66.0,Other,169.2,83.9,29.3,3-5 times/week,Poor,5.5,3.0,No,Low,0,2421.0,107.5,4.0,1,1,0,0,2
33.0,Female,158.6,56.3,22.4,1-2 times/week,Good,8.4,8.0,No,Low,0,2303.0,64.4,1.5,3,1,0,0,1
62.0,Other,168.9,59.3,20.8,Daily,Good,6.5,2.0,Yes,Low,0,2314.0,70.5,7.0,3,1,1,0,2
51.0,Other,168.8,77.5,27.2,3-5 times/week,Average,9.3,4.0,No,Moderate,0,2289.0,87.3,4.0,2,2,0,0,2
55.0,Female,159.6,54.0,21.2,Daily,Good,8.4,6.0,No,Moderate,1,2355.0,64.6,7.0,3,2,0,1,1
54.0,Female,165.4,73.3,26.8,Daily,Poor,6.2,4.0,No,High,0,3194.0,135.0,7.0,1,3,0,0,1
41.0,Other,155.4,61.6,25.5,Daily,Poor,7.8,6.0,Yes,Low,0,2681.0,111.1,7.0,1,1,1,0,2
25.0,Male,183.7,157.6,44.3,3-5 times/week,Excellent,6.1,6.0,No,High,0,2765.0,71.5,4.0,4,3,0,0,0
28.0,Male,165.2,80.0,29.3,Daily,Poor,9.0,2.0,No,Low,0,3088.0,137.7,7.0,1,1,0,0,0
43.0,Other,170.4,95.2,32.8,3-5 times/week,Good,7.9,6.0,No,Moderate,0,1911.0,42.2,4.0,3,2,0,0,2
46.0,Male,178.0,124.2,39.2,1-2 times/week,Good,5.7,8.0,Yes,High,0,3310.0,144.6,1.5,3,3,1,0,0
19.0,Other,154.2,50.4,21.2,3-5 times/week,Average,6.8,8.0,No,Low,0,2081.0,74.6,4.0,2,1,0,0,2
36.0,Female,160.2,54.9,21.4,3-5 times/week,Good,6.6,8.0,No,Moderate,0,1321.0,26.2,4.0,3,2,0,0,1
54.0,Female,164.9,83.8,30.8,3-5 times/week,Average,7.7,6.0,No,Low,0,2055.0,83.4,4.0,2,1,0,0,1
43.0,Other,177.6,66.2,21.0,Daily,Good,5.9,9.0,No,Moderate,0,2439.0,65.1,7.0,3,2,0,0,2
32.0,Male,172.5,95.2,32.0,Daily,Poor,7.6,10.0,Yes,Low,0,3358.0,143.1,7.0,1,1,1,0,0
25.0,Other,164.0,47.3,17.6,3-5 times/week,Good,8.2,6.0,No,Low,0,2038.0,54.4,4.0,3,1,0,0,2
55.0,Other,185.9,99.2,28.7,3-5 times/week,Good,5.8,8.0,Yes,Low,0,2096.0,63.6,4.0,3,1,1,0,2
52.0,Female,155.4,58.7,24.3,3-5 times/week,Average,8.8,10.0,No,Low,0,2357.0,79.2,4.0,2,1,0,0,1
57.0,Male,174.1,88.2,29.1,Daily,Poor,7.0,2.0,No,Low,0,2939.0,122.3,7.0,1,1,0,0,0
40.0,Male,166.3,77.2,27.9,3-5 times/week,Good,8.1,9.0,No,Moderate,0,2483.0,64.4,4.0,3,2,0,0,0
26.0,Other,171.4,82.6,28.1,3-5 times/week,Average,7.8,4.0,No,Low,0,3049.0,118.2,4.0,2,1,0,0,2
31.0,Male,177.1,120.4,38.4,1-2 times/week,Good,5.5,4.0,No,Low,0,2559.0,71.2,1.5,3,1,0,0,0
34.0,Other,154.1,72.9,30.7,3-5 times/week,Average,7.5,5.0,No,Low,0,2343.0,86.9,4.0,2,1,0,0,2
46.0,Female,170.0,75.4,26.1,Daily,Good,7.0,5.0,No,Low,0,3028.0,101.4,7.0,3,1,0,0,1
61.0,Male,173.4,71.6,23.8,3-5 times/week,Poor,6.7,4.0,No,Low,0,2799.0,114.0,4.0,1,1,0,0,0
19.0,Other,162.9,85.2,32.1,Daily,Average,7.9,6.0,No,High,0,3110.0,108.4,7.0,2,3,0,0,2
52.0,Male,174.9,98.8,32.3,3-5 times/week,Excellent,5.3,5.0,No,Low,0,1582.0,43.4,4.0,4,1,0,0,0
32.0,Female,161.5,78.8,30.2,3-5 times/week,Good,8.1,10.0,Yes,Low,0,1601.0,31.4,4.0,3,1,1,0,1
49.0,Female,161.5,90.8,34.8,3-5 times/week,Average,8.1,2.0,Yes,High,0,2529.0,91.7,4.0,2,3,1,0,1
59.0,Male,165.1,67.9,24.9,Daily,Excellent,9.1,3.0,Yes,Low,0,2314.0,51.6,7.0,4,1,1,0,0
49.0,Other,165.2,80.0,29.3,1-2 times/week,Average,8.1,10.0,Yes,High,0,2462.0,86.6,1.5,2,3,1,0,2
39.0,Female,158.5,46.5,18.5,1-2 times/week,Good,5.0,1.0,No,High,0,2170.0,56.1,1.5,3,3,0,0,1
41.0,Female,160.0,38.9,15.2,Daily,Good,7.2,8.0,No,Low,0,2101.0,60.6,7.0,3,1,0,0,1
23.0,Female,165.1,84.0,30.8,Daily,Good,7.0,6.0,Yes,High,0,3126.0,95.7,7.0,3,3,1,0,1
53.0,Male,171.4,130.4,44.3,None,Poor,5.0,5.0,No,Low,1,3214.0,127.3,0.0,1,1,0,1,0
52.0,Other,178.9,76.2,23.8,Daily,Poor,6.8,1.0,No,Moderate,0,3439.0,146.4,7.0,1,2,0,0,2
19.0,Female,161.0,39.9,15.4,Daily,Excellent,7.2,6.0,No,Moderate,0,2741.0,72.1,7.0,4,2,0,0,1
26.0,Other,159.7,95.6,37.5,3-5 times/week,Poor,8.4,8.0,No,Low,0,2681.0,109.9,4.0,1,1,0,0,2
33.0,Female,156.2,69.5,28.5,3-5 times/week,Average,4.4,7.0,No,Low,1,2122.0,76.4,4.0,2,1,0,1,1
68.0,Male,169.1,81.8,28.6,3-5 times/week,Good,6.7,3.0,No,Low,1,1951.0,60.6,4.0,3,1,0,1,0
45.0,Male,173.5,87.9,29.2,1-2 times/week,Good,5.3,4.0,No,Low,1,2991.0,79.1,1.5,3,1,0,1,0
31.0,Other,158.1,52.0,20.8,3-5 times/week,Excellent,7.2,10.0,No,Low,0,1727.0,57.4,4.0,4,1,0,0,2
32.0,Other,174.8,106.3,34.8,3-5 times/week,Average,6.8,9.0,No,Moderate,1,2950.0,101.5,4.0,2,2,0,1,2
36.0,Female,157.4,77.0,31.1,1-2 times/week,Excellent,9.2,5.0,No,High,0,1977.0,49.1,1.5,4,3,0,0,1
34.0,Female,152.1,73.6,31.8,1-2 times/week,Poor,6.8,3.0,No,Low,0,2515.0,112.6,1.5,1,1,0,0,1
48.0,Male,173.9,102.5,33.9,1-2 times/week,Average,8.9,4.0,No,Moderate,0,2917.0,106.8,1.5,2,2,0,0,0
33.0,Female,165.3,68.3,25.0,1-2 times/week,Excellent,7.3,3.0,No,Moderate,1,1691.0,30.0,1.5,4,2,0,1,1
25.0,Female,165.8,59.7,21.7,1-2 times/week,Average,8.2,3.0,No,Low,0,2277.0,82.0,1.5,2,1,0,0,1
62.0,Female,154.7,57.0,23.8,1-2 times/week,Good,8.1,3.0,No,Low,0,1795.0,43.1,1.5,3,1,0,0,1
24.0,Other,161.7,46.0,17.6,Daily,Excellent,8.2,9.0,No,Low,0,2027.0,56.0,7.0,4,1,0,0,2
55.0,Male,168.7,55.8,19.6,Daily,Excellent,7.8,4.0,No,High,0,2809.0,72.5,7.0,4,3,0,0,0
55.0,Other,168.7,55.2,19.4,Daily,Good,7.0,2.0,No,High,0,2181.0,63.4,7.0,3,3,0,0,2
51.0,Other,160.4,86.7,33.7,3-5 times/week,Good,8.1,4.0,No,Low,1,2888.0,126.1,4.0,3,1,0,1,2
58.0,Other,154.5,76.4,32.0,3-5 times/week,Average,6.4,5.0,Yes,High,0,2855.0,100.1,4.0,2,3,1,0,2
63.0,Other,159.3,65.5,25.8,3-5 times/week,Good,8.1,9.0,Yes,High,0,2852.0,77.5,4.0,3,3,1,0,2
41.0,Female,153.3,69.3,29.5,3-5 times/week,Poor,7.5,3.0,No,Moderate,1,2475.0,96.6,4.0,1,2,0,1,1
21.0,Male,170.6,89.6,30.8,3-5 times/week,Poor,8.0,8.0,No,Low,0,2984.0,120.0,4.0,1,1,0,0,0
53.0,Other,175.8,92.1,29.8,3-5 times/week,Good,5.7,9.0,No,Low,0,2173.0,51.2,4.0,3,1,0,0,2
25.0,Male,162.6,75.6,28.6,3-5 times/week,Average,8.0,1.0,No,High,0,2702.0,98.3,4.0,2,3,0,0,0
61.0,Other,145.0,35.5,16.9,Daily,Good,7.9,6.0,No,Low,0,2119.0,49.8,7.0,3,1,0,0,2
26.0,Other,161.1,66.4,25.6,3-5 times/week,Average,5.7,5.0,No,Low,0,2698.0,97.1,4.0,2,1,0,0,2
52.0,Other,174.4,77.6,25.5,3-5 times/week,Good,7.0,6.0,No,Moderate,0,2851.0,66.8,4.0,3,2,0,0,2
54.0,Female,155.8,87.9,36.2,3-5 times/week,Poor,6.2,10.0,No,Low,0,2474.0,102.7,4.0,1,1,0,0,1
25.0,Male,170.7,52.4,18.0,3-5 times/week,Excellent,6.6,2.0,No,High,1,2940.0,75.3,4.0,4,3,0,1,0
24.0,Other,166.0,44.1,16.0,Daily,Excellent,4.9,1.0,Yes,Low,0,2340.0,61.5,7.0,4,1,1,0,2
26.0,Male,172.7,79.3,26.6,3-5 times/week,Good,9.2,8.0,No,Low,0,2293.0,69.4,4.0,3,1,0,0,0
64.0,Female,169.2,85.9,30.0,3-5 times/week,Excellent,8.3,6.0,No,Low,0,1361.0,28.3,4.0,4,1,0,0,1
47.0,Female,155.0,66.1,27.5,Daily,Average,6.3,6.0,No,High,0,3429.0,124.6,7.0,2,3,0,0,1
40.0,Female,165.7,97.7,35.6,Daily,Poor,6.8,1.0,No,High,0,3281.0,133.8,7.0,1,3,0,0,1
35.0,Female,151.6,57.2,24.9,1-2 times/week,Good,7.8,2.0,No,Low,0,1708.0,41.7,1.5,3,1,0,0,1
18.0,Other,165.7,70.3,25.6,Daily,Average,6.9,9.0,Yes,Low,0,2851.0,103.4,7.0,2,1,1,0,2
30.0,Other,173.9,99.5,32.9,3-5 times/week,Poor,6.9,10.0,Yes,Moderate,0,3437.0,143.4,4.0,1,2,1,0,2
64.0,Female,157.5,78.9,31.8,Daily,Good,6.2,6.0,No,Low,0,1381.0,47.2,7.0,3,1,0,0,1
56.0,Female,153.5,65.3,27.7,1-2 times/week,Good,6.5,10.0,Yes,Low,0,1945.0,47.4,1.5,3,1,1,0,1
67.0,Male,168.0,94.8,33.6,3-5 times/week,Average,7.2,5.0,No,High,0,2891.0,100.1,4.0,2,3,0,0,0
25.0,Female,158.2,78.6,31.4,3-5 times/week,Good,5.3,8.0,Yes,High,0,2945.0,111.4,4.0,3,3,1,0,1
21.0,Male,170.1,93.7,32.4,3-5 times/week,Good,6.5,9.0,No,Low,0,2226.0,62.1,4.0,3,1,0,0,0
55.0,Other,147.1,59.5,27.5,1-2 times/week,Excellent,7.0,2.0,No,Moderate,0,2140.0,58.2,1.5,4,2,0,0,2
56.0,Male,166.7,75.6,27.2,3-5 times/week,Poor,7.8,6.0,No,Low,0,2856.0,120.8,4.0,1,1,0,0,0
55.0,Other,149.9,44.5,19.8,1-2 times/week,Excellent,7.2,10.0,No,Moderate,0,1960.0,52.7,1.5,4,2,0,0,2
52.0,Male,175.3,67.3,21.9,1-2 times/week,Good,8.0,5.0,No,Low,0,2569.0,72.9,1.5,3,1,0,0,0
47.0,Female,157.4,61.9,25.0,3-5 times/week,Excellent,6.6,3.0,No,Low,1,1897.0,50.3,4.0,4,1,0,1,1
43.0,Female,165.2,44.5,16.3,Daily,Average,7.3,6.0,No,Low,0,2578.0,82.8,7.0,2,1,0,0,1
25.0,Male,172.1,112.3,37.9,3-5 times/week,Good,6.2,7.0,No,Low,0,3118.0,89.1,4.0,3,1,0,0,0
30.0,Male,166.8,87.9,31.6,3-5 times/week,Poor,8.4,4.0,No,Low,0,2845.0,114.4,4.0,1,1,0,0,0
67.0,Female,148.4,49.8,22.6,Daily,Excellent,6.1,2.0,No,Low,1,1404.0,39.5,7.0,4,1,0,1,1
63.0,Other,163.2,49.5,18.6,3-5 times/week,Good,5.2,3.0,No,Low,0,1927.0,59.0,4.0,3,1,0,0,2
30.0,Other,166.6,114.4,41.2,3-5 times/week,Poor,7.0,3.0,Yes,Moderate,0,2902.0,117.1,4.0,1,2,1,0,2
18.0,Male,174.1,91.8,30.3,1-2 times/week,Poor,7.3,6.0,Yes,Moderate,0,2901.0,132.6,1.5,1,2,1,0,0
68.0,Female,163.5,76.7,28.7,3-5 times/week,Good,7.6,5.0,No,Low,0,2008.0,79.0,4.0,3,1,0,0,1
33.0,Female,152.8,43.0,18.4,Daily,Average,4.8,5.0,No,Low,0,2399.0,91.7,7.0,2,1,0,0,1
32.0,Male,173.3,73.3,24.4,1-2 times/week,Average,6.6,1.0,Yes,Low,0,2825.0,98.2,1.5,2,1,1,0,0
63.0,Other,174.6,101.5,33.3,3-5 times/week,Good,5.3,3.0,Yes,Moderate,0,2282.0,75.2,4.0,3,2,1,0,2
69.0,Male,162.8,58.8,22.2,Daily,Good,7.9,6.0,No,Moderate,0,3038.0,93.5,7.0,3,2,0,0,0
27.0,Female,160.3,80.4,31.3,3-5 times/week,Average,7.4,9.0,No,Low,1,2248.0,87.9,4.0,2,1,0,1,1
56.0,Female,154.0,48.4,20.4,1-2 times/week,Good,7.1,1.0,No,Moderate,0,1939.0,52.7,1.5,3,2,0,0,1
29.0,Other,162.7,76.0,28.7,3-5 times/week,Poor,6.9,2.0,No,Low,0,2908.0,134.5,4.0,1,1,0,0,2
55.0,Female,165.5,84.9,31.0,3-5 times/week,Average,5.9,6.0,No,Low,1,2239.0,67.1,4.0,2,1,0,1,1
42.0,Other,159.0,103.1,40.8,3-5 times/week,Good,4.7,2.0,No,High,0,2515.0,71.9,4.0,3,3,0,0,2
34.0,Female,160.1,56.9,22.2,Daily,Good,6.5,7.0,No,Low,0,2642.0,118.3,7.0,3,1,0,0,1
21.0,Male,170.0,71.4,24.7,Daily,Excellent,7.5,5.0,No,Low,0,2253.0,47.9,7.0,4,1,0,0,0
32.0,Female,154.6,67.9,28.4,1-2 times/week,Good,7.8,5.0,No,Low,0,2105.0,56.0,1.5,3,1,0,0,1
56.0,Other,155.9,80.7,33.2,Daily,Average,7.3,9.0,No,Moderate,0,2883.0,97.3,7.0,2,2,0,0,2
18.0,Other,169.0,105.4,36.9,3-5 times/week,Excellent,7.2,7.0,No,High,0,2030.0,50.8,4.0,4,3,0,0,2
48.0,Other,163.3,99.5,37.3,3-5 times/week,Average,8.5,9.0,No,High,0,2620.0,98.0,4.0,2,3,0,0,2
51.0,Female,151.9,73.6,31.9,Daily,Poor,7.5,4.0,No,Low,0,3101.0,125.5,7.0,1,1,0,0,1
69.0,Male,167.4,119.7,42.7,3-5 times/week,Good,5.4,6.0,No,High,0,2041.0,68.5,4.0,3,3,0,0,0
43.0,Female,157.0,72.2,29.3,1-2 times/week,Average,6.1,3.0,Yes,High,0,2418.0,83.0,1.5,2,3,1,0,1
47.0,Female,158.4,47.2,18.8,3-5 times/week,Good,7.4,3.0,No,Moderate,1,2561.0,77.1,4.0,3,2,0,1,1
21.0,Other,160.9,53.8,20.8,1-2 times/week,Average,7.4,4.0,No,Low,0,2155.0,77.6,1.5,2,1,0,0,2
67.0,Female,161.8,52.1,19.9,Daily,Excellent,6.9,6.0,No,High,0,2095.0,50.8,7.0,4,3,0,0,1
38.0,Male,180.8,73.2,22.4,1-2 times/week,Good,7.7,4.0,No,Moderate,0,2490.0,76.0,1.5,3,2,0,0,0
46.0,Male,178.3,86.5,27.2,Daily,Good,5.7,2.0,No,Low,0,2846.0,74.8,7.0,3,1,0,0,0
38.0,Female,149.4,52.9,23.7,Daily,Good,7.8,1.0,No,High,0,2375.0,71.2,7.0,3,3,0,0,1
68.0,Other,164.6,57.4,21.2,1-2 times/week,Good,8.3,4.0,No,Moderate,0,1748.0,47.5,1.5,3,2,0,0,2
53.0,Other,165.3,85.5,31.3,3-5 times/week,Excellent,8.3,2.0,No,High,1,2015.0,48.6,4.0,4,3,0,1,2
21.0,Other,172.0,109.5,37.0,3-5 times/week,Poor,8.5,4.0,No,High,0,3412.0,143.7,4.0,1,3,0,0,2
34.0,Male,168.3,42.5,15.0,Daily,Excellent,7.0,2.0,No,Low,0,2330.0,59.5,7.0,4,1,0,0,0
65.0,Male,169.7,94.5,32.8,3-5 times/week,Good,6.6,4.0,Yes,Moderate,1,2306.0,81.2,4.0,3,2,1,1,0
43.0,Other,169.3,57.3,20.0,3-5 times/week,Good,7.0,2.0,No,Low,0,2420.0,68.2,4.0,3,1,0,0,2
62.0,Female,157.4,75.8,30.6,1-2 times/week,Good,6.4,3.0,No,Low,0,2064.0,50.4,1.5,3,1,0,0,1
20.0,Female,167.2,84.1,30.1,3-5 times/week,Poor,11.0,4.0,Yes,Low,1,2890.0,115.2,4.0,1,1,1,1,1
30.0,Other,172.8,114.7,38.4,3-5 times/week,Good,4.9,6.0,No,High,1,3062.0,120.1,4.0,3,3,0,1,2
56.0,Other,158.3,63.1,25.2,Daily,Good,9.1,6.0,Yes,Low,1,2733.0,98.2,7.0,3,1,1,1,2
51.0,Male,174.8,81.6,26.7,3-5 times/week,Excellent,7.0,9.0,No,High,0,2505.0,76.1,4.0,4,3,0,0,0
20.0,Female,154.9,60.2,25.1,3-5 times/week,Excellent,6.6,4.0,No,High,1,2628.0,62.7,4.0,4,3,0,1,1
24.0,Female,154.0,56.7,23.9,3-5 times/week,Excellent,7.2,6.0,No,Low,0,1635.0,39.2,4.0,4,1,0,0,1
62.0,Male,154.0,51.9,21.9,3-5 times/week,Good,7.3,2.0,No,Moderate,0,2157.0,57.1,4.0,3,2,0,0,0
36.0,Female,162.8,74.7,28.2,3-5 times/week,Average,5.8,1.0,No,Low,0,1820.0,68.6,4.0,2,1,0,0,1
33.0,Other,165.3,50.3,18.4,3-5 times/week,Good,6.7,3.0,No,Low,0,2243.0,66.4,4.0,3,1,0,0,2
26.0,Other,149.2,65.7,29.5,Daily,Good,5.1,7.0,No,Low,0,3421.0,121.4,7.0,3,1,0,0,2
21.0,Female,168.2,69.0,24.4,Daily,Excellent,5.4,8.0,No,High,0,2497.0,55.5,7.0,4,3,0,0,1
20.0,Male,171.7,71.0,24.1,Daily,Poor,7.5,1.0,Yes,Low,0,3635.0,143.5,7.0,1,1,1,0,0
62.0,Female,163.6,90.7,33.9,3-5 times/week,Average,5.7,2.0,No,High,0,2694.0,99.9,4.0,2,3,0,0,1
26.0,Female,159.3,56.1,22.1,1-2 times/week,Poor,6.3,7.0,Yes,Low,0,2416.0,97.4,1.5,1,1,1,0,1
46.0,Female,166.3,58.9,21.3,Daily,Good,8.5,5.0,No,Moderate,0,2361.0,59.8,7.0,3,2,0,0,1
24.0,Other,149.8,66.4,29.6,1-2 times/week,Average,6.6,1.0,No,Low,0,2700.0,94.8,1.5,2,1,0,0,2
29.0,Male,187.5,131.1,37.3,3-5 times/week,Poor,5.4,1.0,No,High,0,3478.0,153.4,4.0,1,3,0,0,0
61.0,Female,170.9,85.6,29.3,1-2 times/week,Poor,7.1,8.0,Yes,Low,1,2715.0,107.5,1.5,1,1,1,1,1
68.0,Male,178.7,70.3,22.0,Daily,Average,8.1,3.0,Yes,High,0,2898.0,102.9,7.0,2,3,1,0,0
42.0,Female,163.0,61.6,23.2,1-2 times/week,Poor,6.5,9.0,No,Low,1,1989.0,83.2,1.5,1,1,0,1,1
40.0,Male,165.8,77.8,28.3,Daily,Poor,5.4,8.0,No,High,0,3694.0,158.4,7.0,1,3,0,0,0
32.0,Female,171.1,96.3,32.9,3-5 times/week,Excellent,5.9,10.0,Yes,Low,0,2200.0,63.7,4.0,4,1,1,0,1
45.0,Male,176.2,96.2,31.0,3-5 times/week,Good,5.4,6.0,No,Low,0,2742.0,72.5,4.0,3,1,0,0,0
53.0,Other,168.9,80.7,28.3,Daily,Poor,8.9,3.0,No,Moderate,0,3087.0,134.9,7.0,1,2,0,0,2
66.0,Female,168.7,99.9,35.1,1-2 times/week,Poor,6.4,6.0,No,Low,0,2705.0,126.2,1.5,1,1,0,0,1
39.0,Female,163.6,40.1,15.0,Daily,Excellent,7.7,3.0,No,Low,0,2443.0,56.8,7.0,4,1,0,0,1
40.0,Other,176.2,84.4,27.2,3-5 times/week,Average,6.2,2.0,Yes,Moderate,0,2576.0,95.8,4.0,2,2,1,0,2
18.0,Other,164.1,74.3,27.6,3-5 times/week,Average,8.2,4.0,Yes,High,0,2547.0,98.3,4.0,2,3,1,0,2
63.0,Other,174.4,58.7,19.3,Daily,Poor,7.5,1.0,No,Moderate,0,2820.0,124.0,7.0,1,2,0,0,2
64.0,Female,155.5,69.4,28.7,Daily,Poor,6.5,6.0,No,Low,0,2708.0,125.4,7.0,1,1,0,0,1
46.0,Male,177.6,119.9,38.0,1-2 times/week,Poor,7.2,6.0,No,High,0,3682.0,149.9,1.5,1,3,0,0,0
19.0,Male,168.4,94.4,33.3,3-5 times/week,Poor,8.0,7.0,No,Low,0,2946.0,127.8,4.0,1,1,0,0,0
49.0,Male,175.3,106.0,34.5,3-5 times/week,Poor,6.8,7.0,No,High,0,3351.0,147.5,4.0,1,3,0,0,0
58.0,Male,164.1,73.8,27.4,1-2 times/week,Average,6.2,1.0,No,Moderate,0,2591.0,91.0,1.5,2,2,0,0,0
19.0,Female,153.4,48.9,20.8,1-2 times/week,Good,7.0,1.0,Yes,Moderate,0,1658.0,48.5,1.5,3,2,1,0,1
64.0,Male,165.8,70.4,25.6,3-5 times/week,Poor,6.5,4.0,No,Low,0,2865.0,126.2,4.0,1,1,0,0,0
43.0,Male,174.3,107.2,35.3,1-2 times/week,Poor,7.1,6.0,No,Low,0,2804.0,126.9,1.5,1,1,0,0,0
31.0,Male,177.8,58.8,18.6,1-2 times/week,Excellent,6.0,9.0,No,Low,0,2324.0,51.3,1.5,4,1,0,0,0
65.0,Male,180.9,150.9,44.3,3-5 times/week,Good,9.8,1.0,Yes,Moderate,1,2297.0,56.9,4.0,3,2,1,1,0
37.0,Male,182.9,108.7,32.5,3-5 times/week,Excellent,6.6,8.0,No,Moderate,0,2817.0,63.6,4.0,4,2,0,0,0
35.0,Other,164.6,83.2,30.7,1-2 times/week,Poor,7.1,6.0,No,High,0,2737.0,117.9,1.5,1,3,0,0,2
68.0,Female,170.3,89.9,31.0,3-5 times/week,Average,6.3,7.0,No,High,0,2231.0,83.7,4.0,2,3,0,0,1
64.0,Female,153.6,86.4,36.6,3-5 times/week,Good,6.4,4.0,Yes,High,0,1831.0,58.2,4.0,3,3,1,0,1
28.0,Other,163.5,76.5,28.6,1-2 times/week,Excellent,8.8,2.0,No,High,1,2251.0,53.9,1.5,4,3,0,1,2
53.0,Male,181.2,69.9,21.3,Daily,Average,8.1,7.0,No,Low,0,3149.0,110.6,7.0,2,1,0,0,0
41.0,Female,156.6,62.0,25.3,3-5 times/week,Excellent,10.0,3.0,No,Moderate,0,1919.0,46.1,4.0,4,2,0,0,1
32.0,Male,173.9,67.4,22.3,Daily,Excellent,7.0,1.0,No,Low,1,2690.0,75.0,7.0,4,1,0,1,0
36.0,Female,159.1,61.3,24.2,1-2 times/week,Good,7.9,7.0,No,Low,0,1715.0,50.3,1.5,3,1,0,0,1
44.0,Male,166.2,79.6,28.8,Daily,Poor,4.6,3.0,No,High,0,3508.0,144.0,7.0,1,3,0,0,0
37.0,Female,165.4,66.2,24.2,1-2 times/week,Average,8.5,1.0,No,Moderate,1,2160.0,80.0,1.5,2,2,0,1,1
66.0,Female,168.3,78.2,27.6,3-5 times/week,Excellent,7.0,6.0,No,Low,0,1594.0,46.0,4.0,4,1,0,0,1
52.0,Male,156.9,61.5,25.0,Daily,Good,6.5,6.0,Yes,None,0,2155.0,62.4,7.0,3,0,1,0,0
62.0,Other,158.5,87.2,34.7,3-5 times/week,Average,5.6,2.0,No,High,0,2045.0,57.2,4.0,2,3,0,0,2
53.0,Female,156.5,64.7,26.4,3-5 times/week,Good,8.1,8.0,Yes,Low,1,2337.0,68.3,4.0,3,1,1,1,1
59.0,Other,150.8,71.4,31.4,3-5 times/week,Excellent,9.1,7.0,Yes,Moderate,0,1628.0,35.7,4.0,4,2,1,0,2
57.0,Female,160.3,77.1,30.0,Daily,Average,6.6,9.0,No,Moderate,0,2408.0,84.8,7.0,2,2,0,0,1
67.0,Female,163.0,57.4,21.6,1-2 times/week,Good,7.1,7.0,No,Low,0,2162.0,50.9,1.5,3,1,0,0,1
52.0,Male,175.9,97.5,31.5,1-2 times/week,Excellent,7.0,9.0,Yes,Moderate,0,2486.0,63.9,1.5,4,2,1,0,0
62.0,Female,160.4,65.6,25.5,3-5 times/week,Poor,8.2,1.0,No,Low,1,1475.0,39.2,4.0,1,1,0,1,1
24.0,Female,152.9,35.1,15.0,3-5 times/week,Average,7.1,5.0,Yes,Moderate,0,1896.0,60.5,4.0,2,2,1,0,1
46.0,Other,167.0,82.0,29.4,1-2 times/week,Good,6.5,8.0,No,High,0,2805.0,113.9,1.5,3,3,0,0,2
38.0,Male,173.4,55.0,18.3,Daily,Poor,7.0,10.0,No,Low,0,2622.0,80.3,7.0,1,1,0,0,0
41.0,Male,175.0,76.6,25.0,1-2 times/week,Good,6.0,1.0,No,Moderate,0,2539.0,87.4,1.5,3,2,0,0,0
63.0,Male,171.0,70.8,24.2,3-5 times/week,Excellent,7.2,3.0,No,Low,0,1942.0,49.3,4.0,4,1,0,0,0
18.0,Other,155.9,68.8,28.3,3-5 times/week,Poor,7.0,6.0,Yes,High,0,2967.0,127.8,4.0,1,3,1,0,2
34.0,Other,169.5,104.9,36.5,3-5 times/week,Poor,6.3,6.0,No,Low,0,2298.0,104.6,4.0,1,1,0,0,2
52.0,Other,164.7,103.6,38.2,1-2 times/week,Poor,6.7,5.0,No,Low,0,2416.0,95.2,1.5,1,1,0,0,2
23.0,Male,169.7,87.3,30.3,3-5 times/week,Excellent,5.8,6.0,No,Moderate,0,1828.0,31.2,4.0,4,2,0,0,0
39.0,Male,170.0,80.6,27.9,3-5 times/week,Good,8.1,1.0,Yes,High,0,2860.0,98.0,4.0,3,3,1,0,0
53.0,Other,156.4,52.6,21.5,Daily,Average,6.0,1.0,No,Low,1,2502.0,77.2,7.0,2,1,0,1,2
22.0,Male,179.6,74.2,23.0,3-5 times/week,Good,6.5,5.0,No,Moderate,1,3438.0,93.2,4.0,3,2,0,1,0
31.0,Female,161.7,76.1,29.1,1-2 times/week,Average,8.4,4.0,No,Low,0,2338.0,87.9,1.5,2,1,0,0,1
18.0,Other,159.7,84.9,33.3,3-5 times/week,Poor,6.5,9.0,No,Low,0,3043.0,124.3,4.0,1,1,0,0,2
60.0,Female,145.4,70.0,33.1,3-5 times/week,Poor,8.3,6.0,Yes,Low,0,2016.0,84.7,4.0,1,1,1,0,1
52.0,Other,161.8,67.3,25.7,3-5 times/week,Excellent,6.0,2.0,Yes,High,0,2229.0,56.4,4.0,4,3,1,0,2
22.0,Other,172.0,63.9,21.6,1-2 times/week,Excellent,7.8,5.0,Yes,Low,0,2278.0,49.5,1.5,4,1,1,0,2
26.0,Other,164.6,90.2,33.3,3-5 times/week,Good,7.2,6.0,Yes,Moderate,0,2789.0,83.2,4.0,3,2,1,0,2
45.0,Female,157.9,63.8,25.6,3-5 times/week,Average,7.1,4.0,No,Moderate,0,2730.0,94.7,4.0,2,2,0,0,1
24.0,Female,161.7,55.2,21.1,3-5 times/week,Excellent,7.3,10.0,No,Low,0,1571.0,34.9,4.0,4,1,0,0,1
63.0,Other,165.8,87.1,31.7,Daily,Poor,4.8,10.0,No,Moderate,0,3062.0,130.8,7.0,1,2,0,0,2
32.0,Other,165.8,80.3,29.2,3-5 times/week,Average,5.9,6.0,No,Low,0,2395.0,77.4,4.0,2,1,0,0,2
65.0,Female,154.3,55.5,23.3,3-5 times/week,Average,6.8,1.0,No,Low,0,1876.0,68.7,4.0,2,1,0,0,1
39.0,Male,174.5,105.7,34.7,3-5 times/week,Average,5.2,9.0,No,Moderate,1,2353.0,87.5,4.0,2,2,0,1,0
68.0,Female,166.6,69.7,25.1,Daily,Poor,6.6,4.0,No,Low,0,2176.0,100.1,7.0,1,1,0,0,1
57.0,Female,163.3,65.1,24.4,3-5 times/week,Excellent,7.8,3.0,No,High,0,1901.0,45.6,4.0,4,3,0,0,1
25.0,Female,159.9,63.4,24.8,1-2 times/week,Good,5.4,9.0,Yes,Moderate,0,2269.0,77.3,1.5,3,2,1,0,1
22.0,Male,171.6,64.8,22.0,3-5 times/week,Excellent,7.2,10.0,No,Moderate,0,2591.0,61.7,4.0,4,2,0,0,0
30.0,Male,183.2,59.7,17.8,1-2 times/week,Good,7.0,6.0,No,Low,0,2239.0,66.0,1.5,3,1,0,0,0
47.0,Male,169.4,95.8,33.4,1-2 times/week,Poor,5.3,8.0,Yes,High,0,3355.0,143.9,1.5,1,3,1,0,0
57.0,Female,157.1,60.2,24.4,3-5 times/week,Average,7.3,7.0,No,Low,0,2001.0,75.4,4.0,2,1,0,0,1
44.0,Other,162.7,59.0,22.3,3-5 times/week,Poor,7.9,10.0,No,Low,0,3119.0,132.1,4.0,1,1,0,0,2
23.0,Male,191.6,134.4,36.6,1-2 times/week,Average,6.9,2.0,No,Low,0,2800.0,107.7,1.5,2,1,0,0,0
20.0,Other,152.2,50.3,21.7,Daily,Good,6.5,9.0,Yes,Low,0,2097.0,49.0,7.0,3,1,1,0,2
40.0,Other,176.0,92.6,29.9,3-5 times/week,Average,6.8,6.0,No,Low,0,2485.0,85.0,4.0,2,1,0,0,2
35.0,Other,166.3,65.0,23.5,Daily,Poor,7.0,7.0,Yes,Moderate,0,2890.0,111.8,7.0,1,2,1,0,2
50.0,Other,160.5,51.8,20.1,Daily,Poor,10.0,1.0,No,Low,0,3115.0,129.4,7.0,1,1,0,0,2
69.0,Other,171.5,78.5,26.7,1-2 times/week,Good,7.0,8.0,No,High,0,2042.0,48.8,1.5,3,3,0,0,2
43.0,Other,172.0,90.2,30.5,Daily,Poor,6.3,3.0,No,Low,0,3550.0,148.4,7.0,1,1,0,0,2
45.0,Female,155.0,63.7,26.5,3-5 times/week,Average,7.5,10.0,Yes,Moderate,0,2185.0,85.0,4.0,2,2,1,0,1
52.0,Male,176.8,98.2,31.4,3-5 times/week,Good,6.6,10.0,No,Moderate,0,2454.0,60.4,4.0,3,2,0,0,0
63.0,Other,180.3,87.8,27.0,1-2 times/week,Good,6.9,4.0,No,High,0,2241.0,61.5,1.5,3,3,0,0,2
66.0,Female,163.0,93.3,35.1,3-5 times/week,Poor,6.6,9.0,No,Low,0,1951.0,75.1,4.0,1,1,0,0,1
57.0,Female,165.0,71.9,26.4,3-5 times/week,Average,6.7,3.0,No,Low,0,1991.0,74.6,4.0,2,1,0,0,1
64.0,Male,160.4,70.5,27.4,Daily,Good,8.7,6.0,No,High,0,2408.0,72.4,7.0,3,3,0,0,0
61.0,Female,178.7,130.3,40.8,3-5 times/week,Poor,9.2,3.0,No,Moderate,0,3489.0,151.5,4.0,1,2,0,0,1
62.0,Male,151.2,72.5,31.7,Daily,Average,6.8,8.0,Yes,High,0,3303.0,132.9,7.0,2,3,1,0,0
57.0,Male,176.4,97.7,31.4,1-2 times/week,Good,7.4,1.0,No,Moderate,0,2821.0,80.2,1.5,3,2,0,0,0
34.0,Male,189.5,134.3,37.4,3-5 times/week,Good,6.1,6.0,Yes,High,0,3013.0,112.3,4.0,3,3,1,0,0
30.0,Other,156.8,85.6,34.8,3-5 times/week,Average,7.9,9.0,No,High,0,2766.0,87.3,4.0,2,3,0,0,2
63.0,Female,165.1,77.1,28.3,1-2 times/week,Good,6.9,3.0,Yes,Low,0,1624.0,52.9,1.5,3,1,1,0,1
60.0,Female,161.0,74.9,28.9,3-5 times/week,Good,7.3,8.0,No,Low,0,1825.0,54.3,4.0,3,1,0,0,1
22.0,Male,182.3,86.7,26.1,Daily,Average,8.0,9.0,No,High,0,3213.0,110.1,7.0,2,3,0,0,0
56.0,Male,179.5,93.8,29.1,1-2 times/week,Excellent,6.6,5.0,No,Moderate,1,2586.0,58.5,1.5,4,2,0,1,0
68.0,Other,164.2,64.2,23.8,3-5 times/week,Good,6.9,6.0,No,Low,0,1850.0,48.4,4.0,3,1,0,0,2
42.0,Female,163.0,65.4,24.6,3-5 times/week,Excellent,5.5,8.0,No,High,0,2075.0,51.4,4.0,4,3,0,0,1
34.0,Female,159.3,90.8,35.8,1-2 times/week,Average,7.7,8.0,Yes,Moderate,1,2062.0,74.0,1.5,2,2,1,1,1
42.0,Female,160.3,63.0,24.5,1-2 times/week,Good,7.0,9.0,No,Low,0,1737.0,52.9,1.5,3,1,0,0,1
65.0,Male,171.2,63.6,21.7,3-5 times/week,Excellent,6.7,5.0,Yes,Low,0,2436.0,61.5,4.0,4,1,1,0,0
33.0,Male,168.2,66.8,23.6,3-5 times/week,Good,9.0,3.0,Yes,Low,0,2060.0,63.0,4.0,3,1,1,0,0
51.0,Male,169.3,62.8,21.9,Daily,Good,7.4,3.0,Yes,Moderate,0,2861.0,84.2,7.0,3,2,1,0,0
30.0,Female,168.3,58.1,20.5,3-5 times/week,Good,7.6,10.0,No,High,0,2732.0,84.3,4.0,3,3,0,0,1
54.0,Male,179.0,113.7,35.5,3-5 times/week,Good,6.2,4.0,Yes,High,0,2569.0,72.1,4.0,3,3,1,0,0
54.0,Female,153.6,63.7,27.0,3-5 times/week,Average,7.7,6.0,Yes,Low,0,2290.0,78.9,4.0,2,1,1,0,1
33.0,Female,145.4,40.0,18.9,3-5 times/week,Excellent,5.6,6.0,No,Low,0,1200.0,32.0,4.0,4,1,0,0,1
55.0,Male,182.8,128.0,38.3,3-5 times/week,Poor,7.2,5.0,No,Moderate,1,3508.0,145.0,4.0,1,2,0,1,0
59.0,Female,161.6,51.2,19.6,Daily,Excellent,7.5,4.0,No,Moderate,0,1881.0,46.8,7.0,4,2,0,0,1
33.0,Other,184.1,50.8,15.0,Daily,Average,8.5,8.0,No,High,1,2997.0,103.9,7.0,2,3,0,1,2
58.0,Other,171.1,93.1,31.8,1-2 times/week,Good,7.1,4.0,Yes,High,1,3155.0,136.3,1.5,3,3,1,1,2
66.0,Male,156.7,71.5,29.1,3-5 times/week,Good,8.0,8.0,No,Low,0,1878.0,51.5,4.0,3,1,0,0,0
23.0,Male,172.7,62.9,21.1,Daily,Good,9.1,2.0,No,High,1,2857.0,63.6,7.0,3,3,0,1,0
32.0,Male,182.0,77.2,23.3,Daily,Good,7.7,6.0,No,Moderate,0,2685.0,90.8,7.0,3,2,0,0,0
54.0,Male,172.0,90.8,30.7,3-5 times/week,Good,8.2,9.0,No,Low,0,1948.0,60.2,4.0,3,1,0,0,0
46.0,Female,153.6,61.3,26.0,3-5 times/week,Good,7.5,8.0,No,Low,0,1414.0,40.7,4.0,3,1,0,0,1
54.0,Other,159.5,90.1,35.4,1-2 times/week,Excellent,7.0,1.0,Yes,Moderate,0,1527.0,35.7,1.5,4,2,1,0,2
63.0,Other,167.4,111.3,39.7,3-5 times/week,Poor,5.5,4.0,No,High,0,3025.0,129.0,4.0,1,3,0,0,2
64.0,Other,162.6,102.3,38.7,1-2 times/week,Poor,7.0,7.0,No,Low,0,2969.0,130.1,1.5,1,1,0,0,2
20.0,Female,154.2,65.9,27.7,3-5 times/week,Poor,7.4,4.0,No,Moderate,0,2568.0,103.2,4.0,1,2,0,0,1
57.0,Female,158.2,54.6,21.8,3-5 times/week,Good,7.6,8.0,Yes,Moderate,0,2036.0,76.9,4.0,3,2,1,0,1
66.0,Male,177.8,116.3,36.8,1-2 times/week,Good,6.5,8.0,No,High,0,2915.0,81.2,1.5,3,3,0,0,0
64.0,Female,169.8,117.9,40.9,1-2 times/week,Poor,8.1,8.0,No,High,0,2534.0,111.2,1.5,1,3,0,0,1
19.0,Male,166.8,51.7,18.6,3-5 times/week,Excellent,6.7,10.0,No,Low,0,3063.0,79.0,4.0,4,1,0,0,0
41.0,Female,160.6,104.7,40.6,3-5 times/week,Poor,4.9,1.0,No,Moderate,0,2558.0,104.6,4.0,1,2,0,0,1
21.0,Female,156.4,47.2,19.3,1-2 times/week,Excellent,8.0,7.0,No,Moderate,1,1649.0,36.6,1.5,4,2,0,1,1
41.0,Male,156.6,73.6,30.0,3-5 times/week,Good,6.7,8.0,No,Low,0,2298.0,44.7,4.0,3,1,0,0,0
21.0,Female,151.1,72.4,31.7,3-5 times/week,Good,6.9,3.0,No,Low,0,1791.0,57.0,4.0,3,1,0,0,1
65.0,Female,163.6,80.3,30.0,3-5 times/week,Average,5.8,7.0,No,Low,0,2037.0,73.8,4.0,2,1,0,0,1
67.0,Male,183.3,125.7,37.4,1-2 times/week,Poor,10.0,6.0,Yes,Low,0,3532.0,144.4,1.5,1,1,1,0,0
25.0,Male,178.1,100.6,31.7,3-5 times/week,Average,7.0,2.0,Yes,Low,0,3325.0,117.8,4.0,2,1,1,0,0
54.0,Female,166.5,67.6,24.4,3-5 times/week,Average,6.2,6.0,Yes,Low,0,2387.0,90.4,4.0,2,1,1,0,1
48.0,Female,168.6,60.8,21.4,1-2 times/week,Excellent,9.1,6.0,No,Moderate,0,2333.0,49.3,1.5,4,2,0,0,1
52.0,Other,162.8,73.4,27.7,Daily,Good,5.6,9.0,No,Low,0,2687.0,74.5,7.0,3,1,0,0,2
27.0,Male,163.5,78.1,29.2,3-5 times/week,Excellent,5.5,8.0,No,Low,1,2155.0,51.4,4.0,4,1,0,1,0
62.0,Male,169.3,67.4,23.5,3-5 times/week,Good,8.6,6.0,No,Low,0,2016.0,45.9,4.0,3,1,0,0,0
57.0,Male,177.8,61.6,19.5,Daily,Average,5.3,3.0,No,None,0,3144.0,111.4,7.0,2,0,0,0,0
30.0,Female,161.9,95.9,36.6,Daily,Poor,4.2,8.0,No,Moderate,0,2905.0,115.0,7.0,1,2,0,0,1
69.0,Other,158.9,59.3,23.5,1-2 times/week,Excellent,7.5,8.0,No,Moderate,0,1983.0,54.4,1.5,4,2,0,0,2
39.0,Male,179.0,74.7,23.3,3-5 times/week,Good,6.5,4.0,No,High,0,2879.0,80.2,4.0,3,3,0,0,0
32.0,Other,159.3,71.6,28.2,3-5 times/week,Average,7.5,9.0,No,Low,0,2247.0,80.6,4.0,2,1,0,0,2
55.0,Male,169.4,64.0,22.3,Daily,Excellent,7.6,3.0,No,Low,0,2491.0,63.5,7.0,4,1,0,0,0
43.0,Other,173.7,114.0,37.8,3-5 times/week,Poor,6.2,2.0,No,Moderate,0,3189.0,134.3,4.0,1,2,0,0,2
21.0,Female,152.4,65.3,28.1,1-2 times/week,Good,8.1,9.0,Yes,High,1,2625.0,122.2,1.5,3,3,1,1,1
58.0,Male,161.4,105.0,40.3,3-5 times/week,Poor,6.7,10.0,Yes,High,1,2299.0,94.2,4.0,1,3,1,1,0
39.0,Other,175.8,66.8,21.6,3-5 times/week,Good,8.2,3.0,No,Low,0,2140.0,63.9,4.0,3,1,0,0,2
68.0,Female,161.5,81.1,31.1,3-5 times/week,Average,8.2,9.0,No,Low,0,1905.0,58.3,4.0,2,1,0,0,1
24.0,Male,176.3,107.5,34.6,3-5 times/week,Average,7.1,8.0,No,Low,1,2971.0,102.1,4.0,2,1,0,1,0
57.0,Female,155.8,71.8,29.6,Daily,Average,6.5,10.0,Yes,Low,0,2211.0,73.1,7.0,2,1,1,0,1
29.0,Male,159.7,70.6,27.7,1-2 times/week,Average,4.0,7.0,No,Moderate,0,1406.0,46.0,1.5,2,2,0,0,0
26.0,Male,162.4,91.8,34.8,3-5 times/week,Average,5.7,2.0,No,Low,1,3157.0,117.1,4.0,2,1,0,1,0
36.0,Male,169.2,78.7,27.5,3-5 times/week,Excellent,7.2,2.0,Yes,Low,1,2468.0,55.0,4.0,4,1,1,1,0
43.0,Other,167.7,87.2,31.0,Daily,Average,4.1,10.0,No,High,0,2729.0,93.1,7.0,2,3,0,0,2
56.0,Male,161.8,84.6,32.3,3-5 times/week,Excellent,7.5,10.0,No,Low,1,2699.0,70.0,4.0,4,1,0,1,0
55.0,Female,155.4,76.6,31.7,3-5 times/week,Good,7.0,1.0,No,Moderate,0,2804.0,117.4,4.0,3,2,0,0,1
44.0,Male,191.3,121.9,33.3,3-5 times/week,Good,6.8,9.0,No,Low,0,3112.0,114.8,4.0,3,1,0,0,0
46.0,Other,163.4,94.5,35.4,3-5 times/week,Excellent,7.0,7.0,Yes,High,0,1904.0,55.3,4.0,4,3,1,0,2
53.0,Other,175.6,101.4,32.9,3-5 times/week,Average,7.0,9.0,Yes,Low,1,2664.0,95.8,4.0,2,1,1,1,2
63.0,Female,152.0,67.2,29.1,1-2 times/week,Good,6.4,2.0,Yes,None,0,2380.0,56.8,1.5,3,0,1,0,1
35.0,Female,156.1,59.9,24.6,3-5 times/week,Good,5.9,8.0,No,Low,0,1836.0,58.1,4.0,3,1,0,0,1
43.0,Male,162.6,56.6,21.4,3-5 times/week,Average,7.0,6.0,No,High,0,2493.0,87.7,4.0,2,3,0,0,0
21.0,Male,174.3,72.9,24.0,3-5 times/week,Average,7.9,8.0,No,Moderate,0,2901.0,114.1,4.0,2,2,0,0,0
55.0,Other,179.4,95.3,29.6,3-5 times/week,Excellent,7.1,6.0,No,High,0,2589.0,72.8,4.0,4,3,0,0,2
52.0,Other,158.4,60.2,24.0,3-5 times/week,Average,6.0,2.0,No,Low,0,2568.0,101.7,4.0,2,1,0,0,2
39.0,Female,152.8,81.7,35.0,3-5 times/week,Good,4.8,5.0,Yes,Moderate,0,2101.0,57.2,4.0,3,2,1,0,1
25.0,Female,164.6,69.9,25.8,3-5 times/week,Excellent,6.5,1.0,No,Moderate,0,2113.0,42.4,4.0,4,2,0,0,1
60.0,Male,172.7,75.8,25.4,1-2 times/week,Excellent,5.3,5.0,No,Moderate,0,2190.0,46.9,1.5,4,2,0,0,0
18.0,Female,160.8,65.9,25.5,3-5 times/week,Good,9.1,2.0,No,Low,0,2223.0,61.4,4.0,3,1,0,0,1
68.0,Male,168.3,90.4,31.9,Daily,Poor,5.5,5.0,No,Low,0,3213.0,134.6,7.0,1,1,0,0,0
45.0,Male,181.1,114.5,34.9,3-5 times/week,Poor,6.3,10.0,No,Moderate,1,3311.0,134.8,4.0,1,2,0,1,0
46.0,Male,160.9,73.8,28.5,3-5 times/week,Good,7.2,5.0,Yes,Low,0,1908.0,52.3,4.0,3,1,1,0,0
68.0,Female,156.8,82.4,33.5,3-5 times/week,Poor,5.1,10.0,No,High,0,2776.0,127.3,4.0,1,3,0,0,1
36.0,Other,171.3,76.3,26.0,3-5 times/week,Poor,7.7,6.0,No,Low,0,2830.0,123.3,4.0,1,1,0,0,2
58.0,Male,175.3,101.1,32.9,3-5 times/week,Average,7.0,4.0,No,Moderate,0,2852.0,110.9,4.0,2,2,0,0,0
26.0,Other,183.2,72.8,21.7,Daily,Average,5.9,2.0,No,Moderate,0,3021.0,108.5,7.0,2,2,0,0,2
18.0,Female,155.2,82.1,34.1,Daily,Poor,7.6,9.0,No,Low,0,2630.0,120.2,7.0,1,1,0,0,1
38.0,Female,160.4,79.8,31.0,1-2 times/week,Poor,8.4,5.0,Yes,High,0,2378.0,93.7,1.5,1,3,1,0,1
64.0,Male,188.9,104.6,29.3,3-5 times/week,Excellent,6.0,5.0,Yes,Low,1,2123.0,51.1,4.0,4,1,1,1,0
38.0,Male,167.0,80.3,28.8,Daily,Excellent,6.9,9.0,No,High,0,3082.0,72.5,7.0,4,3,0,0,0
49.0,Other,160.2,62.4,24.3,Daily,Good,4.7,5.0,No,Low,1,2449.0,66.7,7.0,3,1,0,1,2
51.0,Female,163.2,96.4,36.2,1-2 times/week,Poor,5.9,6.0,No,High,0,2935.0,124.0,1.5,1,3,0,0,1
40.0,Other,163.1,79.8,30.0,3-5 times/week,Good,6.2,7.0,Yes,Moderate,0,1822.0,44.7,4.0,3,2,1,0,2
34.0,Male,162.2,61.0,23.2,3-5 times/week,Good,8.6,6.0,Yes,Low,0,2596.0,64.5,4.0,3,1,1,0,0
69.0,Female,145.5,60.8,28.7,3-5 times/week,Poor,7.5,6.0,No,Low,0,2294.0,100.0,4.0,1,1,0,0,1
22.0,Female,162.0,71.1,27.1,3-5 times/week,Good,6.4,9.0,No,Low,0,1939.0,47.9,4.0,3,1,0,0,1
35.0,Female,163.3,69.3,26.0,1-2 times/week,Excellent,7.8,8.0,No,Low,0,2634.0,112.3,1.5,4,1,0,0,1
58.0,Male,175.6,105.1,34.1,1-2 times/week,Good,7.2,6.0,Yes,Low,0,2317.0,103.1,1.5,3,1,1,0,0
19.0,Male,166.8,75.4,27.1,3-5 times/week,Excellent,7.0,6.0,Yes,Moderate,0,2468.0,67.2,4.0,4,2,1,0,0
33.0,Other,167.6,97.2,34.6,1-2 times/week,Average,7.0,4.0,No,High,1,2484.0,87.6,1.5,2,3,0,1,2
31.0,Male,175.4,96.0,31.2,3-5 times/week,Good,7.2,2.0,Yes,Low,1,2930.0,126.7,4.0,3,1,1,1,0
65.0,Female,162.1,45.2,17.2,Daily,Good,5.6,6.0,No,Low,0,2559.0,89.1,7.0,3,1,0,0,1
60.0,Female,167.1,73.2,26.2,Daily,Poor,5.8,4.0,No,Low,0,2606.0,124.7,7.0,1,1,0,0,1
45.0,Female,158.3,70.7,28.2,3-5 times/week,Poor,7.3,6.0,No,Low,0,2328.0,102.3,4.0,1,1,0,0,1
43.0,Male,172.5,129.1,43.4,3-5 times/week,Poor,7.1,2.0,No,Low,1,2847.0,118.0,4.0,1,1,0,1,0
30.0,Other,177.8,78.1,24.7,Daily,Excellent,8.1,6.0,No,Low,0,2731.0,58.5,7.0,4,1,0,0,2
32.0,Female,145.0,79.7,37.9,3-5 times/week,Average,8.0,10.0,Yes,High,0,2498.0,92.6,4.0,2,3,1,0,1
27.0,Female,151.2,77.5,33.9,3-5 times/week,Average,5.8,10.0,No,High,0,2293.0,86.6,4.0,2,3,0,0,1
36.0,Other,171.8,67.0,22.7,1-2 times/week,Excellent,7.1,7.0,Yes,Low,0,2225.0,56.2,1.5,4,1,1,0,2
32.0,Male,171.2,94.7,32.3,1-2 times/week,Poor,8.4,4.0,Yes,Moderate,1,3215.0,139.0,1.5,1,2,1,1,0
30.0,Female,153.2,61.7,26.3,Daily,Good,8.9,5.0,Yes,High,0,2417.0,68.9,7.0,3,3,1,0,1
51.0,Female,161.9,95.4,36.4,3-5 times/week,Excellent,6.8,9.0,No,Low,0,2321.0,102.7,4.0,4,1,0,0,1
24.0,Other,157.4,74.8,30.2,3-5 times/week,Average,5.9,9.0,Yes,Moderate,0,2663.0,91.2,4.0,2,2,1,0,2
31.0,Female,152.1,76.6,33.1,3-5 times/week,Good,8.0,8.0,No,Moderate,0,2114.0,87.0,4.0,3,2,0,0,1
66.0,Female,164.0,58.6,21.8,3-5 times/week,Excellent,6.5,10.0,Yes,Low,0,1593.0,32.8,4.0,4,1,1,0,1
21.0,Male,176.6,100.1,32.1,3-5 times/week,Good,7.7,3.0,No,Low,0,3347.0,117.0,4.0,3,1,0,0,0
44.0,Other,164.3,72.6,26.9,Daily,Excellent,7.9,8.0,Yes,High,1,2271.0,57.4,7.0,4,3,1,1,2
46.0,Female,158.3,65.9,26.3,3-5 times/week,Poor,8.1,7.0,No,High,0,2781.0,113.3,4.0,1,3,0,0,1
54.0,Female,157.7,59.7,24.0,3-5 times/week,Average,4.0,3.0,No,Moderate,1,1963.0,65.7,4.0,2,2,0,1,1
39.0,Male,172.1,85.6,28.9,Daily,Good,7.0,4.0,No,Low,0,2922.0,91.0,7.0,3,1,0,0,0
31.0,Other,158.0,75.9,30.4,1-2 times/week,Good,4.9,10.0,No,Moderate,0,2871.0,81.1,1.5,3,2,0,0,2
19.0,Female,160.7,55.0,21.3,3-5 times/week,Average,7.7,2.0,No,Low,0,2193.0,65.4,4.0,2,1,0,0,1
44.0,Female,147.4,70.4,32.4,3-5 times/week,Poor,6.1,7.0,Yes,High,1,2624.0,111.8,4.0,1,3,1,1,1
37.0,Female,158.9,49.2,19.5,3-5 times/week,Excellent,7.0,6.0,No,Moderate,0,1762.0,40.7,4.0,4,2,0,0,1
60.0,Other,161.3,89.2,34.3,None,Good,10.0,3.0,No,Low,0,2537.0,109.3,0.0,3,1,0,0,2
58.0,Female,160.9,99.7,38.5,3-5 times/week,Poor,8.6,6.0,No,High,0,3062.0,132.3,4.0,1,3,0,0,1
40.0,Female,164.4,71.9,26.6,3-5 times/week,Poor,6.8,6.0,No,Low,0,2185.0,91.1,4.0,1,1,0,0,1
19.0,Other,159.2,90.5,35.7,3-5 times/week,Poor,7.6,7.0,Yes,Low,0,2261.0,93.0,4.0,1,1,1,0,2
44.0,Male,168.1,56.0,19.8,3-5 times/week,Excellent,7.9,6.0,No,Low,0,2221.0,44.7,4.0,4,1,0,0,0
59.0,Other,162.6,71.9,27.2,Daily,Average,6.5,7.0,No,Moderate,0,2781.0,95.2,7.0,2,2,0,0,2
40.0,Female,151.7,50.9,22.1,3-5 times/week,Excellent,7.2,9.0,Yes,Low,0,1551.0,41.8,4.0,4,1,1,0,1
46.0,Other,164.4,91.1,33.7,3-5 times/week,Good,5.0,7.0,Yes,High,0,2829.0,120.3,4.0,3,3,1,0,2
68.0,Male,167.4,81.5,29.1,3-5 times/week,Average,6.3,3.0,No,Low,0,2572.0,95.3,4.0,2,1,0,0,0
27.0,Female,155.9,67.6,27.8,3-5 times/week,Average,8.0,9.0,No,Moderate,1,2346.0,80.7,4.0,2,2,0,1,1
67.0,Male,177.3,53.1,16.9,3-5 times/week,Excellent,7.4,9.0,No,Low,0,2207.0,54.9,4.0,4,1,0,0,0
46.0,Male,184.8,95.6,28.0,Daily,Average,7.0,9.0,No,High,0,3469.0,121.4,7.0,2,3,0,0,0
18.0,Female,178.9,113.0,35.3,1-2 times/week,Good,6.5,4.0,No,Moderate,1,2826.0,89.4,1.5,3,2,0,1,1
56.0,Female,153.2,82.4,35.1,1-2 times/week,Poor,6.6,8.0,No,Low,0,2457.0,105.1,1.5,1,1,0,0,1
58.0,Female,159.3,88.1,34.7,1-2 times/week,Average,8.2,7.0,No,High,0,1991.0,69.5,1.5,2,3,0,0,1
61.0,Female,173.1,53.3,17.8,1-2 times/week,Good,11.0,7.0,Yes,Low,0,2065.0,54.7,1.5,3,1,1,0,1
61.0,Female,160.5,54.9,21.3,3-5 times/week,Excellent,5.5,2.0,No,High,0,1952.0,45.8,4.0,4,3,0,0,1
67.0,Male,173.0,87.1,29.1,1-2 times/week,Good,7.3,9.0,Yes,High,0,2861.0,72.7,1.5,3,3,1,0,0
46.0,Male,172.0,61.8,20.9,3-5 times/week,Good,7.4,7.0,No,Low,0,2642.0,77.9,4.0,3,1,0,0,0
67.0,Other,176.3,86.7,27.9,3-5 times/week,Average,8.2,1.0,Yes,Moderate,1,2227.0,76.6,4.0,2,2,1,1,2
32.0,Other,171.2,106.4,36.3,3-5 times/week,Poor,6.9,10.0,Yes,Low,0,2541.0,108.1,4.0,1,1,1,0,2
60.0,Other,168.5,74.4,26.2,Daily,Average,7.6,4.0,No,Moderate,1,2499.0,94.5,7.0,2,2,0,1,2
50.0,Male,173.9,71.1,23.5,3-5 times/week,Excellent,6.0,10.0,No,Low,0,2194.0,47.7,4.0,4,1,0,0,0
51.0,Other,154.5,73.0,30.6,3-5 times/week,Good,8.0,10.0,No,Moderate,0,1869.0,57.5,4.0,3,2,0,0,2
48.0,Male,175.8,84.7,27.4,1-2 times/week,Average,5.4,6.0,No,Low,0,2933.0,112.5,1.5,2,1,0,0,0
38.0,Female,160.9,70.4,27.2,3-5 times/week,Average,7.8,2.0,No,Low,0,2596.0,100.1,4.0,2,1,0,0,1
60.0,Male,167.4,95.0,33.9,1-2 times/week,Good,5.5,5.0,Yes,Moderate,0,2097.0,69.6,1.5,3,2,1,0,0
20.0,Other,169.6,96.1,33.4,3-5 times/week,Average,8.9,5.0,Yes,High,0,2915.0,99.4,4.0,2,3,1,0,2
43.0,Other,173.5,106.6,35.4,3-5 times/week,Poor,5.3,8.0,No,Low,1,2792.0,114.5,4.0,1,1,0,1,2
34.0,Other,166.1,91.0,33.0,None,Poor,8.5,8.0,No,Moderate,0,3038.0,140.7,0.0,1,2,0,0,2
34.0,Other,171.0,88.3,30.2,Daily,Poor,7.0,3.0,No,Moderate,0,3555.0,153.3,7.0,1,2,0,0,2
52.0,Other,154.8,47.7,19.9,Daily,Excellent,8.4,3.0,Yes,Moderate,0,1976.0,48.4,7.0,4,2,1,0,2
25.0,Male,160.7,39.8,15.4,Daily,Excellent,8.6,5.0,Yes,Moderate,0,2515.0,56.7,7.0,4,2,1,0,0
64.0,Other,160.3,63.2,24.6,3-5 times/week,Excellent,7.4,3.0,No,Low,0,1450.0,31.8,4.0,4,1,0,0,2
32.0,Other,168.7,61.8,21.7,3-5 times/week,Excellent,7.0,1.0,Yes,Moderate,0,1423.0,41.1,4.0,4,2,1,0,2
64.0,Other,166.6,77.2,27.8,None,Excellent,6.1,8.0,No,Low,1,1487.0,40.2,0.0,4,1,0,1,2
49.0,Male,171.5,88.5,30.1,3-5 times/week,Excellent,7.2,10.0,No,High,0,2646.0,69.5,4.0,4,3,0,0,0
30.0,Other,171.8,76.7,26.0,3-5 times/week,Average,8.6,5.0,Yes,Low,0,2761.0,104.2,4.0,2,1,1,0,2
32.0,Other,171.5,63.8,21.7,1-2 times/week,Good,6.4,6.0,No,Low,1,2606.0,73.4,1.5,3,1,0,1,2
61.0,Female,158.3,47.9,19.1,3-5 times/week,Excellent,8.5,1.0,No,Low,0,1324.0,36.1,4.0,4,1,0,0,1
34.0,Other,174.1,102.5,33.8,3-5 times/week,Average,7.1,8.0,Yes,Low,1,2036.0,75.2,4.0,2,1,1,1,2
37.0,Male,174.9,74.0,24.2,3-5 times/week,Good,8.0,7.0,No,High,0,2497.0,67.9,4.0,3,3,0,0,0
64.0,Other,166.2,115.2,41.7,Daily,Excellent,4.5,6.0,No,High,0,2329.0,63.4,7.0,4,3,0,0,2
19.0,Male,184.8,85.7,25.1,3-5 times/week,Excellent,5.7,7.0,Yes,Low,0,2441.0,52.6,4.0,4,1,1,0,0
52.0,Other,174.8,83.4,27.3,1-2 times/week,Poor,7.1,3.0,No,Low,0,2704.0,101.0,1.5,1,1,0,0,2
43.0,Other,165.2,46.7,17.1,Daily,Good,8.7,1.0,No,Low,1,2223.0,68.3,7.0,3,1,0,1,2
48.0,Male,175.1,56.7,18.5,Daily,Excellent,6.9,3.0,No,Low,1,2698.0,62.1,7.0,4,1,0,1,0
48.0,Female,178.4,82.4,25.9,1-2 times/week,Good,8.2,4.0,No,Low,1,2303.0,79.3,1.5,3,1,0,1,1
33.0,Other,158.6,72.7,28.9,1-2 times/week,Good,7.1,3.0,No,Low,0,2409.0,58.1,1.5,3,1,0,0,2
62.0,Female,161.1,76.3,29.4,1-2 times/week,Good,7.8,5.0,No,High,0,2333.0,73.3,1.5,3,3,0,0,1
36.0,Male,165.3,41.0,15.0,3-5 times/week,Excellent,6.9,6.0,No,Low,0,1594.0,47.4,4.0,4,1,0,0,0
26.0,Male,165.2,88.7,32.5,3-5 times/week,Average,6.2,4.0,No,High,0,2927.0,99.7,4.0,2,3,0,0,0
38.0,Female,146.1,59.6,27.9,Daily,Good,9.4,7.0,No,High,0,2456.0,62.2,7.0,3,3,0,0,1
49.0,Other,162.9,70.1,26.4,3-5 times/week,Poor,8.6,6.0,Yes,Low,0,2676.0,106.5,4.0,1,1,1,0,2
19.0,Other,155.3,51.4,21.3,Daily,Good,7.8,1.0,No,Low,1,2216.0,46.3,7.0,3,1,0,1,2
45.0,Male,168.9,122.1,42.8,None,Poor,6.7,6.0,Yes,High,0,3041.0,122.7,0.0,1,3,1,0,0
55.0,Female,156.5,80.3,32.8,3-5 times/week,Poor,9.5,2.0,No,Low,0,2438.0,110.1,4.0,1,1,0,0,1
39.0,Male,157.9,63.3,25.4,3-5 times/week,Good,8.0,8.0,Yes,High,0,3229.0,92.5,4.0,3,3,1,0,0
67.0,Female,171.2,90.3,30.8,3-5 times/week,Poor,6.9,4.0,No,Low,0,2756.0,114.9,4.0,1,1,0,0,1
64.0,Male,164.6,98.6,36.4,3-5 times/week,Average,7.0,8.0,Yes,Moderate,0,2080.0,75.8,4.0,2,2,1,0,0
38.0,Female,164.9,57.9,21.3,Daily,Poor,5.9,4.0,No,High,0,3718.0,162.7,7.0,1,3,0,0,1
69.0,Male,180.0,76.8,23.7,3-5 times/week,Excellent,7.9,8.0,No,Low,0,2052.0,43.4,4.0,4,1,0,0,0
52.0,Female,167.7,72.3,25.7,1-2 times/week,Good,7.4,7.0,Yes,Low,1,1485.0,46.5,1.5,3,1,1,1,1
35.0,Other,171.2,81.5,27.8,1-2 times/week,Average,7.0,9.0,No,Low,1,2960.0,113.6,1.5,2,1,0,1,2
43.0,Other,165.4,84.0,30.7,3-5 times/week,Good,5.7,5.0,No,High,0,2720.0,83.0,4.0,3,3,0,0,2
37.0,Male,180.6,106.3,32.6,1-2 times/week,Average,8.8,2.0,No,None,0,2693.0,94.8,1.5,2,0,0,0,0
28.0,Other,172.1,85.0,28.7,3-5 times/week,Average,8.6,8.0,Yes,Low,0,2772.0,106.5,4.0,2,1,1,0,2
32.0,Other,169.9,94.7,32.8,Daily,Poor,5.5,5.0,No,Low,1,2892.0,115.1,7.0,1,1,0,1,2
49.0,Male,172.0,99.7,33.7,3-5 times/week,Average,7.6,6.0,No,Low,1,2683.0,100.8,4.0,2,1,0,1,0
57.0,Male,170.5,89.5,30.8,Daily,Poor,6.8,6.0,No,High,1,3303.0,141.5,7.0,1,3,0,1,0
22.0,Male,171.3,46.4,15.8,Daily,Excellent,5.8,3.0,Yes,Low,0,2615.0,53.6,7.0,4,1,1,0,0
40.0,Male,179.2,90.9,28.3,Daily,Average,6.2,1.0,No,Moderate,0,3084.0,114.6,7.0,2,2,0,0,0
27.0,Other,161.1,85.6,33.0,Daily,Average,6.5,6.0,No,High,1,2822.0,94.2,7.0,2,3,0,1,2
33.0,Other,167.6,71.1,25.3,3-5 times/week,Poor,6.2,5.0,Yes,Moderate,1,3121.0,113.4,4.0,1,2,1,1,2
54.0,Female,163.0,73.1,27.5,3-5 times/week,Excellent,7.6,7.0,Yes,High,1,2290.0,58.7,4.0,4,3,1,1,1
64.0,Female,147.4,72.4,33.3,3-5 times/week,Poor,5.9,9.0,No,Low,0,2495.0,104.9,4.0,1,1,0,0,1
42.0,Male,166.9,46.0,16.5,Daily,Excellent,7.0,10.0,No,High,0,2535.0,67.9,7.0,4,3,0,0,0
58.0,Female,167.4,79.9,28.5,3-5 times/week,Excellent,5.6,6.0,Yes,Moderate,0,2174.0,49.6,4.0,4,2,1,0,1
18.0,Female,158.0,48.4,19.4,Daily,Good,8.3,9.0,No,Low,0,2616.0,95.1,7.0,3,1,0,0,1
31.0,Male,177.9,97.5,30.8,Daily,Excellent,5.8,8.0,Yes,Low,0,2364.0,45.3,7.0,4,1,1,0,0
62.0,Male,170.0,62.7,21.7,3-5 times/week,Good,8.5,6.0,No,Low,1,1617.0,52.1,4.0,3,1,0,1,0
37.0,Other,161.4,82.1,31.5,3-5 times/week,Average,5.0,6.0,No,Moderate,1,2483.0,86.1,4.0,2,2,0,1,2
66.0,Male,170.7,51.6,17.7,3-5 times/week,Good,7.4,10.0,No,Low,0,2272.0,54.0,4.0,3,1,0,0,0
63.0,Other,178.4,59.2,18.6,3-5 times/week,Good,8.0,3.0,Yes,Low,0,2463.0,77.7,4.0,3,1,1,0,2
19.0,Female,169.4,100.2,34.9,3-5 times/week,Poor,7.1,6.0,Yes,High,0,2872.0,117.4,4.0,1,3,1,0,1
55.0,Male,175.6,108.5,35.2,Daily,Average,5.6,6.0,No,High,1,2735.0,100.0,7.0,2,3,0,1,0
40.0,Other,160.4,81.6,31.7,3-5 times/week,Excellent,7.4,10.0,Yes,Low,0,2248.0,51.3,4.0,4,1,1,0,2
62.0,Male,171.0,83.3,28.5,3-5 times/week,Poor,8.8,5.0,No,Low,0,3053.0,120.6,4.0,1,1,0,0,0
54.0,Male,175.1,83.4,27.2,Daily,Poor,7.8,4.0,No,Low,0,3139.0,129.5,7.0,1,1,0,0,0
32.0,Male,171.9,117.3,39.7,Daily,Average,5.2,8.0,No,High,1,3070.0,88.8,7.0,2,3,0,1,0
43.0,Other,186.3,140.6,40.5,3-5 times/week,Average,7.2,8.0,No,Moderate,0,2734.0,99.1,4.0,2,2,0,0,2
38.0,Male,173.8,85.8,28.4,3-5 times/week,Poor,6.4,8.0,Yes,Low,0,3355.0,140.0,4.0,1,1,1,0,0
29.0,Other,157.3,63.6,25.7,3-5 times/week,Excellent,6.1,7.0,No,Low,0,1971.0,46.2,4.0,4,1,0,0,2
53.0,Other,162.7,65.4,24.7,3-5 times/week,Good,7.0,9.0,Yes,High,0,2252.0,52.0,4.0,3,3,1,0,2
47.0,Male,168.2,62.8,22.2,3-5 times/week,Excellent,8.8,2.0,No,Low,0,2253.0,44.8,4.0,4,1,0,0,0
30.0,Other,164.4,69.2,25.6,3-5 times/week,Average,7.0,8.0,No,Low,0,2389.0,78.0,4.0,2,1,0,0,2
50.0,Male,164.4,88.4,32.7,3-5 times/week,Poor,6.6,9.0,No,Low,0,3136.0,140.2,4.0,1,1,0,0,0
46.0,Male,178.8,71.3,22.3,3-5 times/week,Good,7.0,2.0,Yes,Moderate,0,2393.0,73.1,4.0,3,2,1,0,0
27.0,Male,167.1,76.8,27.5,3-5 times/week,Good,8.9,9.0,Yes,High,0,3073.0,103.1,4.0,3,3,1,0,0
58.0,Male,179.9,124.0,38.3,1-2 times/week,Poor,6.8,6.0,No,Low,0,3058.0,120.6,1.5,1,1,0,0,0
41.0,Other,180.1,65.2,20.1,1-2 times/week,Excellent,7.8,2.0,No,Low,1,2108.0,49.6,1.5,4,1,0,1,2
35.0,Female,151.0,52.4,23.0,1-2 times/week,Excellent,5.8,3.0,No,Low,0,2040.0,51.9,1.5,4,1,0,0,1
59.0,Other,174.0,71.1,23.5,3-5 times/week,Good,8.1,2.0,No,Low,0,2204.0,54.6,4.0,3,1,0,0,2
19.0,Male,163.8,84.8,31.6,3-5 times/week,Average,7.2,7.0,Yes,Low,0,2525.0,91.4,4.0,2,1,1,0,0
32.0,Male,183.7,56.7,16.8,Daily,Good,7.7,7.0,No,Low,1,2755.0,85.3,7.0,3,1,0,1,0
57.0,Other,162.8,83.8,31.6,3-5 times/week,Good,8.2,5.0,Yes,Moderate,1,2715.0,82.3,4.0,3,2,1,1,2
56.0,Male,176.1,76.0,24.5,3-5 times/week,Excellent,6.4,7.0,No,Low,0,2520.0,57.7,4.0,4,1,0,0,0
46.0,Female,168.7,76.0,26.7,3-5 times/week,Good,7.5,6.0,Yes,High,0,2278.0,66.0,4.0,3,3,1,0,1
45.0,Male,174.8,47.4,15.5,Daily,Excellent,4.5,5.0,No,Low,0,2343.0,44.2,7.0,4,1,0,0,0
24.0,Other,171.5,86.5,29.4,1-2 times/week,Good,8.2,3.0,Yes,High,0,1878.0,45.1,1.5,3,3,1,0,2
49.0,Male,175.5,94.6,30.7,3-5 times/week,Poor,6.4,6.0,No,Low,0,3196.0,133.5,4.0,1,1,0,0,0
38.0,Other,157.5,78.4,31.6,3-5 times/week,Good,7.1,9.0,Yes,Moderate,0,2817.0,100.6,4.0,3,2,1,0,2
48.0,Female,152.1,54.1,23.4,3-5 times/week,Excellent,6.6,10.0,No,Moderate,0,2071.0,51.9,4.0,4,2,0,0,1
45.0,Female,157.2,59.1,23.9,3-5 times/week,Good,9.1,4.0,No,High,0,2705.0,80.5,4.0,3,3,0,0,1
63.0,Male,170.6,79.2,27.2,3-5 times/week,Excellent,5.2,4.0,Yes,Moderate,1,1770.0,43.2,4.0,4,2,1,1,0
27.0,Female,159.3,81.5,32.1,1-2 times/week,Average,6.7,9.0,No,Low,1,2369.0,84.1,1.5,2,1,0,1,1
65.0,Other,159.4,62.5,24.6,Daily,Poor,4.9,6.0,No,Low,1,2294.0,98.7,7.0,1,1,0,1,2
57.0,Other,151.7,63.3,27.5,Daily,Poor,8.4,4.0,No,Moderate,0,2770.0,119.1,7.0,1,2,0,0,2
33.0,Male,178.2,103.8,32.7,1-2 times/week,Poor,9.1,3.0,No,Low,0,2685.0,117.4,1.5,1,1,0,0,0
38.0,Female,155.7,83.6,34.5,3-5 times/week,Poor,6.3,7.0,No,Low,0,2186.0,86.0,4.0,1,1,0,0,1
64.0,Male,176.2,81.3,26.2,1-2 times/week,Excellent,5.5,8.0,No,Low,0,1601.0,48.1,1.5,4,1,0,0,0
33.0,Other,154.6,84.1,35.2,3-5 times/week,Poor,5.5,3.0,No,Low,0,2508.0,102.9,4.0,1,1,0,0,2
45.0,Female,158.1,89.2,35.7,Daily,Poor,6.6,8.0,Yes,High,0,2988.0,125.0,7.0,1,3,1,0,1
47.0,Male,172.5,65.8,22.1,3-5 times/week,Good,7.4,8.0,No,Low,0,2501.0,72.0,4.0,3,1,0,0,0
67.0,Male,169.9,93.5,32.4,3-5 times/week,Average,7.0,7.0,No,Moderate,0,2887.0,112.4,4.0,2,2,0,0,0
39.0,Male,173.3,91.9,30.6,3-5 times/week,Poor,5.9,3.0,Yes,Low,0,2667.0,104.3,4.0,1,1,1,0,0
53.0,Other,171.2,105.2,35.9,3-5 times/week,Poor,6.6,10.0,Yes,Moderate,0,3172.0,140.3,4.0,1,2,1,0,2
66.0,Male,171.3,104.8,35.7,3-5 times/week,Poor,4.7,9.0,Yes,Low,0,3214.0,140.6,4.0,1,1,1,0,0
23.0,Female,160.8,59.0,22.8,1-2 times/week,Good,6.5,1.0,Yes,High,1,1976.0,52.5,1.5,3,3,1,1,1
38.0,Female,162.5,63.4,24.0,3-5 times/week,Good,8.5,9.0,No,None,0,2643.0,81.8,4.0,3,0,0,0,1
68.0,Female,146.7,59.8,27.8,Daily,Excellent,6.5,8.0,No,Low,0,1876.0,56.9,7.0,4,1,0,0,1
58.0,Female,157.0,73.7,29.9,Daily,Average,4.0,7.0,No,Low,1,1993.0,71.4,7.0,2,1,0,1,1
42.0,Female,166.8,55.1,19.8,1-2 times/week,Excellent,6.9,8.0,No,Low,0,1897.0,50.6,1.5,4,1,0,0,1
49.0,Male,166.4,85.0,30.7,3-5 times/week,Average,7.5,10.0,Yes,Low,0,2649.0,88.0,4.0,2,1,1,0,0
40.0,Female,155.1,88.0,36.6,1-2 times/week,Good,7.8,2.0,Yes,High,1,1810.0,47.2,1.5,3,3,1,1,1
34.0,Male,178.3,84.2,26.5,3-5 times/week,Good,6.9,6.0,No,Low,0,2411.0,68.2,4.0,3,1,0,0,0
20.0,Female,155.0,78.6,32.7,3-5 times/week,Good,5.9,8.0,Yes,Low,0,2872.0,112.8,4.0,3,1,1,0,1
68.0,Male,175.2,95.5,31.1,3-5 times/week,Poor,7.0,8.0,Yes,Low,0,2679.0,122.1,4.0,1,1,1,0,0
25.0,Other,179.5,80.6,25.0,Daily,Good,7.4,8.0,No,High,0,2963.0,75.7,7.0,3,3,0,0,2
51.0,Female,166.7,89.8,32.3,1-2 times/week,Poor,8.5,10.0,No,High,0,2608.0,117.0,1.5,1,3,0,0,1
64.0,Male,172.9,91.2,30.5,Daily,Poor,6.9,10.0,No,Low,0,2800.0,117.5,7.0,1,1,0,0,0
39.0,Male,173.8,73.4,24.3,1-2 times/week,Excellent,7.0,7.0,No,Low,0,2808.0,73.4,1.5,4,1,0,0,0
34.0,Other,155.3,56.7,23.5,3-5 times/week,Excellent,8.5,9.0,No,Low,0,1812.0,54.1,4.0,4,1,0,0,2
46.0,Other,166.6,73.3,26.4,1-2 times/week,Average,6.0,8.0,Yes,Low,0,2692.0,91.6,1.5,2,1,1,0,2
44.0,Male,173.7,82.4,27.3,3-5 times/week,Average,6.9,6.0,No,Low,0,2425.0,80.7,4.0,2,1,0,0,0
25.0,Female,163.1,66.8,25.1,3-5 times/week,Good,7.0,6.0,Yes,Low,0,2099.0,58.2,4.0,3,1,1,0,1
30.0,Male,169.7,76.3,26.5,Daily,Average,6.7,6.0,Yes,High,0,3414.0,115.7,7.0,2,3,1,0,0
65.0,Female,162.0,46.7,17.8,1-2 times/week,Average,7.3,7.0,No,Low,0,1970.0,63.8,1.5,2,1,0,0,1
49.0,Other,157.5,62.5,25.2,3-5 times/week,Excellent,6.9,10.0,No,Low,1,1404.0,33.9,4.0,4,1,0,1,2
30.0,Other,165.5,68.7,25.1,Daily,Poor,10.0,6.0,Yes,Low,0,2929.0,135.0,7.0,1,1,1,0,2
47.0,Female,152.6,64.3,27.6,1-2 times/week,Poor,7.5,9.0,No,Moderate,0,2669.0,104.3,1.5,1,2,0,0,1
34.0,Other,162.2,46.3,17.6,Daily,Excellent,4.9,3.0,Yes,Low,0,2347.0,57.4,7.0,4,1,1,0,2
29.0,Female,157.9,69.8,28.0,3-5 times/week,Good,6.1,10.0,No,None,0,2325.0,76.0,4.0,3,0,0,0,1
45.0,Female,154.7,83.0,34.7,3-5 times/week,Excellent,7.5,8.0,No,Moderate,0,1483.0,34.9,4.0,4,2,0,0,1
68.0,Other,164.3,96.1,35.6,Daily,Poor,6.1,4.0,No,High,0,3138.0,133.3,7.0,1,3,0,0,2
40.0,Other,187.6,117.9,33.5,1-2 times/week,Good,9.5,10.0,No,Low,1,2168.0,69.2,1.5,3,1,0,1,2
68.0,Female,160.3,74.0,28.8,1-2 times/week,Poor,8.3,8.0,Yes,Low,0,2772.0,124.4,1.5,1,1,1,0,1
61.0,Other,163.6,72.0,26.9,Daily,Good,4.3,2.0,Yes,High,0,2370.0,85.6,7.0,3,3,1,0,2
23.0,Other,166.6,65.2,23.5,3-5 times/week,Good,5.7,4.0,No,High,0,2460.0,73.7,4.0,3,3,0,0,2
23.0,Female,160.4,64.1,24.9,Daily,Excellent,6.1,1.0,No,High,0,2649.0,87.8,7.0,4,3,0,0,1
33.0,Other,175.8,67.1,21.7,3-5 times/week,Average,6.6,2.0,No,Low,0,2190.0,84.1,4.0,2,1,0,0,2
69.0,Female,160.2,61.9,24.1,3-5 times/week,Average,9.2,6.0,No,High,0,2040.0,73.2,4.0,2,3,0,0,1
65.0,Female,166.2,69.1,25.0,3-5 times/week,Excellent,7.0,3.0,No,Low,0,1945.0,51.5,4.0,4,1,0,0,1
33.0,Male,168.8,126.8,44.3,3-5 times/week,Average,8.3,10.0,No,Low,0,3237.0,112.0,4.0,2,1,0,0,0
66.0,Female,166.5,76.0,27.4,3-5 times/week,Poor,7.0,2.0,No,High,1,3007.0,127.3,4.0,1,3,0,1,1
50.0,Male,167.6,82.0,29.2,1-2 times/week,Good,6.0,3.0,No,Moderate,0,2935.0,130.3,1.5,3,2,0,0,0
18.0,Female,170.9,60.2,20.6,3-5 times/week,Good,7.4,2.0,No,Low,1,1874.0,53.1,4.0,3,1,0,1,1
29.0,Male,161.9,70.5,26.9,1-2 times/week,Good,9.2,7.0,No,Low,0,2989.0,97.1,1.5,3,1,0,0,0
36.0,Male,169.6,58.4,20.3,1-2 times/week,Average,7.2,8.0,No,Low,1,2669.0,89.7,1.5,2,1,0,1,0
62.0,Male,174.9,90.2,29.5,3-5 times/week,Poor,7.7,4.0,No,Moderate,1,3334.0,141.3,4.0,1,2,0,1,0
43.0,Female,158.3,79.4,31.7,3-5 times/week,Average,7.8,1.0,Yes,Low,0,1927.0,81.1,4.0,2,1,1,0,1
27.0,Male,177.1,111.7,35.6,3-5 times/week,Poor,7.2,6.0,No,Low,0,3473.0,154.7,4.0,1,1,0,0,0
45.0,Male,158.4,42.9,17.1,Daily,Good,7.2,8.0,No,Low,0,1919.0,47.5,7.0,3,1,0,0,0
33.0,Male,174.9,94.2,30.8,1-2 times/week,Poor,6.5,8.0,No,Low,0,2998.0,122.5,1.5,1,1,0,0,0
37.0,Other,161.5,70.4,27.0,1-2 times/week,Good,6.2,8.0,Yes,High,0,2338.0,73.8,1.5,3,3,1,0,2
18.0,Male,166.3,68.6,24.8,Daily,Good,6.8,10.0,Yes,Low,0,2391.0,52.1,7.0,3,1,1,0,0
62.0,Female,164.6,73.7,27.2,3-5 times/week,Poor,5.2,3.0,No,Low,0,2634.0,118.1,4.0,1,1,0,0,1
21.0,Male,179.5,110.5,34.3,Daily,Average,8.5,5.0,No,Low,1,2882.0,102.2,7.0,2,1,0,1,0
47.0,Other,156.8,60.2,24.5,3-5 times/week,Poor,6.1,6.0,Yes,Moderate,0,2863.0,127.0,4.0,1,2,1,0,2
56.0,Male,181.7,96.1,29.1,3-5 times/week,Average,8.0,8.0,No,Low,0,2942.0,100.6,4.0,2,1,0,0,0
50.0,Other,157.1,65.9,26.7,Daily,Average,7.0,9.0,No,Low,0,2573.0,91.3,7.0,2,1,0,0,2
53.0,Female,154.3,68.3,28.7,3-5 times/week,Poor,5.6,9.0,No,High,0,2929.0,126.5,4.0,1,3,0,0,1
54.0,Male,168.6,82.2,28.9,3-5 times/week,Good,7.7,2.0,No,Moderate,0,2939.0,91.1,4.0,3,2,0,0,0
50.0,Other,153.6,61.1,25.9,Daily,Excellent,7.5,6.0,No,High,1,2539.0,56.1,7.0,4,3,0,1,2
57.0,Other,159.1,62.5,24.7,3-5 times/week,Good,7.1,1.0,Yes,Low,0,2323.0,83.3,4.0,3,1,1,0,2
33.0,Other,174.7,75.1,24.6,1-2 times/week,Average,7.3,6.0,No,Low,1,2442.0,94.0,1.5,2,1,0,1,2
36.0,Male,173.3,77.8,25.9,Daily,Average,7.7,6.0,No,Low,0,3290.0,114.5,7.0,2,1,0,0,0
38.0,Other,156.4,52.6,21.5,3-5 times/week,Poor,7.0,10.0,Yes,High,0,2864.0,87.9,4.0,1,3,1,0,2
43.0,Female,161.7,69.0,26.4,1-2 times/week,Good,6.2,1.0,No,Low,0,1630.0,39.2,1.5,3,1,0,0,1
50.0,Male,172.6,78.3,26.3,Daily,Good,4.8,10.0,Yes,Low,0,2571.0,68.3,7.0,3,1,1,0,0
56.0,Female,161.1,71.6,27.6,3-5 times/week,Average,5.3,8.0,Yes,Moderate,0,2298.0,67.7,4.0,2,2,1,0,1
28.0,Female,163.7,81.5,30.4,1-2 times/week,Average,8.8,8.0,No,Moderate,0,2534.0,81.8,1.5,2,2,0,0,1
46.0,Male,175.2,111.4,36.3,3-5 times/week,Good,6.4,5.0,No,Moderate,0,2353.0,63.5,4.0,3,2,0,0,0
62.0,Female,157.1,73.1,29.6,3-5 times/week,Excellent,8.8,7.0,Yes,Low,0,1600.0,36.5,4.0,4,1,1,0,1
40.0,Other,166.6,69.9,25.2,1-2 times/week,Excellent,6.2,4.0,No,Low,0,1934.0,41.1,1.5,4,1,0,0,2
45.0,Male,177.7,114.3,36.2,3-5 times/week,Poor,7.0,4.0,No,Moderate,1,3003.0,124.9,4.0,1,2,0,1,0
67.0,Male,172.2,86.6,29.2,1-2 times/week,Average,6.5,6.0,No,Moderate,1,2464.0,79.1,1.5,2,2,0,1,0
43.0,Male,171.9,101.9,34.5,3-5 times/week,Average,5.3,7.0,Yes,Low,0,2967.0,103.1,4.0,2,1,1,0,0
69.0,Female,167.7,86.9,30.9,1-2 times/week,Average,7.0,6.0,No,Low,0,2114.0,78.2,1.5,2,1,0,0,1
58.0,Male,161.9,69.5,26.5,3-5 times/week,Poor,6.6,4.0,No,Moderate,0,3065.0,116.6,4.0,1,2,0,0,0
33.0,Female,160.4,80.3,31.2,1-2 times/week,Excellent,9.1,8.0,Yes,High,0,1930.0,49.0,1.5,4,3,1,0,1
58.0,Male,170.6,94.9,32.6,3-5 times/week,Poor,7.9,4.0,No,Low,0,2822.0,119.8,4.0,1,1,0,0,0
58.0,Other,161.0,75.2,29.0,1-2 times/week,Poor,6.5,4.0,No,Low,0,2757.0,105.3,1.5,1,1,0,0,2
20.0,Female,159.5,40.7,16.0,3-5 times/week,Good,7.7,4.0,No,Low,0,1992.0,52.2,4.0,3,1,0,0,1
29.0,Female,161.1,90.6,34.9,3-5 times/week,Poor,7.9,4.0,Yes,High,0,2988.0,126.7,4.0,1,3,1,0,1
23.0,Female,158.5,50.7,20.2,1-2 times/week,Good,7.7,1.0,Yes,Low,1,1778.0,49.1,1.5,3,1,1,1,1
69.0,Other,170.9,74.8,25.6,3-5 times/week,Poor,7.4,7.0,No,High,0,2947.0,129.9,4.0,1,3,0,0,2
64.0,Female,174.5,100.2,32.9,1-2 times/week,Poor,7.5,8.0,Yes,Low,0,2998.0,129.2,1.5,1,1,1,0,1
65.0,Female,158.4,51.2,20.4,3-5 times/week,Good,7.3,10.0,No,Moderate,1,1488.0,32.6,4.0,3,2,0,1,1
23.0,Other,174.8,70.0,22.9,3-5 times/week,Poor,9.5,6.0,No,Low,0,2783.0,84.6,4.0,1,1,0,0,2
45.0,Male,187.7,117.3,33.3,3-5 times/week,Average,5.7,9.0,No,Low,1,2991.0,113.8,4.0,2,1,0,1,0
65.0,Other,171.5,113.8,38.7,1-2 times/week,Average,6.7,7.0,No,Low,0,2800.0,100.8,1.5,2,1,0,0,2
54.0,Male,177.5,76.9,24.4,3-5 times/week,Good,6.8,5.0,Yes,Low,0,1894.0,52.2,4.0,3,1,1,0,0
34.0,Other,159.2,83.1,32.8,3-5 times/week,Poor,7.5,6.0,No,High,0,3314.0,145.5,4.0,1,3,0,0,2
22.0,Other,169.6,58.4,20.3,3-5 times/week,Good,4.0,9.0,No,Low,0,2158.0,67.6,4.0,3,1,0,0,2
46.0,Other,166.4,92.2,33.3,Daily,Good,6.3,4.0,No,None,1,2274.0,57.9,7.0,3,0,0,1,2
49.0,Male,184.9,137.4,40.2,3-5 times/week,Average,6.8,2.0,No,Moderate,0,2754.0,101.4,4.0,2,2,0,0,0
31.0,Other,154.6,61.4,25.7,3-5 times/week,Good,7.8,1.0,No,Moderate,0,2170.0,61.5,4.0,3,2,0,0,2
54.0,Female,164.4,58.4,21.6,Daily,Poor,7.5,9.0,Yes,Low,0,2637.0,98.1,7.0,1,1,1,0,1
52.0,Other,157.6,67.6,27.2,3-5 times/week,Poor,7.0,2.0,Yes,Low,0,3147.0,146.7,4.0,1,1,1,0,2
63.0,Male,181.0,111.7,34.1,3-5 times/week,Excellent,9.3,10.0,No,High,0,2981.0,69.6,4.0,4,3,0,0,0
58.0,Male,179.1,125.7,39.2,Daily,Poor,7.8,10.0,No,Moderate,1,2927.0,134.4,7.0,1,2,0,1,0
24.0,Female,157.1,46.9,19.0,Daily,Excellent,7.6,6.0,No,Low,0,1574.0,34.1,7.0,4,1,0,0,1
30.0,Other,155.1,75.3,31.3,3-5 times/week,Excellent,8.3,2.0,No,Moderate,0,1719.0,40.9,4.0,4,2,0,0,2
29.0,Male,164.1,81.1,30.1,3-5 times/week,Poor,5.3,5.0,Yes,Moderate,0,3028.0,123.8,4.0,1,2,1,0,0
36.0,Female,155.2,50.3,20.9,3-5 times/week,Excellent,7.7,5.0,Yes,Low,0,1642.0,36.2,4.0,4,1,1,0,1
51.0,Male,182.2,99.6,30.0,Daily,Good,9.6,5.0,No,Low,0,3066.0,85.6,7.0,3,1,0,0,0
19.0,Other,177.1,95.0,30.3,Daily,Average,4.0,3.0,No,Moderate,0,3464.0,118.6,7.0,2,2,0,0,2
44.0,Female,150.4,33.9,15.0,Daily,Excellent,7.0,6.0,No,High,0,2337.0,49.3,7.0,4,3,0,0,1
63.0,Other,167.1,54.7,19.6,3-5 times/week,Excellent,6.0,7.0,No,Low,0,1506.0,41.5,4.0,4,1,0,0,2
51.0,Female,166.7,70.3,25.3,Daily,Average,7.7,9.0,Yes,Moderate,0,2430.0,92.4,7.0,2,2,1,0,1
31.0,Female,167.9,49.6,17.6,Daily,Excellent,7.8,1.0,No,Low,0,2460.0,67.2,7.0,4,1,0,0,1
62.0,Other,161.2,80.3,30.9,3-5 times/week,Good,7.3,1.0,No,Moderate,0,2218.0,67.6,4.0,3,2,0,0,2
35.0,Female,161.8,52.6,20.1,3-5 times/week,Excellent,6.8,1.0,No,Low,0,1463.0,38.9,4.0,4,1,0,0,1
65.0,Other,157.0,96.6,39.2,3-5 times/week,Excellent,5.7,8.0,Yes,High,1,1978.0,53.7,4.0,4,3,1,1,2
38.0,Other,162.5,85.3,32.3,Daily,Poor,4.4,7.0,No,High,0,3473.0,152.1,7.0,1,3,0,0,2
54.0,Female,157.3,55.7,22.5,Daily,Excellent,7.0,5.0,No,Low,0,2059.0,47.6,7.0,4,1,0,0,1
48.0,Other,164.3,76.4,28.3,3-5 times/week,Average,4.5,8.0,Yes,Moderate,0,2891.0,111.8,4.0,2,2,1,0,2
68.0,Male,174.1,91.2,30.1,Daily,Poor,7.0,9.0,No,Low,0,3186.0,127.6,7.0,1,1,0,0,0
68.0,Other,159.0,93.8,37.1,3-5 times/week,Excellent,5.1,6.0,No,High,0,2595.0,72.4,4.0,4,3,0,0,2
38.0,Male,183.7,106.0,31.4,None,Average,6.5,6.0,No,Moderate,0,3031.0,107.9,0.0,2,2,0,0,0
30.0,Female,171.8,65.5,22.2,1-2 times/week,Average,7.0,6.0,No,Low,0,2575.0,92.1,1.5,2,1,0,0,1
19.0,Other,170.4,63.9,22.0,3-5 times/week,Good,9.0,9.0,No,Moderate,0,2205.0,65.9,4.0,3,2,0,0,2
24.0,Other,170.9,72.1,24.7,1-2 times/week,Poor,8.0,2.0,No,Low,1,3063.0,143.8,1.5,1,1,0,1,2
30.0,Female,166.3,52.0,18.8,3-5 times/week,Excellent,6.5,2.0,No,Low,0,1857.0,50.5,4.0,4,1,0,0,1
51.0,Other,172.5,84.2,28.3,Daily,Poor,7.8,4.0,No,Moderate,0,3588.0,144.9,7.0,1,2,0,0,2
60.0,Male,162.5,95.3,36.1,1-2 times/week,Average,6.7,10.0,No,High,0,3007.0,103.0,1.5,2,3,0,0,0
57.0,Other,191.1,110.7,30.3,3-5 times/week,Good,7.5,8.0,No,Low,1,2994.0,125.4,4.0,3,1,0,1,2
49.0,Female,169.0,94.5,33.1,3-5 times/week,Poor,4.1,8.0,No,Low,0,2774.0,117.6,4.0,1,1,0,0,1
46.0,Other,165.2,73.7,27.0,3-5 times/week,Excellent,4.7,6.0,No,Moderate,0,2154.0,36.2,4.0,4,2,0,0,2
38.0,Other,182.0,99.4,30.0,3-5 times/week,Good,5.2,10.0,No,Low,0,2902.0,80.0,4.0,3,1,0,0,2
26.0,Male,179.0,102.5,32.0,3-5 times/week,Excellent,6.1,7.0,No,High,0,2261.0,58.2,4.0,4,3,0,0,0
46.0,Male,176.1,96.1,31.0,3-5 times/week,Average,6.0,5.0,No,Low,0,2838.0,104.7,4.0,2,1,0,0,0
48.0,Other,178.8,100.1,31.3,3-5 times/week,Poor,5.6,1.0,No,Low,0,2804.0,117.0,4.0,1,1,0,0,2
21.0,Male,177.4,92.5,29.4,1-2 times/week,Good,6.7,7.0,No,Low,0,2468.0,81.4,1.5,3,1,0,0,0
62.0,Other,155.6,74.1,30.6,3-5 times/week,Excellent,4.6,4.0,No,High,0,1691.0,40.2,4.0,4,3,0,0,2
44.0,Female,167.5,72.4,25.8,3-5 times/week,Good,6.0,8.0,Yes,Low,1,1467.0,40.0,4.0,3,1,1,1,1
43.0,Female,168.5,107.9,38.0,1-2 times/week,Good,6.9,7.0,No,High,1,1712.0,43.6,1.5,3,3,0,1,1
44.0,Female,169.2,76.7,26.8,3-5 times/week,Good,7.2,6.0,No,Moderate,0,1330.0,38.9,4.0,3,2,0,0,1
67.0,Other,178.1,84.7,26.7,Daily,Good,7.0,10.0,Yes,Low,0,2269.0,67.8,7.0,3,1,1,0,2
51.0,Other,165.0,49.3,18.1,Daily,Good,5.8,8.0,No,High,1,3049.0,75.7,7.0,3,3,0,1,2
49.0,Male,183.2,85.2,25.4,3-5 times/week,Excellent,6.5,2.0,No,Low,0,1916.0,43.9,4.0,4,1,0,0,0
66.0,Female,173.6,99.5,33.0,3-5 times/week,Good,4.4,5.0,Yes,Low,0,2074.0,56.1,4.0,3,1,1,0,1
24.0,Male,161.0,77.8,30.0,3-5 times/week,Good,5.7,1.0,No,Low,0,2576.0,63.9,4.0,3,1,0,0,0
19.0,Male,165.7,69.2,25.2,3-5 times/week,Average,6.2,10.0,No,Moderate,0,3067.0,102.1,4.0,2,2,0,0,0
53.0,Female,171.4,77.3,26.3,3-5 times/week,Poor,7.0,5.0,No,Low,0,2002.0,55.8,4.0,1,1,0,0,1
47.0,Female,164.0,91.4,34.0,1-2 times/week,Average,7.5,10.0,Yes,Low,0,2831.0,102.7,1.5,2,1,1,0,1
19.0,Other,159.4,74.7,29.4,1-2 times/week,Average,5.7,2.0,No,Low,1,2185.0,76.2,1.5,2,1,0,1,2
50.0,Other,168.8,104.3,36.6,3-5 times/week,Poor,7.6,1.0,No,Low,1,3412.0,148.2,4.0,1,1,0,1,2
36.0,Female,168.6,81.6,28.7,1-2 times/week,Average,8.1,5.0,Yes,Moderate,0,2840.0,102.1,1.5,2,2,1,0,1
31.0,Female,161.4,62.5,24.0,3-5 times/week,Good,7.1,6.0,Yes,Moderate,0,2290.0,54.1,4.0,3,2,1,0,1
61.0,Other,186.9,59.7,17.1,Daily,Good,8.0,2.0,No,Low,1,2609.0,73.5,7.0,3,1,0,1,2
53.0,Female,166.3,70.2,25.4,3-5 times/week,Good,7.2,8.0,No,Low,0,2300.0,68.0,4.0,3,1,0,0,1
30.0,Other,172.4,60.0,20.2,3-5 times/week,Average,6.6,2.0,No,Low,1,2374.0,82.3,4.0,2,1,0,1,2
57.0,Female,166.1,69.2,25.1,3-5 times/week,Excellent,7.0,9.0,No,Moderate,1,1615.0,42.4,4.0,4,2,0,1,1
61.0,Other,161.2,69.1,26.6,1-2 times/week,Excellent,7.0,8.0,No,Low,0,2420.0,78.9,1.5,4,1,0,0,2
18.0,Other,165.8,41.2,15.0,1-2 times/week,Excellent,7.2,4.0,No,Moderate,0,1795.0,38.3,1.5,4,2,0,0,2
39.0,Other,169.3,79.4,27.7,Daily,Good,8.4,6.0,No,Low,0,2762.0,84.6,7.0,3,1,0,0,2
19.0,Male,170.3,81.2,28.0,1-2 times/week,Poor,5.8,4.0,No,Low,0,3334.0,143.5,1.5,1,1,0,0,0
25.0,Female,155.8,64.8,26.7,Daily,Poor,6.6,5.0,No,Moderate,0,2817.0,119.2,7.0,1,2,0,0,1
68.0,Other,168.6,72.8,25.6,Daily,Poor,8.1,5.0,No,Low,0,3171.0,126.2,7.0,1,1,0,0,2
34.0,Male,170.2,72.7,25.1,Daily,Poor,7.4,9.0,No,High,0,3728.0,163.5,7.0,1,3,0,0,0
66.0,Other,181.1,72.8,22.2,3-5 times/week,Excellent,6.0,9.0,Yes,Low,0,2159.0,49.0,4.0,4,1,1,0,2
55.0,Male,174.6,83.5,27.4,3-5 times/week,Excellent,7.7,9.0,Yes,Low,0,3099.0,120.7,4.0,4,1,1,0,0
59.0,Male,176.7,78.1,25.0,1-2 times/week,Average,7.3,2.0,No,Low,0,2252.0,56.4,1.5,2,1,0,0,0
21.0,Other,160.3,60.9,23.7,Daily,Poor,6.8,9.0,Yes,Low,0,3144.0,90.7,7.0,1,1,1,0,2
28.0,Other,172.3,106.3,35.8,3-5 times/week,Good,5.8,9.0,Yes,Low,0,2845.0,81.5,4.0,3,1,1,0,2
31.0,Female,158.0,68.7,27.5,3-5 times/week,Poor,5.7,3.0,No,High,1,2385.0,102.1,4.0,1,3,0,1,1
24.0,Other,155.9,72.9,30.0,3-5 times/week,Good,7.7,6.0,No,High,0,2800.0,81.1,4.0,3,3,0,0,2
57.0,Male,161.3,75.2,28.9,1-2 times/week,Poor,7.2,9.0,No,Low,0,3180.0,133.4,1.5,1,1,0,0,0
44.0,Female,155.5,64.8,26.8,3-5 times/week,Good,7.9,3.0,Yes,Low,0,1468.0,39.4,4.0,3,1,1,0,1
57.0,Male,169.0,61.4,21.5,Daily,Good,8.0,10.0,No,Low,1,2292.0,70.1,7.0,3,1,0,1,0
34.0,Female,158.6,82.5,32.8,1-2 times/week,Poor,6.3,9.0,No,High,0,2663.0,110.1,1.5,1,3,0,0,1
63.0,Other,159.8,95.0,37.2,3-5 times/week,Average,5.5,2.0,Yes,Low,0,1696.0,62.4,4.0,2,1,1,0,2
69.0,Male,149.4,71.2,31.9,1-2 times/week,Poor,6.0,8.0,No,Low,0,3325.0,129.2,1.5,1,1,0,0,0
28.0,Female,158.4,42.7,17.0,3-5 times/week,Excellent,7.2,9.0,No,Low,0,1748.0,34.9,4.0,4,1,0,0,1
21.0,Male,168.2,71.3,25.2,1-2 times/week,Good,7.0,10.0,No,Low,0,2767.0,63.6,1.5,3,1,0,0,0
31.0,Other,157.6,73.3,29.5,3-5 times/week,Average,7.9,9.0,No,Low,1,2146.0,73.5,4.0,2,1,0,1,2
39.0,Female,149.9,36.9,16.4,Daily,Excellent,6.9,2.0,Yes,Low,0,1758.0,33.2,7.0,4,1,1,0,1
22.0,Female,160.0,45.6,17.8,Daily,Excellent,8.4,1.0,No,Low,1,1943.0,42.0,7.0,4,1,0,1,1
44.0,Other,159.4,51.1,20.1,1-2 times/week,Poor,7.0,4.0,No,Low,0,2757.0,129.3,1.5,1,1,0,0,2
46.0,Female,159.2,92.8,36.6,None,Poor,7.5,3.0,No,High,0,2493.0,106.8,0.0,1,3,0,0,1
68.0,Female,162.6,62.1,23.5,1-2 times/week,Excellent,8.1,6.0,No,Low,0,1566.0,36.0,1.5,4,1,0,0,1
55.0,Female,160.3,67.1,26.1,3-5 times/week,Poor,7.6,7.0,No,Moderate,1,2890.0,126.3,4.0,1,2,0,1,1
66.0,Male,169.6,47.7,16.6,Daily,Good,6.2,7.0,No,Low,1,1726.0,35.2,7.0,3,1,0,1,0
63.0,Male,178.5,129.7,40.7,Daily,Average,7.0,2.0,Yes,High,0,3069.0,114.6,7.0,2,3,1,0,0
56.0,Male,175.9,88.5,28.6,1-2 times/week,Good,7.0,6.0,No,Low,0,2402.0,72.6,1.5,3,1,0,0,0
55.0,Male,182.6,91.7,27.5,1-2 times/week,Excellent,8.2,6.0,No,Low,0,2196.0,47.8,1.5,4,1,0,0,0
39.0,Male,172.1,84.1,28.4,3-5 times/week,Good,4.7,6.0,No,Low,0,2327.0,58.6,4.0,3,1,0,0,0
38.0,Male,177.3,60.4,19.2,3-5 times/week,Excellent,7.6,7.0,No,High,0,2157.0,53.6,4.0,4,3,0,0,0
41.0,Female,155.5,53.4,22.1,1-2 times/week,Good,7.2,4.0,Yes,Low,0,2022.0,57.7,1.5,3,1,1,0,1
64.0,Male,176.3,71.5,23.0,1-2 times/week,Good,7.6,1.0,No,Low,0,2783.0,93.6,1.5,3,1,0,0,0
18.0,Male,172.5,94.0,31.6,1-2 times/week,Average,7.4,6.0,Yes,Low,1,2663.0,84.3,1.5,2,1,1,1,0
56.0,Female,156.0,78.6,32.3,3-5 times/week,Good,6.0,6.0,Yes,High,0,2113.0,50.1,4.0,3,3,1,0,1
45.0,Female,173.8,96.1,31.8,1-2 times/week,Excellent,8.1,6.0,Yes,Low,0,1979.0,44.8,1.5,4,1,1,0,1
65.0,Male,179.6,95.2,29.5,3-5 times/week,Excellent,7.5,6.0,Yes,Low,0,2561.0,66.0,4.0,4,1,1,0,0
54.0,Other,155.5,55.6,23.0,3-5 times/week,Average,7.5,10.0,No,Low,0,2546.0,92.1,4.0,2,1,0,0,2
54.0,Male,175.5,105.3,34.2,3-5 times/week,Good,7.6,1.0,No,Low,0,2130.0,63.1,4.0,3,1,0,0,0
48.0,Female,164.4,80.0,29.6,3-5 times/week,Average,6.7,5.0,No,Moderate,0,2225.0,79.1,4.0,2,2,0,0,1
22.0,Male,168.6,91.0,32.0,3-5 times/week,Good,4.8,8.0,Yes,Low,0,2977.0,107.2,4.0,3,1,1,0,0
57.0,Female,161.1,65.4,25.2,3-5 times/week,Average,6.2,1.0,No,Low,0,2224.0,76.0,4.0,2,1,0,0,1
57.0,Female,157.5,87.1,35.1,None,Poor,6.1,2.0,No,Low,1,2255.0,102.2,0.0,1,1,0,1,1
50.0,Other,154.7,64.4,26.9,Daily,Poor,7.2,10.0,No,Moderate,1,2665.0,108.6,7.0,1,2,0,1,2
45.0,Male,185.9,128.9,37.3,1-2 times/week,Average,7.0,5.0,No,High,1,3011.0,98.1,1.5,2,3,0,1,0
64.0,Female,158.2,63.6,25.4,Daily,Excellent,5.8,1.0,Yes,Moderate,0,2124.0,49.0,7.0,4,2,1,0,1
43.0,Female,158.2,65.6,26.2,1-2 times/week,Good,6.0,7.0,No,Low,0,2016.0,51.5,1.5,3,1,0,0,1
38.0,Male,172.7,96.3,32.3,1-2 times/week,Poor,6.8,10.0,No,Moderate,0,3030.0,136.6,1.5,1,2,0,0,0
54.0,Female,156.6,61.6,25.1,1-2 times/week,Good,6.2,4.0,No,Moderate,0,1801.0,54.0,1.5,3,2,0,0,1
47.0,Other,169.2,57.5,20.1,3-5 times/week,Excellent,6.2,7.0,No,Low,0,2275.0,54.3,4.0,4,1,0,0,2
23.0,Female,148.3,54.8,24.9,Daily,Excellent,7.1,10.0,No,Low,0,1995.0,53.3,7.0,4,1,0,0,1
27.0,Male,175.1,60.1,19.6,3-5 times/week,Good,6.8,2.0,No,Low,0,2876.0,81.3,4.0,3,1,0,0,0
43.0,Other,167.3,94.9,33.9,3-5 times/week,Good,5.8,5.0,No,Low,0,2343.0,60.2,4.0,3,1,0,0,2
24.0,Male,169.8,118.2,41.0,Daily,Poor,6.7,7.0,No,Moderate,1,3249.0,130.1,7.0,1,2,0,1,0
30.0,Male,167.6,66.9,23.8,3-5 times/week,Excellent,7.0,4.0,No,Moderate,0,2285.0,53.3,4.0,4,2,0,0,0
20.0,Female,176.0,65.4,21.1,Daily,Average,7.5,6.0,No,High,0,3682.0,101.9,7.0,2,3,0,0,1
43.0,Female,158.0,93.6,37.5,3-5 times/week,Average,7.3,6.0,No,Low,0,2049.0,65.5,4.0,2,1,0,0,1
57.0,Male,158.8,80.9,32.1,3-5 times/week,Poor,8.7,2.0,No,Moderate,1,2112.0,104.9,4.0,1,2,0,1,0
29.0,Other,174.0,94.8,31.3,3-5 times/week,Poor,5.5,1.0,No,High,0,3490.0,145.8,4.0,1,3,0,0,2
68.0,Male,167.6,68.0,24.2,1-2 times/week,Poor,9.1,10.0,Yes,Low,0,2547.0,108.5,1.5,1,1,1,0,0
56.0,Female,159.4,68.1,26.8,1-2 times/week,Good,6.0,1.0,No,Low,1,1804.0,64.0,1.5,3,1,0,1,1
24.0,Female,161.2,40.0,15.4,Daily,Good,7.6,6.0,No,Low,0,2330.0,65.9,7.0,3,1,0,0,1
64.0,Other,175.4,117.2,38.1,Daily,Average,4.6,1.0,Yes,High,1,2813.0,104.2,7.0,2,3,1,1,2
48.0,Male,170.3,85.3,29.4,1-2 times/week,Average,6.2,9.0,No,Low,0,2409.0,82.7,1.5,2,1,0,0,0
29.0,Other,156.3,42.8,17.5,3-5 times/week,Good,6.7,7.0,Yes,Low,0,2259.0,64.1,4.0,3,1,1,0,2
31.0,Male,172.8,65.4,21.9,Daily,Good,7.0,8.0,No,High,0,3026.0,84.8,7.0,3,3,0,0,0
60.0,Other,172.4,70.7,23.8,3-5 times/week,Average,7.3,1.0,No,Low,0,2323.0,85.1,4.0,2,1,0,0,2
27.0,Other,179.3,66.9,20.8,Daily,Poor,6.6,8.0,No,Low,0,3285.0,144.7,7.0,1,1,0,0,2
51.0,Other,156.0,50.1,20.6,1-2 times/week,Excellent,7.6,5.0,No,Low,0,1477.0,27.6,1.5,4,1,0,0,2
63.0,Male,176.2,100.6,32.4,Daily,Good,6.5,8.0,Yes,Low,0,3104.0,113.9,7.0,3,1,1,0,0
33.0,Female,166.8,76.2,27.4,3-5 times/week,Poor,8.6,6.0,No,Low,0,3032.0,126.0,4.0,1,1,0,0,1
50.0,Female,165.7,85.4,31.1,3-5 times/week,Good,6.8,1.0,No,Low,0,1881.0,57.8,4.0,3,1,0,0,1
24.0,Male,172.7,82.3,27.6,Daily,Average,7.0,9.0,No,Low,1,3218.0,113.2,7.0,2,1,0,1,0
34.0,Other,171.3,67.2,22.9,3-5 times/week,Excellent,7.5,7.0,Yes,Low,0,2487.0,65.4,4.0,4,1,1,0,2
29.0,Male,175.0,65.5,21.4,3-5 times/week,Excellent,5.3,6.0,Yes,Moderate,1,2585.0,60.1,4.0,4,2,1,1,0
20.0,Female,160.0,81.7,31.9,3-5 times/week,Average,8.9,5.0,No,Low,1,1857.0,58.2,4.0,2,1,0,1,1
61.0,Other,182.3,84.4,25.4,3-5 times/week,Excellent,5.8,2.0,No,High,0,2592.0,69.5,4.0,4,3,0,0,2
65.0,Male,177.2,71.0,22.6,Daily,Excellent,8.4,6.0,Yes,Low,1,2658.0,68.2,7.0,4,1,1,1,0
52.0,Male,146.0,81.2,38.1,Daily,Poor,5.9,9.0,No,High,1,3600.0,156.5,7.0,1,3,0,1,0
24.0,Male,167.2,73.2,26.2,3-5 times/week,Poor,5.6,2.0,Yes,Low,0,2821.0,119.6,4.0,1,1,1,0,0
29.0,Male,170.2,75.6,26.1,1-2 times/week,Good,9.2,1.0,Yes,Moderate,1,2874.0,76.9,1.5,3,2,1,1,0
69.0,Female,153.4,75.8,32.2,1-2 times/week,Poor,7.8,6.0,No,Low,0,2394.0,95.7,1.5,1,1,0,0,1
58.0,Female,168.5,65.6,23.1,3-5 times/week,Good,8.7,3.0,No,Low,0,2132.0,61.6,4.0,3,1,0,0,1
58.0,Female,166.6,67.2,24.2,3-5 times/week,Average,7.9,3.0,No,High,0,2185.0,81.5,4.0,2,3,0,0,1
53.0,Male,176.2,106.2,34.2,1-2 times/week,Good,8.3,1.0,No,Moderate,0,2590.0,75.8,1.5,3,2,0,0,0
25.0,Other,164.8,96.1,35.4,3-5 times/week,Good,7.7,4.0,Yes,Moderate,1,1886.0,47.6,4.0,3,2,1,1,2
43.0,Female,155.6,63.9,26.4,3-5 times/week,Average,8.8,3.0,No,High,0,2508.0,82.5,4.0,2,3,0,0,1
34.0,Male,165.3,87.4,32.0,1-2 times/week,Poor,7.8,1.0,No,Moderate,0,3318.0,128.3,1.5,1,2,0,0,0
67.0,Male,159.3,68.0,26.8,1-2 times/week,Good,7.2,9.0,No,Low,1,1472.0,35.8,1.5,3,1,0,1,0
63.0,Female,167.3,77.5,27.7,3-5 times/week,Average,4.9,2.0,No,Moderate,0,1577.0,52.2,4.0,2,2,0,0,1
25.0,Male,176.6,83.9,26.9,3-5 times/week,Excellent,7.5,2.0,No,Low,0,2303.0,56.4,4.0,4,1,0,0,0
30.0,Male,168.2,66.2,23.4,1-2 times/week,Excellent,7.2,3.0,Yes,Low,0,2518.0,53.5,1.5,4,1,1,0,0
19.0,Male,190.9,136.7,37.5,1-2 times/week,Poor,6.7,6.0,Yes,Moderate,0,3229.0,131.8,1.5,1,2,1,0,0
32.0,Female,165.9,68.8,25.0,1-2 times/week,Good,7.0,6.0,No,Moderate,1,1249.0,33.2,1.5,3,2,0,1,1
24.0,Male,170.1,79.3,27.4,3-5 times/week,Good,5.2,1.0,No,Moderate,0,3365.0,92.3,4.0,3,2,0,0,0
26.0,Female,163.7,79.6,29.7,1-2 times/week,Poor,9.3,5.0,No,Moderate,1,2852.0,122.0,1.5,1,2,0,1,1
49.0,Male,176.9,97.0,31.0,1-2 times/week,Average,10.0,3.0,No,High,0,2757.0,95.7,1.5,2,3,0,0,0
55.0,Female,164.7,44.5,16.4,3-5 times/week,Good,6.2,2.0,Yes,Low,0,1552.0,40.0,4.0,3,1,1,0,1
39.0,Male,172.7,97.2,32.6,Daily,Poor,5.9,8.0,No,Low,0,3035.0,129.2,7.0,1,1,0,0,0
29.0,Female,147.2,54.4,25.1,1-2 times/week,Excellent,7.3,6.0,No,Moderate,0,1969.0,56.7,1.5,4,2,0,0,1
37.0,Male,172.0,79.9,27.0,3-5 times/week,Excellent,6.3,4.0,No,Low,0,2986.0,73.8,4.0,4,1,0,0,0
39.0,Female,163.2,81.0,30.4,Daily,Poor,7.0,7.0,No,Low,0,2601.0,107.7,7.0,1,1,0,0,1
61.0,Male,167.8,82.8,29.4,3-5 times/week,Good,7.6,10.0,No,High,0,2626.0,74.0,4.0,3,3,0,0,0
53.0,Other,175.1,84.3,27.5,1-2 times/week,Good,5.3,1.0,No,Moderate,0,2399.0,70.0,1.5,3,2,0,0,2
38.0,Female,158.0,54.2,21.7,3-5 times/week,Good,6.2,8.0,Yes,Low,1,2282.0,70.8,4.0,3,1,1,1,1
53.0,Male,187.2,80.6,23.0,1-2 times/week,Good,7.3,4.0,No,Low,1,3028.0,103.9,1.5,3,1,0,1,0
52.0,Male,177.0,107.5,34.3,3-5 times/week,Good,7.2,7.0,Yes,Moderate,0,2602.0,82.2,4.0,3,2,1,0,0
52.0,Female,160.5,114.4,44.3,3-5 times/week,Poor,5.9,1.0,No,Low,0,2382.0,96.3,4.0,1,1,0,0,1
28.0,Female,168.0,86.1,30.5,1-2 times/week,Good,7.6,3.0,Yes,High,0,2690.0,81.6,1.5,3,3,1,0,1
43.0,Female,157.7,95.7,38.5,Daily,Poor,7.1,4.0,Yes,High,0,2746.0,108.4,7.0,1,3,1,0,1
53.0,Other,167.7,78.2,27.8,3-5 times/week,Good,8.4,6.0,No,Low,0,1752.0,57.6,4.0,3,1,0,0,2
54.0,Male,177.5,108.1,34.3,3-5 times/week,Average,5.9,4.0,No,Moderate,0,3023.0,105.5,4.0,2,2,0,0,0
53.0,Male,164.3,77.2,28.6,1-2 times/week,Poor,6.1,6.0,No,Low,1,2375.0,92.3,1.5,1,1,0,1,0
25.0,Male,166.9,88.9,31.9,3-5 times/week,Poor,5.5,8.0,No,Low,1,3381.0,134.0,4.0,1,1,0,1,0
40.0,Female,154.9,52.5,21.9,1-2 times/week,Excellent,8.4,8.0,No,Moderate,1,1488.0,30.9,1.5,4,2,0,1,1
35.0,Female,155.7,75.4,31.1,1-2 times/week,Good,8.6,1.0,No,High,0,2100.0,70.4,1.5,3,3,0,0,1
20.0,Female,164.6,68.5,25.3,1-2 times/week,Excellent,6.5,10.0,Yes,Low,0,1377.0,41.9,1.5,4,1,1,0,1
28.0,Other,183.6,69.8,20.7,3-5 times/week,Excellent,9.8,5.0,No,Low,0,1928.0,49.0,4.0,4,1,0,0,2
63.0,Female,155.7,65.2,26.9,1-2 times/week,Excellent,6.5,6.0,No,Moderate,0,2008.0,44.3,1.5,4,2,0,0,1
61.0,Male,170.6,114.4,39.3,3-5 times/week,Poor,7.0,2.0,Yes,Low,0,3143.0,137.5,4.0,1,1,1,0,0
44.0,Female,162.0,89.0,33.9,3-5 times/week,Poor,10.0,5.0,No,High,0,3426.0,140.7,4.0,1,3,0,0,1
33.0,Male,174.1,78.5,25.9,3-5 times/week,Average,7.0,7.0,No,Low,0,2388.0,90.5,4.0,2,1,0,0,0
67.0,Other,179.6,94.2,29.2,3-5 times/week,Average,8.9,6.0,No,Low,0,2418.0,68.6,4.0,2,1,0,0,2
52.0,Male,176.2,110.8,35.7,1-2 times/week,Good,7.4,5.0,No,High,0,2577.0,75.9,1.5,3,3,0,0,0
66.0,Female,157.6,62.8,25.3,3-5 times/week,Excellent,7.6,4.0,No,Low,0,1973.0,51.0,4.0,4,1,0,0,1
30.0,Male,172.4,101.9,34.3,3-5 times/week,Average,9.0,10.0,No,Moderate,1,3426.0,123.8,4.0,2,2,0,1,0
61.0,Other,173.2,107.7,35.9,None,Average,6.4,2.0,Yes,Low,1,2636.0,93.5,0.0,2,1,1,1,2
45.0,Other,180.5,99.7,30.6,3-5 times/week,Good,8.2,10.0,No,Moderate,0,2057.0,58.4,4.0,3,2,0,0,2
56.0,Male,153.7,85.0,36.0,1-2 times/week,Good,7.9,7.0,Yes,High,1,3056.0,87.6,1.5,3,3,1,1,0
41.0,Other,164.1,82.9,30.8,1-2 times/week,Good,8.2,1.0,No,High,0,1968.0,53.3,1.5,3,3,0,0,2
21.0,Other,163.1,66.0,24.8,3-5 times/week,Good,7.2,7.0,No,Moderate,0,2263.0,63.7,4.0,3,2,0,0,2
62.0,Male,161.6,65.8,25.2,Daily,Good,7.6,6.0,No,Low,0,2854.0,83.7,7.0,3,1,0,0,0
44.0,Male,181.8,89.9,27.2,Daily,Good,7.6,1.0,No,Low,1,2401.0,69.9,7.0,3,1,0,1,0
37.0,Other,172.2,73.8,24.9,1-2 times/week,Good,8.6,6.0,Yes,Low,0,2263.0,85.0,1.5,3,1,1,0,2
36.0,Female,150.7,60.2,26.5,3-5 times/week,Poor,6.1,9.0,No,Moderate,0,2154.0,95.3,4.0,1,2,0,0,1
42.0,Male,156.5,64.7,26.4,3-5 times/week,Poor,7.4,6.0,No,Moderate,1,2852.0,119.6,4.0,1,2,0,1,0
52.0,Female,157.7,82.1,33.0,3-5 times/week,Average,8.0,9.0,No,Moderate,0,2579.0,89.4,4.0,2,2,0,0,1
39.0,Other,165.4,58.5,21.4,1-2 times/week,Good,6.9,10.0,No,Low,0,2266.0,61.3,1.5,3,1,0,0,2
58.0,Other,172.3,133.3,44.3,3-5 times/week,Poor,7.0,6.0,No,High,0,3663.0,165.8,4.0,1,3,0,0,2
53.0,Female,162.2,86.3,32.8,3-5 times/week,Average,6.9,9.0,No,Low,0,1984.0,73.3,4.0,2,1,0,0,1
44.0,Other,167.4,78.7,28.1,3-5 times/week,Excellent,5.8,2.0,No,Low,0,2152.0,47.6,4.0,4,1,0,0,2
38.0,Female,162.5,59.2,22.4,1-2 times/week,Poor,7.4,7.0,No,Low,0,2617.0,106.6,1.5,1,1,0,0,1
28.0,Male,170.5,104.9,36.1,3-5 times/week,Good,7.6,10.0,Yes,Low,1,2124.0,66.4,4.0,3,1,1,1,0
36.0,Other,159.9,57.8,22.6,3-5 times/week,Good,6.5,4.0,No,Low,0,1478.0,50.3,4.0,3,1,0,0,2
44.0,Other,167.0,112.7,40.4,3-5 times/week,Good,4.6,5.0,No,High,1,2506.0,72.1,4.0,3,3,0,1,2
67.0,Male,170.5,61.3,21.1,1-2 times/week,Excellent,6.0,6.0,No,Moderate,0,2035.0,53.9,1.5,4,2,0,0,0
43.0,Other,164.7,116.1,42.8,Daily,Poor,6.3,9.0,No,High,0,3422.0,134.9,7.0,1,3,0,0,2
23.0,Female,158.2,59.6,23.8,1-2 times/week,Excellent,8.3,4.0,No,Low,0,1813.0,49.8,1.5,4,1,0,0,1
20.0,Female,161.6,80.7,30.9,3-5 times/week,Good,6.6,1.0,Yes,Low,0,2013.0,56.7,4.0,3,1,1,0,1
46.0,Male,179.6,133.5,41.4,3-5 times/week,Poor,6.7,9.0,No,Low,1,2976.0,119.1,4.0,1,1,0,1,0
36.0,Female,163.4,88.4,33.1,1-2 times/week,Good,8.1,3.0,Yes,Moderate,0,1713.0,54.9,1.5,3,2,1,0,1
24.0,Other,159.5,79.1,31.1,Daily,Average,6.2,7.0,No,High,0,2914.0,107.5,7.0,2,3,0,0,2
34.0,Male,176.7,115.5,37.0,3-5 times/week,Excellent,7.1,7.0,No,High,0,2640.0,73.6,4.0,4,3,0,0,0
32.0,Female,166.4,81.4,29.4,3-5 times/week,Excellent,7.6,5.0,No,Low,0,1306.0,27.3,4.0,4,1,0,0,1
23.0,Male,166.7,43.6,15.7,3-5 times/week,Good,6.3,8.0,No,Low,0,2632.0,57.3,4.0,3,1,0,0,0
29.0,Female,173.6,83.5,27.7,3-5 times/week,Good,7.5,1.0,No,Low,0,1875.0,59.8,4.0,3,1,0,0,1
23.0,Male,169.9,91.8,31.8,3-5 times/week,Excellent,8.1,7.0,No,Low,0,1572.0,35.8,4.0,4,1,0,0,0
36.0,Female,153.4,51.1,21.7,1-2 times/week,Excellent,8.3,9.0,No,Low,0,1609.0,37.8,1.5,4,1,0,0,1
44.0,Male,180.3,136.9,42.1,3-5 times/week,Poor,4.6,9.0,No,Moderate,0,2904.0,121.1,4.0,1,2,0,0,0
53.0,Female,167.7,85.2,30.3,Daily,Poor,7.5,1.0,No,High,0,3485.0,149.9,7.0,1,3,0,0,1
59.0,Female,155.3,62.5,25.9,3-5 times/week,Good,6.2,8.0,No,Low,1,1968.0,56.6,4.0,3,1,0,1,1
26.0,Female,165.7,61.2,10.700000000000003,Daily,Good,4.8,6.0,Yes,Low,0,2387.0,65.1,7.0,3,1,1,0,1
19.0,Male,182.8,95.6,28.6,3-5 times/week,Average,7.6,3.0,No,Low,0,2992.0,116.1,4.0,2,1,0,0,0
37.0,Other,166.4,61.7,22.3,3-5 times/week,Excellent,8.0,4.0,No,High,0,1746.0,44.7,4.0,4,3,0,0,2
18.0,Male,183.2,60.1,17.9,1-2 times/week,Excellent,7.0,9.0,No,Low,0,2490.0,64.1,1.5,4,1,0,0,0
22.0,Male,156.5,68.1,27.8,3-5 times/week,Poor,8.1,3.0,Yes,Moderate,1,2798.0,126.6,4.0,1,2,1,1,0
35.0,Other,157.2,84.5,34.2,3-5 times/week,Poor,10.0,5.0,No,Low,0,2772.0,112.6,4.0,1,1,0,0,2
47.0,Other,158.3,60.6,24.2,Daily,Excellent,8.0,8.0,Yes,Low,0,2940.0,109.7,7.0,4,1,1,0,2
34.0,Other,170.0,74.3,25.7,Daily,Excellent,8.6,4.0,Yes,High,1,2897.0,74.5,7.0,4,3,1,1,2
50.0,Other,179.0,94.8,29.6,3-5 times/week,Poor,6.4,5.0,No,High,0,3314.0,145.4,4.0,1,3,0,0,2
31.0,Other,167.9,89.1,31.6,3-5 times/week,Poor,7.1,5.0,No,Low,1,3171.0,144.1,4.0,1,1,0,1,2
28.0,Other,158.0,82.9,33.2,3-5 times/week,Average,5.8,6.0,No,Moderate,0,2949.0,105.9,4.0,2,2,0,0,2
23.0,Female,155.3,65.8,27.3,3-5 times/week,Poor,6.2,5.0,Yes,Low,0,2500.0,100.0,4.0,1,1,1,0,1
49.0,Male,169.8,79.0,27.4,Daily,Good,8.5,3.0,No,Low,0,2616.0,62.8,7.0,3,1,0,0,0
56.0,Male,177.3,75.4,24.0,Daily,Average,6.0,6.0,No,Low,0,3360.0,126.8,7.0,2,1,0,0,0
63.0,Other,165.7,93.4,34.0,3-5 times/week,Average,6.2,8.0,Yes,High,0,3394.0,115.9,4.0,2,3,1,0,2
66.0,Male,158.5,71.3,28.4,3-5 times/week,Poor,8.1,4.0,No,Low,1,2598.0,113.0,4.0,1,1,0,1,0
42.0,Female,163.2,93.8,35.2,Daily,Average,7.7,9.0,No,High,0,2732.0,94.8,7.0,2,3,0,0,1
34.0,Male,173.7,84.2,27.9,1-2 times/week,Poor,6.5,6.0,No,Low,0,2916.0,129.5,1.5,1,1,0,0,0
38.0,Female,155.3,38.1,15.8,3-5 times/week,Good,8.2,5.0,No,Low,0,1844.0,42.9,4.0,3,1,0,0,1
46.0,Male,176.8,79.4,25.4,Daily,Good,8.2,3.0,No,Moderate,0,2970.0,82.9,7.0,3,2,0,0,0
24.0,Female,164.5,79.0,29.2,3-5 times/week,Average,7.2,1.0,Yes,Low,0,2535.0,97.7,4.0,2,1,1,0,1
37.0,Male,167.9,71.0,25.2,3-5 times/week,Poor,7.0,6.0,No,Low,1,2704.0,79.5,4.0,1,1,0,1,0
57.0,Male,189.6,138.4,38.5,3-5 times/week,Average,6.0,4.0,No,Low,1,2441.0,83.3,4.0,2,1,0,1,0
50.0,Other,160.7,53.5,20.7,3-5 times/week,Excellent,5.4,7.0,Yes,Moderate,0,1761.0,51.3,4.0,4,2,1,0,2
44.0,Male,167.4,68.1,24.3,Daily,Poor,7.7,8.0,No,High,0,3546.0,148.1,7.0,1,3,0,0,0
52.0,Other,173.9,138.2,44.3,1-2 times/week,Average,7.0,8.0,Yes,Moderate,0,2412.0,84.3,1.5,2,2,1,0,2
20.0,Other,163.4,57.4,21.5,3-5 times/week,Excellent,6.2,6.0,No,Low,1,1939.0,36.6,4.0,4,1,0,1,2
39.0,Female,174.1,49.4,16.3,1-2 times/week,Excellent,8.4,3.0,No,Low,0,1903.0,46.7,1.5,4,1,0,0,1
61.0,Male,177.3,72.6,23.1,1-2 times/week,Good,6.8,6.0,Yes,High,0,2943.0,85.3,1.5,3,3,1,0,0
65.0,Female,158.2,67.8,27.1,1-2 times/week,Excellent,6.8,1.0,No,Moderate,0,1541.0,29.6,1.5,4,2,0,0,1
61.0,Female,164.5,59.3,21.9,Daily,Average,6.6,9.0,No,Low,0,2199.0,86.9,7.0,2,1,0,0,1
32.0,Other,170.0,115.9,40.1,3-5 times/week,Average,9.5,6.0,No,Low,0,1911.0,80.8,4.0,2,1,0,0,2
22.0,Other,159.4,69.1,27.2,1-2 times/week,Good,7.3,5.0,Yes,Moderate,0,2744.0,73.3,1.5,3,2,1,0,2
48.0,Other,158.0,74.4,29.8,1-2 times/week,Average,6.3,9.0,No,Low,0,2204.0,73.4,1.5,2,1,0,0,2
33.0,Other,173.6,115.7,38.4,1-2 times/week,Average,6.9,4.0,No,Low,0,2812.0,101.9,1.5,2,1,0,0,2
19.0,Other,157.3,57.7,23.3,1-2 times/week,Excellent,7.2,9.0,No,Moderate,0,1856.0,37.5,1.5,4,2,0,0,2
43.0,Female,166.1,69.0,25.0,Daily,Poor,8.3,4.0,Yes,Moderate,0,3034.0,137.5,7.0,1,2,1,0,1
40.0,Male,170.8,84.9,29.1,1-2 times/week,Average,8.0,8.0,No,High,0,2941.0,93.4,1.5,2,3,0,0,0
30.0,Female,160.8,108.9,42.1,3-5 times/week,Good,6.2,9.0,No,None,0,2292.0,64.0,4.0,3,0,0,0,1
38.0,Other,168.2,108.4,38.3,3-5 times/week,Poor,7.0,3.0,Yes,Moderate,0,2477.0,100.6,4.0,1,2,1,0,2
52.0,Male,171.0,90.6,31.0,3-5 times/week,Poor,7.0,5.0,No,Low,1,2876.0,116.3,4.0,1,1,0,1,0
38.0,Male,169.3,79.4,27.7,Daily,Poor,9.6,5.0,No,Low,0,3140.0,132.4,7.0,1,1,0,0,0
47.0,Other,171.0,77.2,26.4,1-2 times/week,Excellent,9.5,2.0,No,High,0,2466.0,71.2,1.5,4,3,0,0,2
50.0,Other,160.6,75.1,29.1,3-5 times/week,Average,5.3,10.0,Yes,Low,1,2219.0,84.3,4.0,2,1,1,1,2
19.0,Male,182.3,66.1,19.9,3-5 times/week,Excellent,6.5,1.0,Yes,Low,0,2751.0,70.4,4.0,4,1,1,0,0
37.0,Other,155.9,102.8,42.3,3-5 times/week,Good,6.6,10.0,No,High,0,2804.0,79.5,4.0,3,3,0,0,2
57.0,Female,166.0,55.9,20.3,1-2 times/week,Good,7.5,4.0,Yes,Moderate,0,2138.0,60.4,1.5,3,2,1,0,1
61.0,Other,172.0,118.0,39.9,3-5 times/week,Poor,7.0,6.0,No,Low,0,2184.0,84.7,4.0,1,1,0,0,2
40.0,Female,167.0,79.2,28.4,Daily,Excellent,9.1,6.0,Yes,Low,1,2458.0,66.8,7.0,4,1,1,1,1
37.0,Female,155.8,68.2,28.1,1-2 times/week,Excellent,8.4,2.0,No,High,1,2241.0,49.3,1.5,4,3,0,1,1
47.0,Other,165.0,95.3,35.0,1-2 times/week,Average,6.2,2.0,Yes,Low,1,2238.0,71.5,1.5,2,1,1,1,2
49.0,Female,169.1,63.5,22.2,Daily,Excellent,9.2,6.0,No,Low,0,1827.0,32.6,7.0,4,1,0,0,1
45.0,Female,153.7,58.4,24.7,3-5 times/week,Good,7.9,5.0,No,Low,0,2152.0,64.7,4.0,3,1,0,0,1
24.0,Male,175.4,84.3,27.4,1-2 times/week,Good,5.3,6.0,No,Low,0,2490.0,67.5,1.5,3,1,0,0,0
60.0,Other,171.8,83.5,28.3,1-2 times/week,Good,8.8,5.0,No,High,0,2376.0,64.3,1.5,3,3,0,0,2
62.0,Female,159.8,54.4,21.3,3-5 times/week,Good,7.0,6.0,Yes,Moderate,0,2907.0,101.6,4.0,3,2,1,0,1
46.0,Male,163.2,79.1,29.7,3-5 times/week,Poor,7.7,6.0,Yes,Moderate,0,3363.0,142.6,4.0,1,2,1,0,0
34.0,Female,156.8,54.8,22.3,Daily,Good,6.5,5.0,No,High,0,2603.0,61.7,7.0,3,3,0,0,1
56.0,Other,159.3,77.1,30.4,3-5 times/week,Poor,5.5,2.0,No,Moderate,0,3214.0,134.2,4.0,1,2,0,0,2
63.0,Female,165.9,83.4,30.3,3-5 times/week,Excellent,8.0,7.0,Yes,Low,1,1573.0,43.8,4.0,4,1,1,1,1
18.0,Male,188.3,87.6,24.7,3-5 times/week,Good,7.9,2.0,No,Moderate,0,2506.0,68.0,4.0,3,2,0,0,0
23.0,Female,158.2,91.1,36.4,3-5 times/week,Average,8.8,5.0,No,Moderate,0,1871.0,64.5,4.0,2,2,0,0,1
52.0,Other,179.3,59.2,18.4,None,Good,7.2,6.0,No,Low,0,1930.0,62.4,0.0,3,1,0,0,2
37.0,Other,156.0,58.6,24.1,3-5 times/week,Excellent,7.0,6.0,No,Low,1,1730.0,37.8,4.0,4,1,0,1,2
39.0,Female,156.9,67.2,27.3,3-5 times/week,Excellent,5.6,1.0,No,Moderate,0,1874.0,46.7,4.0,4,2,0,0,1
33.0,Other,156.2,49.0,20.1,3-5 times/week,Excellent,9.9,10.0,No,High,0,2448.0,65.2,4.0,4,3,0,0,2
41.0,Male,180.7,82.0,25.1,Daily,Good,8.2,5.0,No,Low,1,3555.0,151.7,7.0,3,1,0,1,0
42.0,Other,169.8,99.2,34.4,1-2 times/week,Poor,4.0,9.0,No,Low,0,2281.0,106.1,1.5,1,1,0,0,2
32.0,Male,176.5,65.4,21.0,3-5 times/week,Excellent,6.1,6.0,No,Low,1,2327.0,54.0,4.0,4,1,0,1,0
57.0,Other,169.3,70.8,24.7,3-5 times/week,Average,7.7,4.0,No,High,0,2827.0,95.2,4.0,2,3,0,0,2
57.0,Male,166.3,84.3,30.5,1-2 times/week,Poor,7.7,1.0,No,Low,0,3142.0,135.8,1.5,1,1,0,0,0
29.0,Other,171.7,79.3,26.9,Daily,Good,5.4,9.0,Yes,Low,0,2731.0,78.2,7.0,3,1,1,0,2
22.0,Male,173.4,111.6,37.1,3-5 times/week,Good,4.6,1.0,Yes,High,0,3242.0,81.2,4.0,3,3,1,0,0
32.0,Male,182.3,113.3,34.1,3-5 times/week,Poor,7.0,6.0,No,Low,0,3439.0,145.9,4.0,1,1,0,0,0
49.0,Male,166.0,41.9,15.2,Daily,Excellent,7.7,9.0,No,Low,0,2667.0,59.9,7.0,4,1,0,0,0
31.0,Female,155.8,76.2,31.4,Daily,Poor,7.0,8.0,No,Low,0,2791.0,134.2,7.0,1,1,0,0,1
31.0,Female,145.0,51.3,24.4,Daily,Poor,7.0,10.0,No,Low,0,2606.0,121.2,7.0,1,1,0,0,1
29.0,Male,154.8,75.5,31.5,3-5 times/week,Excellent,7.4,3.0,Yes,Low,1,1585.0,42.4,4.0,4,1,1,1,0
61.0,Other,156.4,58.5,23.9,Daily,Good,6.5,2.0,No,Low,0,2105.0,64.3,7.0,3,1,0,0,2
43.0,Male,175.1,69.0,22.5,3-5 times/week,Excellent,7.3,3.0,No,Moderate,0,1969.0,48.1,4.0,4,2,0,0,0
24.0,Female,168.7,106.2,37.3,3-5 times/week,Poor,6.9,10.0,Yes,High,0,3149.0,136.1,4.0,1,3,1,0,1
68.0,Male,173.6,80.8,26.8,3-5 times/week,Good,6.7,4.0,No,Low,0,2580.0,73.3,4.0,3,1,0,0,0
27.0,Male,176.2,74.2,23.9,Daily,Good,8.0,1.0,No,Moderate,0,3418.0,101.1,7.0,3,2,0,0,0
50.0,Female,163.1,60.1,22.6,Daily,Excellent,8.1,6.0,Yes,Low,0,1687.0,34.5,7.0,4,1,1,0,1
68.0,Female,154.2,82.7,34.8,Daily,Good,5.1,5.0,Yes,Low,1,2024.0,70.8,7.0,3,1,1,1,1
33.0,Female,163.4,94.8,35.5,3-5 times/week,Poor,8.2,5.0,No,Low,1,2095.0,85.5,4.0,1,1,0,1,1
20.0,Female,158.3,60.4,24.1,3-5 times/week,Good,7.0,10.0,No,High,0,2086.0,61.8,4.0,3,3,0,0,1
60.0,Female,164.1,50.6,18.8,3-5 times/week,Good,7.2,9.0,Yes,Low,0,1684.0,51.7,4.0,3,1,1,0,1
53.0,Female,174.0,65.4,21.6,3-5 times/week,Good,7.3,5.0,No,Low,0,2241.0,82.2,4.0,3,1,0,0,1
50.0,Female,157.8,37.4,15.0,1-2 times/week,Poor,7.4,6.0,No,Low,1,2327.0,109.6,1.5,1,1,0,1,1
51.0,Male,174.5,107.2,35.2,1-2 times/week,Average,6.5,2.0,Yes,High,0,2837.0,101.1,1.5,2,3,1,0,0
48.0,Male,172.2,96.7,32.6,1-2 times/week,Poor,8.8,8.0,No,Moderate,0,3000.0,114.3,1.5,1,2,0,0,0
59.0,Other,170.1,81.6,28.2,Daily,Excellent,7.9,4.0,Yes,High,0,2151.0,56.7,7.0,4,3,1,0,2
49.0,Male,176.2,97.5,31.4,3-5 times/week,Poor,6.8,8.0,No,Low,0,3588.0,166.3,4.0,1,1,0,0,0
55.0,Male,151.8,63.8,27.7,3-5 times/week,Good,7.0,7.0,No,Low,1,1565.0,43.3,4.0,3,1,0,1,0
27.0,Other,171.2,74.7,25.5,3-5 times/week,Poor,7.2,7.0,No,Low,0,3043.0,138.7,4.0,1,1,0,0,2
37.0,Male,166.3,85.2,30.8,1-2 times/week,Average,6.7,10.0,No,Moderate,0,2339.0,96.2,1.5,2,2,0,0,0
44.0,Female,168.5,69.6,24.5,Daily,Average,9.7,2.0,No,Low,0,2523.0,83.1,7.0,2,1,0,0,1
22.0,Male,179.6,67.1,20.8,3-5 times/week,Excellent,6.2,6.0,No,High,0,2667.0,62.1,4.0,4,3,0,0,0
62.0,Female,163.3,65.3,24.5,Daily,Good,5.4,5.0,No,Low,0,2664.0,73.9,7.0,3,1,0,0,1
62.0,Male,151.5,77.6,33.8,3-5 times/week,Average,5.7,6.0,No,High,1,2829.0,109.8,4.0,2,3,0,1,0
64.0,Male,173.7,80.6,26.7,3-5 times/week,Poor,7.0,6.0,No,Low,0,3080.0,131.1,4.0,1,1,0,0,0
64.0,Other,168.0,92.9,32.9,Daily,Good,7.0,10.0,No,None,0,1779.0,52.3,7.0,3,0,0,0,2
24.0,Male,165.7,117.5,42.8,1-2 times/week,Average,5.5,6.0,Yes,High,0,3250.0,134.5,1.5,2,3,1,0,0
39.0,Male,161.0,66.6,25.7,Daily,Average,6.5,1.0,Yes,Low,0,2731.0,114.8,7.0,2,1,1,0,0
52.0,Female,159.1,68.6,27.1,Daily,Average,5.9,7.0,Yes,High,0,2848.0,106.8,7.0,2,3,1,0,1
19.0,Female,145.0,39.5,18.8,3-5 times/week,Poor,6.8,8.0,No,Low,0,2386.0,96.5,4.0,1,1,0,0,1
54.0,Female,158.1,73.7,29.5,3-5 times/week,Average,6.3,7.0,No,High,0,2666.0,91.5,4.0,2,3,0,0,1
31.0,Male,166.6,74.4,26.8,1-2 times/week,Poor,8.6,9.0,Yes,Low,1,3176.0,136.0,1.5,1,1,1,1,0
34.0,Other,171.8,81.2,27.5,3-5 times/week,Average,5.9,3.0,Yes,Low,0,2650.0,88.2,4.0,2,1,1,0,2
30.0,Male,177.9,76.6,24.2,3-5 times/week,Good,5.6,2.0,No,Low,0,2969.0,92.2,4.0,3,1,0,0,0
61.0,Female,164.1,75.9,28.2,1-2 times/week,Good,6.8,5.0,Yes,High,0,1740.0,56.4,1.5,3,3,1,0,1
60.0,Other,165.9,59.7,21.7,3-5 times/week,Good,7.3,2.0,No,Low,0,2379.0,85.3,4.0,3,1,0,0,2
56.0,Other,162.1,56.2,21.4,Daily,Poor,7.8,2.0,No,Low,0,2344.0,107.0,7.0,1,1,0,0,2
58.0,Male,172.5,79.2,26.6,3-5 times/week,Good,6.7,4.0,No,Low,0,2017.0,53.2,4.0,3,1,0,0,0
47.0,Female,152.0,65.8,28.5,1-2 times/week,Poor,7.4,1.0,No,Moderate,0,2651.0,123.8,1.5,1,2,0,0,1
37.0,Male,170.7,56.2,19.3,Daily,Excellent,7.0,6.0,No,Moderate,0,2396.0,60.7,7.0,4,2,0,0,0
31.0,Male,167.0,64.7,23.2,1-2 times/week,Average,6.8,8.0,No,Moderate,0,3028.0,112.9,1.5,2,2,0,0,0
21.0,Female,155.5,44.7,18.5,3-5 times/week,Good,6.4,6.0,No,Moderate,0,2115.0,56.1,4.0,3,2,0,0,1
25.0,Female,160.5,100.7,39.1,Daily,Good,7.0,6.0,Yes,Low,0,2283.0,50.5,7.0,3,1,1,0,1
50.0,Male,181.4,123.4,37.5,3-5 times/week,Good,6.6,10.0,No,High,0,2695.0,78.7,4.0,3,3,0,0,0
38.0,Male,173.1,90.8,30.3,3-5 times/week,Good,7.1,2.0,No,Low,0,2369.0,81.2,4.0,3,1,0,0,0
29.0,Other,158.4,54.7,21.8,3-5 times/week,Average,4.4,4.0,No,Low,0,2680.0,88.4,4.0,2,1,0,0,2
37.0,Male,173.1,75.8,25.3,3-5 times/week,Good,8.1,10.0,Yes,Low,0,2729.0,79.1,4.0,3,1,1,0,0
59.0,Female,164.8,80.9,29.8,3-5 times/week,Excellent,7.0,9.0,Yes,Low,1,1571.0,45.6,4.0,4,1,1,1,1
26.0,Female,165.7,84.6,30.8,Daily,Good,6.4,5.0,Yes,Low,0,2586.0,91.6,7.0,3,1,1,0,1
62.0,Male,172.9,95.7,32.0,3-5 times/week,Excellent,7.4,4.0,Yes,Low,1,2124.0,52.9,4.0,4,1,1,1,0
39.0,Male,179.9,108.7,33.6,3-5 times/week,Poor,7.7,10.0,No,Moderate,0,3738.0,159.1,4.0,1,2,0,0,0
58.0,Female,161.5,77.2,29.6,3-5 times/week,Average,7.4,3.0,Yes,Low,0,2240.0,80.0,4.0,2,1,1,0,1
34.0,Male,175.5,65.9,21.4,1-2 times/week,Poor,6.0,6.0,No,Moderate,0,3068.0,129.1,1.5,1,2,0,0,0
59.0,Male,179.0,82.7,25.8,1-2 times/week,Good,7.5,4.0,Yes,Moderate,0,2970.0,106.8,1.5,3,2,1,0,0
24.0,Male,185.8,87.0,25.2,3-5 times/week,Average,8.2,7.0,No,Low,0,3611.0,129.8,4.0,2,1,0,0,0
54.0,Other,165.4,91.9,33.6,1-2 times/week,Poor,8.0,1.0,No,Low,0,2461.0,105.7,1.5,1,1,0,0,2
56.0,Male,180.0,101.1,31.2,3-5 times/week,Good,6.2,2.0,No,Low,1,3020.0,88.2,4.0,3,1,0,1,0
69.0,Other,158.5,83.2,33.1,3-5 times/week,Poor,8.2,1.0,No,Low,0,2266.0,96.4,4.0,1,1,0,0,2
52.0,Female,145.0,79.1,37.6,3-5 times/week,Poor,6.9,9.0,No,Low,0,2682.0,114.3,4.0,1,1,0,0,1
34.0,Female,152.5,74.4,32.0,3-5 times/week,Average,7.1,7.0,No,Low,0,2466.0,80.9,4.0,2,1,0,0,1
58.0,Other,186.3,109.7,31.6,3-5 times/week,Good,7.7,6.0,Yes,Low,0,2001.0,54.4,4.0,3,1,1,0,2
68.0,Female,161.2,70.4,27.1,3-5 times/week,Good,7.8,6.0,No,High,1,1909.0,63.5,4.0,3,3,0,1,1
25.0,Female,156.0,78.8,32.4,3-5 times/week,Poor,7.0,1.0,No,Low,0,2374.0,119.3,4.0,1,1,0,0,1
30.0,Male,159.1,75.7,29.9,Daily,Average,7.8,4.0,Yes,Low,0,2346.0,88.7,7.0,2,1,1,0,0
37.0,Male,172.9,89.7,30.0,1-2 times/week,Excellent,6.5,6.0,Yes,Moderate,0,3438.0,142.5,1.5,4,2,1,0,0
45.0,Female,158.5,70.6,28.1,1-2 times/week,Good,7.5,4.0,Yes,High,0,2196.0,63.6,1.5,3,3,1,0,1
32.0,Other,170.6,93.1,32.0,1-2 times/week,Average,8.8,5.0,No,High,0,2634.0,92.6,1.5,2,3,0,0,2
31.0,Male,171.2,82.9,28.3,Daily,Average,8.1,7.0,Yes,Low,0,3167.0,119.4,7.0,2,1,1,0,0
65.0,Female,168.0,111.5,39.5,3-5 times/week,Average,6.8,10.0,No,Low,1,1895.0,69.6,4.0,2,1,0,1,1
41.0,Male,162.1,58.3,22.2,Daily,Average,6.7,7.0,No,High,0,2976.0,102.3,7.0,2,3,0,0,0
19.0,Other,170.3,76.0,26.2,Daily,Average,6.8,6.0,No,High,0,3261.0,102.4,7.0,2,3,0,0,2
67.0,Other,156.9,60.1,24.4,Daily,Excellent,5.5,2.0,No,Moderate,0,1952.0,47.2,7.0,4,2,0,0,2
30.0,Male,174.9,73.1,23.9,3-5 times/week,Average,7.0,6.0,No,Moderate,0,3202.0,124.1,4.0,2,2,0,0,0
43.0,Female,164.1,97.5,36.2,3-5 times/week,Poor,7.5,2.0,Yes,Low,0,2490.0,105.3,4.0,1,1,1,0,1
42.0,Male,163.6,62.4,23.3,3-5 times/week,Excellent,6.7,8.0,No,Low,0,1803.0,43.5,4.0,4,1,0,0,0
28.0,Male,157.1,57.0,23.1,3-5 times/week,Excellent,9.4,7.0,No,Low,1,1715.0,41.3,4.0,4,1,0,1,0
44.0,Male,168.7,110.1,38.7,None,Excellent,7.0,9.0,Yes,Moderate,1,3152.0,80.4,0.0,4,2,1,1,0
69.0,Female,170.8,88.7,30.4,Daily,Excellent,7.2,5.0,No,Moderate,0,1805.0,41.3,7.0,4,2,0,0,1
69.0,Other,161.2,62.1,23.9,3-5 times/week,Poor,6.6,1.0,No,Low,0,2503.0,96.5,4.0,1,1,0,0,2
69.0,Male,176.2,99.3,32.0,3-5 times/week,Good,5.8,6.0,No,Low,0,2286.0,61.9,4.0,3,1,0,0,0
43.0,Female,148.5,53.1,24.1,3-5 times/week,Good,7.0,8.0,No,Low,0,1751.0,50.1,4.0,3,1,0,0,1
55.0,Male,172.6,79.8,26.8,1-2 times/week,Average,6.5,1.0,No,Low,0,2492.0,83.2,1.5,2,1,0,0,0
56.0,Male,167.9,53.6,19.0,1-2 times/week,Excellent,6.1,4.0,No,Low,0,2122.0,78.9,1.5,4,1,0,0,0
59.0,Female,161.4,44.3,17.0,Daily,Average,7.7,10.0,Yes,Low,0,2336.0,86.4,7.0,2,1,1,0,1
55.0,Other,154.1,66.7,28.1,3-5 times/week,Good,6.7,4.0,No,High,0,2271.0,62.7,4.0,3,3,0,0,2
33.0,Female,161.0,75.9,29.3,3-5 times/week,Poor,5.6,1.0,No,Moderate,1,2225.0,99.1,4.0,1,2,0,1,1
31.0,Female,161.3,74.2,28.5,Daily,Good,8.6,1.0,No,High,0,3304.0,107.2,7.0,3,3,0,0,1
51.0,Male,185.0,90.7,26.5,3-5 times/week,Excellent,9.1,3.0,No,Low,1,2046.0,54.9,4.0,4,1,0,1,0
29.0,Female,165.1,69.2,25.4,Daily,Average,7.0,10.0,Yes,Low,0,2159.0,79.8,7.0,2,1,1,0,1
59.0,Female,157.7,60.2,24.2,Daily,Average,6.7,6.0,No,Moderate,1,2487.0,92.5,7.0,2,2,0,1,1
65.0,Female,152.6,50.8,21.8,3-5 times/week,Excellent,7.3,9.0,Yes,Low,1,1624.0,43.8,4.0,4,1,1,1,1
34.0,Female,165.8,53.9,19.6,3-5 times/week,Excellent,7.8,6.0,No,Moderate,0,2063.0,42.7,4.0,4,2,0,0,1
19.0,Other,167.3,78.1,27.9,3-5 times/week,Excellent,8.4,3.0,Yes,Low,0,2208.0,64.3,4.0,4,1,1,0,2
50.0,Female,161.8,56.8,21.7,3-5 times/week,Good,6.6,2.0,Yes,Moderate,0,1709.0,44.2,4.0,3,2,1,0,1
64.0,Female,158.8,71.9,28.5,3-5 times/week,Average,9.6,10.0,No,Low,0,1808.0,63.7,4.0,2,1,0,0,1
62.0,Female,156.5,66.4,27.1,3-5 times/week,Poor,6.6,8.0,No,Moderate,0,2963.0,115.7,4.0,1,2,0,0,1
67.0,Other,152.3,72.1,31.1,Daily,Average,6.6,8.0,No,High,1,2665.0,96.1,7.0,2,3,0,1,2
49.0,Male,160.3,59.9,23.3,3-5 times/week,Good,7.0,1.0,No,Low,0,2280.0,69.9,4.0,3,1,0,0,0
26.0,Female,155.8,43.2,17.8,Daily,Good,6.9,2.0,Yes,Moderate,0,2652.0,76.7,7.0,3,2,1,0,1
40.0,Male,168.7,54.1,19.0,Daily,Good,8.7,6.0,Yes,Moderate,1,2774.0,77.2,7.0,3,2,1,1,0
65.0,Male,173.9,86.2,28.5,3-5 times/week,Good,6.6,1.0,No,High,0,2414.0,64.7,4.0,3,3,0,0,0
48.0,Male,172.6,61.1,20.5,Daily,Excellent,8.0,4.0,Yes,Low,0,2429.0,62.5,7.0,4,1,1,0,0
62.0,Male,176.3,117.5,37.8,1-2 times/week,Poor,6.9,8.0,Yes,High,0,3596.0,135.3,1.5,1,3,1,0,0
44.0,Male,180.2,75.7,23.3,3-5 times/week,Average,5.1,9.0,No,Low,0,2265.0,87.8,4.0,2,1,0,0,0
24.0,Male,180.0,92.0,28.4,Daily,Average,5.1,10.0,No,High,0,2971.0,104.4,7.0,2,3,0,0,0
55.0,Male,171.5,88.2,30.0,Daily,Poor,6.9,8.0,No,Moderate,0,3603.0,167.0,7.0,1,2,0,0,0
64.0,Male,172.0,101.2,34.2,3-5 times/week,Good,5.7,3.0,No,Moderate,1,2766.0,78.2,4.0,3,2,0,1,0
30.0,Male,175.6,85.7,27.8,3-5 times/week,Good,9.8,7.0,No,Low,1,1734.0,43.7,4.0,3,1,0,1,0
48.0,Female,160.0,74.5,29.1,1-2 times/week,Excellent,5.8,5.0,No,Low,0,1733.0,47.8,1.5,4,1,0,0,1
52.0,Male,169.5,83.3,29.0,3-5 times/week,Average,3.0,6.0,No,Low,1,2886.0,98.8,4.0,2,1,0,1,0
43.0,Male,174.0,70.2,23.2,3-5 times/week,Average,7.0,4.0,Yes,Low,0,2719.0,82.3,4.0,2,1,1,0,0
42.0,Other,162.1,84.9,32.3,1-2 times/week,Average,5.1,2.0,No,High,0,2958.0,103.4,1.5,2,3,0,0,2
40.0,Female,176.7,113.0,36.2,3-5 times/week,Poor,7.4,2.0,Yes,Moderate,0,2689.0,108.2,4.0,1,2,1,0,1
22.0,Male,168.2,82.3,29.1,3-5 times/week,Average,5.5,6.0,No,Low,0,2027.0,75.2,4.0,2,1,0,0,0
64.0,Other,187.9,76.6,21.7,3-5 times/week,Excellent,6.9,6.0,No,High,0,2138.0,45.5,4.0,4,3,0,0,2
34.0,Female,175.1,64.4,21.0,Daily,Excellent,7.0,7.0,No,Moderate,0,2136.0,51.5,7.0,4,2,0,0,1
59.0,Male,170.3,100.1,34.5,Daily,Average,5.6,1.0,Yes,High,0,3932.0,140.3,7.0,2,3,1,0,0
62.0,Female,166.2,95.8,34.7,Daily,Good,5.7,6.0,No,Low,1,2192.0,65.6,7.0,3,1,0,1,1
24.0,Other,157.8,50.3,20.2,3-5 times/week,Excellent,8.2,6.0,No,Low,1,1887.0,41.8,4.0,4,1,0,1,2
18.0,Female,156.8,61.7,25.1,3-5 times/week,Good,6.4,6.0,No,Low,0,2544.0,115.7,4.0,3,1,0,0,1
45.0,Male,168.8,105.7,37.1,1-2 times/week,Excellent,5.1,4.0,Yes,High,0,2480.0,56.1,1.5,4,3,1,0,0
56.0,Male,168.4,42.5,15.0,1-2 times/week,Excellent,7.3,1.0,Yes,Moderate,0,2235.0,53.6,1.5,4,2,1,0,0
24.0,Female,162.0,42.3,16.1,3-5 times/week,Good,7.0,4.0,No,Low,0,2333.0,68.2,4.0,3,1,0,0,1
56.0,Other,178.8,69.4,21.7,3-5 times/week,Excellent,7.2,10.0,No,Low,1,2212.0,59.3,4.0,4,1,0,1,2
40.0,Other,166.9,63.8,22.9,1-2 times/week,Average,6.1,2.0,No,Low,1,2748.0,92.4,1.5,2,1,0,1,2
33.0,Other,156.4,75.6,30.9,1-2 times/week,Good,8.2,3.0,Yes,Low,0,1914.0,53.2,1.5,3,1,1,0,2
32.0,Other,172.5,101.5,34.1,3-5 times/week,Poor,8.6,4.0,No,Low,0,3166.0,135.3,4.0,1,1,0,0,2
60.0,Other,170.6,55.9,19.2,Daily,Excellent,8.5,1.0,No,Low,0,2204.0,55.5,7.0,4,1,0,0,2
41.0,Male,175.8,93.6,30.3,Daily,Good,8.2,5.0,No,High,0,3198.0,84.8,7.0,3,3,0,0,0
51.0,Male,175.4,109.5,35.6,1-2 times/week,Average,9.9,8.0,No,Moderate,1,2767.0,106.8,1.5,2,2,0,1,0
69.0,Male,160.1,70.2,27.4,Daily,Good,5.7,6.0,Yes,Low,0,3175.0,129.3,7.0,3,1,1,0,0
56.0,Male,168.6,61.1,21.5,3-5 times/week,Excellent,7.2,1.0,No,Low,0,2315.0,59.4,4.0,4,1,0,0,0
29.0,Male,167.4,81.3,29.0,1-2 times/week,Poor,7.0,2.0,No,High,0,2976.0,135.7,1.5,1,3,0,0,0
68.0,Male,178.3,87.4,27.5,3-5 times/week,Good,7.6,3.0,No,High,0,2037.0,64.0,4.0,3,3,0,0,0
68.0,Female,154.8,77.9,32.5,3-5 times/week,Excellent,6.8,8.0,No,Moderate,1,1410.0,31.1,4.0,4,2,0,1,1
56.0,Female,148.7,60.8,27.5,3-5 times/week,Average,7.8,1.0,No,Low,0,1204.0,45.1,4.0,2,1,0,0,1
26.0,Female,157.4,72.3,29.2,3-5 times/week,Good,6.0,8.0,Yes,High,0,2262.0,63.7,4.0,3,3,1,0,1
34.0,Female,162.5,84.8,32.1,1-2 times/week,Excellent,10.0,6.0,Yes,Low,0,1908.0,47.1,1.5,4,1,1,0,1
32.0,Female,160.7,67.1,26.0,1-2 times/week,Average,5.5,6.0,No,High,0,2773.0,107.1,1.5,2,3,0,0,1
69.0,Other,173.7,99.0,32.8,1-2 times/week,Good,7.1,5.0,No,Low,0,2361.0,69.1,1.5,3,1,0,0,2
59.0,Female,167.7,69.5,24.7,1-2 times/week,Good,7.0,4.0,Yes,Low,0,1603.0,49.1,1.5,3,1,1,0,1
42.0,Other,156.2,74.4,30.5,3-5 times/week,Average,8.5,1.0,Yes,Low,0,1958.0,69.3,4.0,2,1,1,0,2
57.0,Female,166.3,101.8,36.8,3-5 times/week,Poor,6.3,10.0,No,Low,0,2790.0,116.9,4.0,1,1,0,0,1
48.0,Male,172.9,70.8,23.7,1-2 times/week,Good,8.4,4.0,Yes,Low,0,1922.0,60.6,1.5,3,1,1,0,0
31.0,Female,154.1,52.2,22.0,3-5 times/week,Poor,7.1,7.0,No,Low,0,1967.0,76.1,4.0,1,1,0,0,1
66.0,Male,163.1,50.8,19.1,3-5 times/week,Excellent,7.4,3.0,No,Low,0,2317.0,47.8,4.0,4,1,0,0,0
40.0,Female,159.9,57.8,22.6,3-5 times/week,Poor,7.3,7.0,No,Moderate,0,2332.0,54.1,4.0,1,2,0,0,1
21.0,Female,161.0,51.8,20.0,3-5 times/week,Excellent,7.7,2.0,No,High,0,1729.0,43.7,4.0,4,3,0,0,1
25.0,Male,157.6,90.7,36.5,Daily,Average,5.9,10.0,Yes,Low,0,3010.0,109.1,7.0,2,1,1,0,0
36.0,Male,172.2,57.2,19.3,1-2 times/week,Average,7.7,9.0,Yes,Low,0,2912.0,100.7,1.5,2,1,1,0,0
32.0,Male,167.9,63.4,22.5,3-5 times/week,Excellent,7.5,3.0,No,High,0,2966.0,77.7,4.0,4,3,0,0,0
20.0,Other,165.9,83.7,30.4,3-5 times/week,Excellent,8.4,3.0,Yes,Low,0,1816.0,38.6,4.0,4,1,1,0,2
30.0,Female,165.8,84.9,30.9,1-2 times/week,Poor,7.5,4.0,No,None,0,2363.0,104.1,1.5,1,0,0,0,1
26.0,Female,159.0,76.1,30.1,3-5 times/week,Average,7.0,6.0,No,Low,0,2287.0,79.0,4.0,2,1,0,0,1
18.0,Male,164.5,59.5,22.0,Daily,Excellent,6.5,4.0,No,High,0,2632.0,64.7,7.0,4,3,0,0,0
20.0,Other,152.5,71.4,30.7,1-2 times/week,Good,5.7,10.0,No,High,0,2553.0,73.7,1.5,3,3,0,0,2
35.0,Female,174.8,83.7,27.4,3-5 times/week,Excellent,7.1,8.0,No,Low,0,1847.0,35.5,4.0,4,1,0,0,1
67.0,Other,165.6,53.5,19.5,3-5 times/week,Excellent,7.4,10.0,No,Low,0,2129.0,40.5,4.0,4,1,0,0,2
64.0,Male,171.1,70.3,24.0,1-2 times/week,Good,5.1,10.0,Yes,Low,0,2116.0,55.7,1.5,3,1,1,0,0
24.0,Female,163.6,65.6,24.5,1-2 times/week,Good,6.4,3.0,No,High,0,2448.0,66.2,1.5,3,3,0,0,1
36.0,Female,164.5,81.5,30.1,3-5 times/week,Average,6.3,8.0,No,Moderate,0,2251.0,79.2,4.0,2,2,0,0,1
53.0,Female,159.0,95.3,37.7,3-5 times/week,Average,9.8,9.0,No,Moderate,0,1842.0,70.1,4.0,2,2,0,0,1
29.0,Male,170.7,73.7,25.3,3-5 times/week,Average,7.3,3.0,No,Low,0,2854.0,111.3,4.0,2,1,0,0,0
18.0,Male,172.4,98.4,33.1,3-5 times/week,Excellent,7.0,10.0,No,High,0,2384.0,61.3,4.0,4,3,0,0,0
25.0,Female,158.6,90.6,36.0,3-5 times/week,Poor,6.8,7.0,No,Moderate,0,3011.0,125.5,4.0,1,2,0,0,1
44.0,Female,161.7,62.8,24.0,1-2 times/week,Good,7.9,7.0,No,Low,0,1607.0,40.8,1.5,3,1,0,0,1
49.0,Other,161.2,65.5,25.2,3-5 times/week,Excellent,7.0,5.0,Yes,High,0,2420.0,50.7,4.0,4,3,1,0,2
40.0,Male,170.5,70.6,24.3,3-5 times/week,Poor,6.5,8.0,No,Low,0,3143.0,126.3,4.0,1,1,0,0,0
20.0,Male,164.1,54.1,20.1,1-2 times/week,Excellent,6.1,10.0,Yes,Low,0,2024.0,46.7,1.5,4,1,1,0,0
32.0,Female,157.1,67.6,27.4,Daily,Good,4.6,7.0,No,Low,0,2520.0,74.6,7.0,3,1,0,0,1
23.0,Male,163.1,55.6,20.9,Daily,Excellent,7.6,4.0,No,High,1,2489.0,65.1,7.0,4,3,0,1,0
64.0,Male,175.7,77.5,25.1,3-5 times/week,Excellent,6.7,4.0,Yes,Low,0,1977.0,60.7,4.0,4,1,1,0,0
21.0,Female,160.2,94.7,36.9,1-2 times/week,Poor,7.1,10.0,No,Low,0,2610.0,108.5,1.5,1,1,0,0,1
18.0,Male,174.2,89.2,29.4,1-2 times/week,Average,8.4,1.0,No,Low,1,3407.0,134.6,1.5,2,1,0,1,0
22.0,Female,165.2,100.4,36.8,1-2 times/week,Poor,8.4,6.0,No,High,0,3766.0,162.6,1.5,1,3,0,0,1
66.0,Other,170.1,112.8,39.0,3-5 times/week,Poor,6.5,10.0,Yes,High,0,2849.0,121.4,4.0,1,3,1,0,2
66.0,Male,174.0,77.5,25.6,Daily,Average,7.2,8.0,Yes,High,0,3618.0,133.1,7.0,2,3,1,0,0
24.0,Female,158.9,77.3,30.6,1-2 times/week,Excellent,5.0,1.0,Yes,Moderate,1,1920.0,46.2,1.5,4,2,1,1,1
22.0,Female,162.8,86.7,32.7,3-5 times/week,Average,8.3,8.0,Yes,Moderate,0,2890.0,129.5,4.0,2,2,1,0,1
55.0,Male,177.0,106.8,34.1,Daily,Poor,7.7,4.0,Yes,High,0,3520.0,153.9,7.0,1,3,1,0,0
23.0,Other,145.0,33.6,16.0,Daily,Excellent,6.6,8.0,No,Low,0,2269.0,53.0,7.0,4,1,0,0,2
20.0,Female,166.2,88.1,31.9,3-5 times/week,Excellent,7.6,9.0,No,High,0,2210.0,54.7,4.0,4,3,0,0,1
48.0,Other,153.6,74.8,31.7,3-5 times/week,Poor,6.5,5.0,No,Low,0,2476.0,118.2,4.0,1,1,0,0,2
43.0,Female,146.7,82.2,38.2,3-5 times/week,Average,7.5,9.0,No,High,0,2171.0,76.7,4.0,2,3,0,0,1
42.0,Female,158.7,47.1,18.7,3-5 times/week,Good,6.2,8.0,No,Moderate,0,1867.0,52.0,4.0,3,2,0,0,1
45.0,Male,181.7,118.2,35.8,3-5 times/week,Good,7.5,1.0,No,Moderate,0,2085.0,60.9,4.0,3,2,0,0,0
61.0,Male,162.5,80.8,30.6,1-2 times/week,Good,6.9,6.0,No,Moderate,0,2463.0,68.3,1.5,3,2,0,0,0
66.0,Other,166.4,86.7,31.3,3-5 times/week,Average,8.2,6.0,No,Low,0,2453.0,78.5,4.0,2,1,0,0,2
66.0,Female,154.9,79.7,33.2,Daily,Average,7.9,5.0,No,High,1,2566.0,98.8,7.0,2,3,0,1,1
58.0,Male,176.4,92.4,29.7,3-5 times/week,Good,7.0,1.0,No,High,0,2958.0,76.9,4.0,3,3,0,0,0
19.0,Male,173.6,71.7,23.8,1-2 times/week,Excellent,7.8,7.0,No,Moderate,0,2415.0,65.8,1.5,4,2,0,0,0
59.0,Other,162.1,76.7,29.2,3-5 times/week,Good,5.9,8.0,No,Low,0,2307.0,71.3,4.0,3,1,0,0,2
22.0,Male,181.0,49.1,15.0,3-5 times/week,Excellent,8.8,6.0,No,Low,0,2710.0,68.9,4.0,4,1,0,0,0
47.0,Female,152.6,52.2,22.4,3-5 times/week,Average,7.3,6.0,No,Low,0,2168.0,81.3,4.0,2,1,0,0,1
36.0,Female,176.2,50.9,16.4,Daily,Poor,7.1,5.0,No,None,0,3839.0,165.7,7.0,1,0,0,0,1
26.0,Female,158.3,65.4,26.1,1-2 times/week,Excellent,5.5,8.0,Yes,Low,0,1514.0,44.4,1.5,4,1,1,0,1
19.0,Female,159.8,56.7,22.2,3-5 times/week,Excellent,7.0,9.0,Yes,Low,0,2205.0,59.8,4.0,4,1,1,0,1
61.0,Other,167.0,105.7,37.9,Daily,Poor,6.0,4.0,No,High,0,3136.0,133.2,7.0,1,3,0,0,2
56.0,Female,169.6,73.1,25.4,1-2 times/week,Good,6.2,6.0,Yes,Moderate,0,1407.0,28.3,1.5,3,2,1,0,1
58.0,Male,178.8,91.8,28.7,1-2 times/week,Good,7.7,6.0,No,Moderate,0,2225.0,70.3,1.5,3,2,0,0,0
40.0,Male,170.1,89.1,30.8,1-2 times/week,Good,8.2,9.0,No,Moderate,0,2169.0,65.2,1.5,3,2,0,0,0
24.0,Female,159.1,46.1,18.2,3-5 times/week,Good,7.0,10.0,Yes,Low,0,2380.0,67.2,4.0,3,1,1,0,1
25.0,Male,172.7,94.2,31.6,1-2 times/week,Average,8.6,1.0,No,High,0,2825.0,83.5,1.5,2,3,0,0,0
51.0,Other,158.2,59.6,23.8,3-5 times/week,Good,5.6,8.0,No,Low,0,2847.0,89.8,4.0,3,1,0,0,2
56.0,Male,169.5,107.2,37.3,3-5 times/week,Poor,4.0,2.0,No,Low,0,2728.0,116.0,4.0,1,1,0,0,0
24.0,Female,170.2,79.4,27.4,3-5 times/week,Average,7.2,1.0,Yes,High,0,2191.0,74.9,4.0,2,3,1,0,1
47.0,Other,157.2,65.5,26.5,3-5 times/week,Poor,7.1,7.0,No,Low,0,2142.0,97.3,4.0,1,1,0,0,2
52.0,Female,157.9,60.6,24.3,1-2 times/week,Average,6.3,3.0,No,Low,0,2212.0,81.0,1.5,2,1,0,0,1
47.0,Male,161.4,76.1,29.2,3-5 times/week,Good,7.0,9.0,No,High,1,2951.0,79.3,4.0,3,3,0,1,0
24.0,Other,166.3,75.8,27.4,Daily,Good,5.7,5.0,No,Low,1,2017.0,54.4,7.0,3,1,0,1,2
18.0,Female,161.7,62.5,23.9,1-2 times/week,Excellent,8.6,5.0,No,High,0,1921.0,37.8,1.5,4,3,0,0,1
24.0,Other,165.2,61.1,22.4,Daily,Average,7.0,2.0,No,High,0,2667.0,94.0,7.0,2,3,0,0,2
69.0,Female,156.6,45.9,18.7,1-2 times/week,Excellent,6.0,10.0,Yes,Low,0,1852.0,45.9,1.5,4,1,1,0,1
26.0,Other,161.2,90.2,34.7,Daily,Poor,7.5,8.0,Yes,High,0,3582.0,149.2,7.0,1,3,1,0,2
29.0,Other,159.2,64.9,25.6,Daily,Good,8.6,3.0,No,Low,0,2738.0,74.0,7.0,3,1,0,0,2
56.0,Other,168.7,72.0,25.3,3-5 times/week,Average,8.4,3.0,Yes,Low,0,2952.0,104.6,4.0,2,1,1,0,2
41.0,Male,164.4,99.7,36.9,1-2 times/week,Excellent,7.5,5.0,No,Moderate,1,3257.0,120.9,1.5,4,2,0,1,0
44.0,Other,167.2,68.2,24.4,3-5 times/week,Excellent,7.5,7.0,No,Moderate,1,2374.0,64.2,4.0,4,2,0,1,2
54.0,Female,151.6,55.2,24.0,Daily,Average,10.0,1.0,No,Moderate,0,2254.0,69.8,7.0,2,2,0,0,1
59.0,Male,180.5,100.3,30.8,3-5 times/week,Good,5.8,6.0,No,Low,1,2544.0,74.1,4.0,3,1,0,1,0
33.0,Male,180.7,59.4,18.2,1-2 times/week,Good,7.0,4.0,No,Low,0,2248.0,66.3,1.5,3,1,0,0,0
35.0,Male,177.5,78.5,24.9,3-5 times/week,Good,6.3,6.0,No,Low,0,2291.0,65.5,4.0,3,1,0,0,0
33.0,Other,164.9,81.3,29.9,1-2 times/week,Excellent,5.3,6.0,No,Low,0,1613.0,36.3,1.5,4,1,0,0,2
33.0,Other,155.1,69.0,28.7,3-5 times/week,Poor,7.4,9.0,No,Low,0,3136.0,130.8,4.0,1,1,0,0,2
68.0,Female,156.7,56.7,23.1,Daily,Poor,7.2,2.0,No,Moderate,1,2523.0,105.9,7.0,1,2,0,1,1
43.0,Male,176.3,109.7,35.3,3-5 times/week,Poor,6.1,6.0,No,High,0,3166.0,129.4,4.0,1,3,0,0,0
51.0,Female,180.7,105.5,32.3,3-5 times/week,Average,8.3,10.0,No,High,1,2636.0,98.9,4.0,2,3,0,1,1
60.0,Female,167.7,77.1,27.4,Daily,Good,5.7,9.0,No,Low,1,1831.0,51.0,7.0,3,1,0,1,1
69.0,Female,156.6,62.5,25.5,3-5 times/week,Excellent,8.2,9.0,Yes,Low,0,1649.0,27.9,4.0,4,1,1,0,1
26.0,Other,156.2,56.1,23.0,Daily,Good,6.8,5.0,No,Low,0,2386.0,62.0,7.0,3,1,0,0,2
46.0,Other,154.9,52.3,21.8,3-5 times/week,Average,7.3,2.0,Yes,Low,0,2186.0,74.0,4.0,2,1,1,0,2
58.0,Female,152.7,77.9,33.4,1-2 times/week,Poor,5.6,7.0,No,Moderate,0,2167.0,91.2,1.5,1,2,0,0,1
25.0,Female,156.7,36.8,15.0,3-5 times/week,Good,7.3,4.0,No,Low,0,1214.0,40.3,4.0,3,1,0,0,1
33.0,Male,163.9,65.5,24.4,Daily,Good,7.0,8.0,No,High,0,3176.0,105.0,7.0,3,3,0,0,0
29.0,Male,169.8,92.6,32.1,1-2 times/week,Poor,7.2,10.0,No,Low,1,2818.0,109.8,1.5,1,1,0,1,0
54.0,Male,172.3,92.6,31.2,3-5 times/week,Good,6.4,6.0,Yes,Moderate,1,2388.0,50.6,4.0,3,2,1,1,0
54.0,Male,161.5,80.6,30.9,Daily,Poor,7.7,8.0,No,Low,0,2391.0,93.1,7.0,1,1,0,0,0
23.0,Other,170.1,68.6,23.7,3-5 times/week,Good,8.1,8.0,No,Low,0,2078.0,53.2,4.0,3,1,0,0,2
65.0,Male,171.6,111.3,37.8,3-5 times/week,Good,7.2,5.0,No,Low,1,3235.0,123.1,4.0,3,1,0,1,0
62.0,Male,162.8,80.6,30.4,None,Poor,7.2,3.0,No,Low,0,2527.0,109.8,0.0,1,1,0,0,0
56.0,Male,172.5,60.4,20.3,Daily,Average,8.5,2.0,No,Moderate,0,2922.0,103.0,7.0,2,2,0,0,0
58.0,Other,163.3,101.1,37.9,3-5 times/week,Poor,7.6,6.0,No,Low,0,2670.0,121.2,4.0,1,1,0,0,2
61.0,Male,176.4,102.1,32.8,Daily,Average,7.4,9.0,Yes,Moderate,0,2996.0,94.3,7.0,2,2,1,0,0
42.0,Female,167.2,95.9,34.3,Daily,Poor,7.2,2.0,No,High,0,3336.0,155.5,7.0,1,3,0,0,1
55.0,Female,154.7,80.4,33.6,3-5 times/week,Poor,6.4,4.0,Yes,High,0,2894.0,120.9,4.0,1,3,1,0,1
63.0,Female,164.0,61.1,22.7,3-5 times/week,Good,7.5,9.0,No,High,1,2445.0,82.2,4.0,3,3,0,1,1
41.0,Female,159.4,80.5,31.7,1-2 times/week,Good,8.1,7.0,Yes,Low,0,1717.0,50.1,1.5,3,1,1,0,1
58.0,Other,168.7,77.7,27.3,1-2 times/week,Excellent,8.4,2.0,No,Low,1,2024.0,49.7,1.5,4,1,0,1,2
53.0,Male,162.3,65.6,24.9,Daily,Excellent,7.3,10.0,No,Low,0,2165.0,43.6,7.0,4,1,0,0,0
31.0,Female,164.1,93.7,34.8,3-5 times/week,Poor,5.8,8.0,No,Moderate,1,2772.0,118.6,4.0,1,2,0,1,1
50.0,Male,165.0,75.7,27.8,None,Average,7.8,3.0,No,Moderate,0,2819.0,106.5,0.0,2,2,0,0,0
30.0,Female,176.7,111.8,35.8,3-5 times/week,Poor,8.4,9.0,No,Moderate,0,2661.0,117.4,4.0,1,2,0,0,1
28.0,Female,156.5,51.7,21.1,3-5 times/week,Excellent,7.8,3.0,Yes,Low,0,1820.0,45.3,4.0,4,1,1,0,1
56.0,Other,155.8,71.1,29.3,1-2 times/week,Poor,7.1,8.0,No,Low,0,2688.0,114.9,1.5,1,1,0,0,2
25.0,Female,161.8,41.4,15.8,Daily,Excellent,7.4,5.0,Yes,High,0,1915.0,45.2,7.0,4,3,1,0,1
29.0,Female,174.5,74.9,24.6,Daily,Excellent,6.1,8.0,Yes,Moderate,0,1696.0,42.0,7.0,4,2,1,0,1
56.0,Other,166.1,84.4,30.6,3-5 times/week,Poor,6.9,4.0,Yes,High,0,3007.0,128.8,4.0,1,3,1,0,2
38.0,Other,166.7,101.4,36.5,1-2 times/week,Average,7.3,3.0,Yes,High,1,1931.0,75.7,1.5,2,3,1,1,2
63.0,Female,164.6,103.0,38.0,1-2 times/week,Poor,7.1,5.0,No,High,0,2485.0,110.8,1.5,1,3,0,0,1
51.0,Male,172.8,95.3,31.9,1-2 times/week,Good,9.0,6.0,Yes,Low,1,2598.0,90.7,1.5,3,1,1,1,0
21.0,Other,167.5,64.0,22.8,3-5 times/week,Excellent,5.9,6.0,No,Low,0,2134.0,66.5,4.0,4,1,0,0,2
34.0,Male,183.4,118.1,35.1,1-2 times/week,Poor,8.8,4.0,No,Low,1,3449.0,143.5,1.5,1,1,0,1,0
69.0,Female,176.2,101.2,32.6,3-5 times/week,Average,7.0,2.0,No,Low,0,2305.0,86.8,4.0,2,1,0,0,1
59.0,Male,166.1,111.2,40.3,3-5 times/week,Average,7.0,5.0,No,Low,1,2692.0,108.8,4.0,2,1,0,1,0
52.0,Male,166.3,108.1,39.1,1-2 times/week,Good,8.3,5.0,Yes,High,0,3148.0,139.0,1.5,3,3,1,0,0
48.0,Male,167.1,41.9,15.0,Daily,Excellent,5.5,2.0,No,High,0,2515.0,61.5,7.0,4,3,0,0,0
36.0,Other,158.7,48.1,19.1,Daily,Excellent,7.2,6.0,Yes,High,0,1857.0,40.0,7.0,4,3,1,0,2
52.0,Female,160.2,79.6,31.0,1-2 times/week,Good,7.0,9.0,Yes,Moderate,0,2110.0,66.8,1.5,3,2,1,0,1
59.0,Male,180.6,116.1,35.6,1-2 times/week,Good,8.9,1.0,No,Low,0,2777.0,75.7,1.5,3,1,0,0,0
55.0,Male,167.6,96.1,34.2,1-2 times/week,Good,5.6,8.0,No,Low,0,2377.0,62.2,1.5,3,1,0,0,0
52.0,Male,167.6,72.8,25.9,None,Average,4.6,6.0,Yes,High,0,3019.0,104.5,0.0,2,3,1,0,0
54.0,Female,166.5,78.7,28.4,3-5 times/week,Good,8.0,8.0,Yes,Low,0,2026.0,81.4,4.0,3,1,1,0,1
48.0,Other,157.2,52.9,21.4,1-2 times/week,Good,6.7,9.0,No,Low,0,2420.0,69.9,1.5,3,1,0,0,2
41.0,Other,166.7,98.9,35.6,3-5 times/week,Good,6.0,6.0,No,High,1,2715.0,84.8,4.0,3,3,0,1,2
68.0,Male,167.5,83.3,29.7,3-5 times/week,Good,7.7,4.0,No,Low,1,1909.0,56.0,4.0,3,1,0,1,0
31.0,Female,160.8,66.7,25.8,3-5 times/week,Good,6.8,9.0,No,High,0,2997.0,107.0,4.0,3,3,0,0,1
44.0,Female,170.8,51.3,17.6,Daily,Poor,7.4,6.0,No,Low,0,2681.0,100.5,7.0,1,1,0,0,1
68.0,Other,163.7,89.5,33.4,3-5 times/week,Good,5.3,10.0,No,Moderate,1,2454.0,67.6,4.0,3,2,0,1,2
42.0,Female,151.9,78.0,33.8,1-2 times/week,Poor,7.2,5.0,No,Low,0,2779.0,116.1,1.5,1,1,0,0,1
42.0,Other,172.0,110.1,37.2,Daily,Poor,6.5,8.0,No,Moderate,0,3520.0,151.9,7.0,1,2,0,0,2
28.0,Female,153.6,44.6,18.9,3-5 times/week,Good,6.9,3.0,Yes,Low,0,1800.0,48.0,4.0,3,1,1,0,1
35.0,Other,159.7,70.4,27.6,Daily,Poor,7.5,7.0,Yes,Moderate,0,3408.0,154.3,7.0,1,2,1,0,2
38.0,Female,159.5,74.0,29.1,3-5 times/week,Excellent,7.1,8.0,No,Low,0,1277.0,36.1,4.0,4,1,0,0,1
32.0,Male,165.3,91.8,33.6,3-5 times/week,Excellent,8.1,7.0,Yes,Moderate,0,2571.0,57.3,4.0,4,2,1,0,0
45.0,Other,172.0,83.4,28.2,1-2 times/week,Poor,6.3,6.0,No,Moderate,0,2682.0,121.1,1.5,1,2,0,0,2
42.0,Female,181.3,85.8,26.1,3-5 times/week,Poor,8.8,9.0,Yes,Low,0,3292.0,141.6,4.0,1,1,1,0,1
32.0,Female,166.4,93.9,33.9,1-2 times/week,Excellent,8.3,6.0,Yes,Low,0,1963.0,46.5,1.5,4,1,1,0,1
54.0,Other,149.1,61.6,27.7,1-2 times/week,Average,7.0,7.0,No,Low,0,2249.0,81.2,1.5,2,1,0,0,2
45.0,Other,170.0,90.5,31.3,1-2 times/week,Average,5.9,8.0,No,Low,1,2385.0,82.7,1.5,2,1,0,1,2
58.0,Female,166.1,98.8,35.8,1-2 times/week,Poor,7.6,10.0,No,High,1,2927.0,124.9,1.5,1,3,0,1,1
26.0,Female,156.2,79.1,32.4,1-2 times/week,Poor,9.6,7.0,No,High,1,2957.0,123.4,1.5,1,3,0,1,1
58.0,Other,149.8,51.2,22.8,Daily,Excellent,7.1,1.0,Yes,Moderate,0,1990.0,44.5,7.0,4,2,1,0,2
19.0,Female,155.4,58.9,24.4,3-5 times/week,Average,6.3,8.0,Yes,Low,0,1915.0,74.4,4.0,2,1,1,0,1
52.0,Male,170.6,81.8,28.1,3-5 times/week,Excellent,6.5,6.0,No,Low,0,1866.0,51.0,4.0,4,1,0,0,0
54.0,Male,178.6,97.9,30.7,3-5 times/week,Good,7.0,3.0,No,Low,0,2915.0,87.8,4.0,3,1,0,0,0
42.0,Male,175.1,74.2,24.2,3-5 times/week,Good,6.4,5.0,No,Low,1,2814.0,84.0,4.0,3,1,0,1,0
38.0,Male,169.7,83.8,29.1,Daily,Poor,5.7,4.0,Yes,Low,0,3617.0,144.7,7.0,1,1,1,0,0
56.0,Female,159.1,39.2,15.5,3-5 times/week,Good,7.2,9.0,No,Low,0,2138.0,70.4,4.0,3,1,0,0,1
42.0,Male,184.1,88.5,26.1,3-5 times/week,Excellent,7.8,1.0,Yes,Low,1,2999.0,74.8,4.0,4,1,1,1,0
46.0,Female,177.8,97.7,30.9,3-5 times/week,Good,7.8,3.0,Yes,High,1,2286.0,87.7,4.0,3,3,1,1,1
32.0,Male,166.3,47.6,17.2,3-5 times/week,Excellent,8.3,4.0,No,Low,0,1645.0,29.5,4.0,4,1,0,0,0
35.0,Male,149.2,63.4,28.5,3-5 times/week,Good,7.5,4.0,No,Low,0,1320.0,41.2,4.0,3,1,0,0,0
65.0,Male,179.2,75.8,23.6,3-5 times/week,Poor,6.9,10.0,No,Moderate,0,3085.0,128.7,4.0,1,2,0,0,0
61.0,Other,178.5,114.4,35.9,3-5 times/week,Poor,6.6,9.0,No,Low,0,2562.0,101.5,4.0,1,1,0,0,2
31.0,Male,158.1,67.2,26.9,Daily,Average,5.9,7.0,No,Low,0,2687.0,97.1,7.0,2,1,0,0,0
22.0,Male,171.5,80.0,27.2,3-5 times/week,Good,6.3,2.0,No,Low,0,2324.0,67.5,4.0,3,1,0,0,0
66.0,Other,164.4,73.2,27.1,Daily,Good,8.0,2.0,Yes,Low,0,3052.0,130.2,7.0,3,1,1,0,2
55.0,Other,167.0,65.8,23.6,3-5 times/week,Good,7.0,8.0,No,Moderate,0,1583.0,38.0,4.0,3,2,0,0,2
50.0,Male,186.8,76.4,21.9,Daily,Average,7.8,5.0,No,Low,0,2859.0,102.2,7.0,2,1,0,0,0
46.0,Other,153.0,61.8,26.4,1-2 times/week,Average,6.3,6.0,Yes,Low,0,2193.0,71.2,1.5,2,1,1,0,2
55.0,Female,157.8,79.2,31.8,1-2 times/week,Poor,7.0,7.0,No,Low,0,2110.0,98.0,1.5,1,1,0,0,1
35.0,Other,168.0,102.2,36.2,1-2 times/week,Excellent,7.1,3.0,No,Moderate,0,2187.0,50.8,1.5,4,2,0,0,2
65.0,Male,169.5,89.4,31.1,3-5 times/week,Good,7.4,8.0,Yes,Moderate,0,2235.0,64.6,4.0,3,2,1,0,0
53.0,Male,173.4,95.6,31.8,3-5 times/week,Excellent,8.4,5.0,Yes,High,1,2277.0,69.8,4.0,4,3,1,1,0
28.0,Other,174.2,52.8,17.4,3-5 times/week,Good,8.2,8.0,No,Low,0,2009.0,70.5,4.0,3,1,0,0,2
19.0,Other,171.4,86.4,29.4,3-5 times/week,Good,7.0,2.0,No,High,1,2350.0,69.5,4.0,3,3,0,1,2
30.0,Female,153.8,58.7,24.8,Daily,Good,8.2,4.0,Yes,Low,1,2223.0,53.9,7.0,3,1,1,1,1
33.0,Male,155.2,50.6,21.0,1-2 times/week,Average,7.2,3.0,No,Low,1,1996.0,71.4,1.5,2,1,0,1,0
47.0,Other,160.7,65.6,25.4,1-2 times/week,Excellent,7.4,1.0,Yes,High,0,2132.0,42.9,1.5,4,3,1,0,2
52.0,Male,166.5,89.5,32.3,1-2 times/week,Average,7.9,6.0,Yes,Low,0,2256.0,83.4,1.5,2,1,1,0,0
60.0,Male,172.0,88.5,29.9,Daily,Good,7.0,7.0,No,Low,0,2981.0,128.7,7.0,3,1,0,0,0
19.0,Male,165.2,82.1,30.1,3-5 times/week,Average,7.1,8.0,No,High,0,2934.0,104.5,4.0,2,3,0,0,0
49.0,Other,163.9,82.5,30.7,3-5 times/week,Average,6.0,5.0,No,Low,0,2668.0,92.4,4.0,2,1,0,0,2
32.0,Other,165.4,47.6,17.4,Daily,Excellent,5.3,6.0,No,Moderate,0,1758.0,37.8,7.0,4,2,0,0,2
22.0,Other,171.0,52.6,18.0,Daily,Average,6.6,2.0,No,Low,0,3022.0,109.3,7.0,2,1,0,0,2
68.0,Other,164.2,65.8,24.4,Daily,Poor,8.8,9.0,Yes,Low,0,2587.0,101.2,7.0,1,1,1,0,2
54.0,Female,154.5,63.0,26.4,1-2 times/week,Excellent,7.0,7.0,Yes,Moderate,0,1779.0,37.9,1.5,4,2,1,0,1
64.0,Female,152.9,72.5,31.0,Daily,Poor,6.2,4.0,Yes,Low,0,2294.0,104.5,7.0,1,1,1,0,1
32.0,Female,158.7,65.2,25.9,1-2 times/week,Poor,7.1,1.0,Yes,Low,0,2514.0,106.8,1.5,1,1,1,0,1
50.0,Male,179.9,81.9,25.3,3-5 times/week,Good,6.7,4.0,No,Low,0,2330.0,59.5,4.0,3,1,0,0,0
19.0,Female,162.0,94.5,36.0,Daily,Average,6.5,5.0,No,Low,0,2375.0,82.3,7.0,2,1,0,0,1
22.0,Other,171.4,82.3,28.0,3-5 times/week,Good,7.1,9.0,No,Low,0,2185.0,54.6,4.0,3,1,0,0,2
32.0,Other,165.0,67.0,24.6,1-2 times/week,Poor,7.0,6.0,Yes,Low,0,2572.0,120.7,1.5,1,1,1,0,2
30.0,Female,163.4,91.6,34.3,3-5 times/week,Average,8.4,9.0,No,High,0,2263.0,69.6,4.0,2,3,0,0,1
65.0,Female,156.4,52.1,21.3,3-5 times/week,Average,7.5,1.0,No,Low,0,1200.0,30.3,4.0,2,1,0,0,1
31.0,Other,170.5,79.4,27.3,1-2 times/week,Good,5.7,2.0,Yes,Low,1,2258.0,50.0,1.5,3,1,1,1,2
48.0,Female,171.4,111.0,37.8,3-5 times/week,Poor,7.0,4.0,No,High,0,3069.0,125.8,4.0,1,3,0,0,1
60.0,Other,167.0,63.9,22.9,3-5 times/week,Good,7.0,7.0,Yes,Moderate,0,1772.0,51.7,4.0,3,2,1,0,2
49.0,Other,160.4,88.5,34.4,1-2 times/week,Good,8.1,3.0,Yes,Low,0,2422.0,93.3,1.5,3,1,1,0,2
55.0,Female,158.9,66.4,26.3,3-5 times/week,Good,7.0,3.0,No,Moderate,0,1851.0,45.7,4.0,3,2,0,0,1
26.0,Female,167.1,67.9,24.3,3-5 times/week,Good,7.0,4.0,No,Low,0,1854.0,58.8,4.0,3,1,0,0,1
36.0,Other,168.1,63.6,22.5,3-5 times/week,Average,6.5,10.0,No,Low,0,2226.0,85.2,4.0,2,1,0,0,2
30.0,Male,165.5,64.1,23.4,None,Average,8.7,4.0,No,Low,0,2495.0,88.1,0.0,2,1,0,0,0
62.0,Male,159.6,77.2,30.3,3-5 times/week,Poor,6.1,7.0,Yes,Low,0,2426.0,114.7,4.0,1,1,1,0,0
30.0,Male,176.5,102.5,32.9,1-2 times/week,Average,6.1,9.0,No,High,0,2937.0,110.1,1.5,2,3,0,0,0
27.0,Male,167.0,64.7,23.2,1-2 times/week,Excellent,5.5,7.0,No,Moderate,0,2334.0,55.3,1.5,4,2,0,0,0
37.0,Male,179.2,134.2,41.8,3-5 times/week,Average,5.2,9.0,No,Moderate,0,2952.0,110.0,4.0,2,2,0,0,0
49.0,Other,170.4,68.8,23.7,3-5 times/week,Average,8.1,6.0,Yes,Moderate,0,2820.0,99.5,4.0,2,2,1,0,2
61.0,Male,160.5,77.3,30.0,1-2 times/week,Average,8.7,6.0,No,High,1,2632.0,98.8,1.5,2,3,0,1,0
44.0,Other,158.2,64.8,25.9,3-5 times/week,Excellent,6.2,9.0,No,Low,0,1804.0,51.4,4.0,4,1,0,0,2
64.0,Female,152.0,34.9,15.1,3-5 times/week,Excellent,7.3,7.0,No,Moderate,0,1523.0,46.0,4.0,4,2,0,0,1
26.0,Female,181.7,85.5,25.9,3-5 times/week,Average,8.8,3.0,Yes,Low,0,2854.0,100.8,4.0,2,1,1,0,1
61.0,Male,180.3,93.3,28.7,3-5 times/week,Good,6.6,7.0,No,Low,1,2543.0,78.9,4.0,3,1,0,1,0
22.0,Female,155.6,60.5,25.0,3-5 times/week,Good,6.8,9.0,Yes,Moderate,0,2433.0,87.2,4.0,3,2,1,0,1
60.0,Female,157.8,65.2,26.2,3-5 times/week,Excellent,6.6,6.0,Yes,Moderate,0,1200.0,42.6,4.0,4,2,1,0,1
21.0,Male,181.1,84.3,25.7,1-2 times/week,Excellent,7.7,5.0,Yes,Moderate,0,2531.0,59.2,1.5,4,2,1,0,0
40.0,Other,153.4,47.1,20.0,3-5 times/week,Good,7.5,8.0,No,Low,0,2302.0,67.8,4.0,3,1,0,0,2
61.0,Male,173.0,103.6,34.6,1-2 times/week,Average,8.0,10.0,No,High,0,2633.0,92.6,1.5,2,3,0,0,0
44.0,Male,179.8,71.1,22.0,Daily,Average,8.7,6.0,No,Low,0,3433.0,117.2,7.0,2,1,0,0,0
40.0,Male,182.9,129.5,38.7,3-5 times/week,Excellent,5.9,6.0,No,Low,1,2173.0,63.0,4.0,4,1,0,1,0
62.0,Other,155.8,72.6,29.9,Daily,Poor,6.8,6.0,Yes,Low,0,2506.0,106.6,7.0,1,1,1,0,2
20.0,Female,160.9,70.2,27.1,3-5 times/week,Average,6.0,8.0,No,Low,0,2205.0,74.3,4.0,2,1,0,0,1
26.0,Male,166.0,78.3,28.4,3-5 times/week,Excellent,5.3,6.0,No,Moderate,0,2117.0,53.8,4.0,4,2,0,0,0
45.0,Male,167.1,82.7,29.6,1-2 times/week,Average,5.6,5.0,No,Low,0,1960.0,71.7,1.5,2,1,0,0,0
44.0,Male,171.0,67.8,23.2,Daily,Poor,7.3,8.0,No,Low,1,3075.0,122.1,7.0,1,1,0,1,0
18.0,Other,182.5,129.6,38.9,1-2 times/week,Poor,6.9,8.0,No,Low,0,2570.0,101.3,1.5,1,1,0,0,2
62.0,Male,165.9,97.7,35.5,3-5 times/week,Poor,6.2,7.0,No,Moderate,0,2565.0,122.5,4.0,1,2,0,0,0
18.0,Male,170.1,79.3,27.4,Daily,Excellent,5.6,1.0,No,High,1,2990.0,73.7,7.0,4,3,0,1,0
30.0,Female,156.8,74.3,30.2,3-5 times/week,Average,7.1,2.0,No,Low,0,2101.0,76.1,4.0,2,1,0,0,1
23.0,Other,159.7,69.9,27.4,3-5 times/week,Average,6.2,2.0,Yes,Low,1,2794.0,103.6,4.0,2,1,1,1,2
21.0,Male,169.8,98.3,34.1,3-5 times/week,Average,7.2,6.0,Yes,Low,0,2887.0,104.6,4.0,2,1,1,0,0
58.0,Female,156.5,58.8,24.0,None,Average,7.7,3.0,No,High,1,2429.0,82.5,0.0,2,3,0,1,1
48.0,Female,158.3,55.4,22.1,1-2 times/week,Average,7.4,7.0,No,High,0,2297.0,77.3,1.5,2,3,0,0,1
23.0,Male,164.4,87.6,32.4,3-5 times/week,Poor,6.7,5.0,No,High,0,3654.0,152.3,4.0,1,3,0,0,0
64.0,Other,165.6,71.6,26.1,Daily,Excellent,7.4,8.0,No,High,0,2588.0,69.3,7.0,4,3,0,0,2
19.0,Male,173.1,84.8,28.3,1-2 times/week,Good,6.8,10.0,No,High,0,3084.0,98.3,1.5,3,3,0,0,0
51.0,Female,180.9,99.8,30.5,1-2 times/week,Average,7.0,5.0,Yes,Moderate,0,2538.0,97.4,1.5,2,2,1,0,1
44.0,Female,152.5,53.0,22.8,Daily,Poor,7.1,10.0,No,Low,0,2582.0,111.1,7.0,1,1,0,0,1
59.0,Male,177.1,60.8,19.4,3-5 times/week,Good,6.2,4.0,No,Low,0,2566.0,113.8,4.0,3,1,0,0,0
42.0,Other,160.0,87.0,34.0,1-2 times/week,Good,5.0,4.0,Yes,Moderate,0,2602.0,82.3,1.5,3,2,1,0,2
27.0,Female,160.0,51.7,20.2,Daily,Excellent,8.8,4.0,No,Low,0,1981.0,41.8,7.0,4,1,0,0,1
69.0,Female,165.5,80.3,29.3,1-2 times/week,Good,4.7,3.0,No,Low,0,1786.0,50.4,1.5,3,1,0,0,1
48.0,Other,159.2,58.8,23.2,1-2 times/week,Good,6.2,7.0,No,Low,1,2078.0,63.7,1.5,3,1,0,1,2
51.0,Male,173.0,86.2,28.8,1-2 times/week,Good,6.6,1.0,Yes,Moderate,1,2181.0,63.4,1.5,3,2,1,1,0
31.0,Other,147.9,77.9,35.6,3-5 times/week,Poor,7.7,10.0,Yes,Low,0,3014.0,130.7,4.0,1,1,1,0,2
67.0,Female,170.2,94.4,32.6,Daily,Good,8.2,10.0,No,Moderate,1,2601.0,107.2,7.0,3,2,0,1,1
67.0,Male,175.2,122.2,39.8,3-5 times/week,Average,6.7,3.0,Yes,Low,0,2707.0,72.5,4.0,2,1,1,0,0
53.0,Male,167.7,44.4,15.8,Daily,Average,6.3,1.0,No,Low,0,2678.0,90.5,7.0,2,1,0,0,0
51.0,Male,165.9,47.1,17.1,1-2 times/week,Good,8.2,2.0,Yes,Low,0,2683.0,86.4,1.5,3,1,1,0,0
68.0,Other,174.8,70.6,23.1,3-5 times/week,Good,6.3,7.0,No,Low,0,2334.0,75.0,4.0,3,1,0,0,2
21.0,Male,170.0,83.2,28.8,3-5 times/week,Good,7.0,6.0,No,High,1,2556.0,74.4,4.0,3,3,0,1,0
60.0,Female,168.2,81.8,28.9,Daily,Poor,7.0,7.0,No,Low,0,2915.0,114.9,7.0,1,1,0,0,1
27.0,Male,157.9,60.8,24.4,1-2 times/week,Good,7.4,5.0,No,Low,0,2258.0,94.4,1.5,3,1,0,0,0
31.0,Female,151.1,83.1,36.4,3-5 times/week,Average,6.3,4.0,No,Moderate,1,2213.0,81.5,4.0,2,2,0,1,1
59.0,Male,174.7,68.7,22.5,Daily,Average,5.9,5.0,No,Low,1,3409.0,117.7,7.0,2,1,0,1,0
37.0,Other,164.3,68.6,25.4,3-5 times/week,Average,7.0,1.0,No,High,0,2667.0,95.5,4.0,2,3,0,0,2
67.0,Female,162.8,61.0,23.0,3-5 times/week,Good,7.3,3.0,No,Low,0,1950.0,60.3,4.0,3,1,0,0,1
62.0,Other,161.4,70.1,26.9,Daily,Good,7.0,10.0,No,Low,0,2401.0,79.9,7.0,3,1,0,0,2
32.0,Male,172.8,105.1,35.2,Daily,Poor,7.8,6.0,No,Moderate,0,3063.0,124.0,7.0,1,2,0,0,0
50.0,Male,174.2,95.3,31.4,Daily,Good,7.3,10.0,No,High,0,2413.0,60.3,7.0,3,3,0,0,0
63.0,Male,171.5,90.3,30.7,3-5 times/week,Poor,7.9,6.0,No,Low,0,3021.0,121.9,4.0,1,1,0,0,0
33.0,Other,162.0,48.6,18.5,3-5 times/week,Poor,6.6,6.0,Yes,Low,0,2650.0,103.6,4.0,1,1,1,0,2
32.0,Female,154.0,48.1,20.3,Daily,Good,7.6,4.0,No,Moderate,0,2358.0,85.9,7.0,3,2,0,0,1
53.0,Male,171.2,64.8,22.1,3-5 times/week,Good,7.6,1.0,Yes,Moderate,0,2825.0,78.6,4.0,3,2,1,0,0
59.0,Female,168.1,62.4,22.1,3-5 times/week,Excellent,9.0,2.0,No,Moderate,1,1687.0,47.2,4.0,4,2,0,1,1
27.0,Male,171.3,86.0,29.3,1-2 times/week,Good,8.5,9.0,No,Low,0,2434.0,64.4,1.5,3,1,0,0,0
26.0,Male,173.9,96.5,31.9,Daily,Good,5.4,10.0,No,Low,0,2925.0,90.4,7.0,3,1,0,0,0
22.0,Male,176.7,99.3,31.8,3-5 times/week,Poor,9.1,6.0,No,Low,0,3406.0,141.4,4.0,1,1,0,0,0
52.0,Female,162.8,69.7,26.3,3-5 times/week,Average,8.2,4.0,No,Low,0,2932.0,102.9,4.0,2,1,0,0,1
63.0,Male,169.3,67.9,23.7,None,Good,6.6,10.0,No,Moderate,1,2667.0,83.4,0.0,3,2,0,1,0
50.0,Male,173.9,106.8,35.3,3-5 times/week,Poor,5.3,7.0,No,Low,0,2849.0,118.3,4.0,1,1,0,0,0
50.0,Male,166.7,82.8,29.8,Daily,Average,7.1,9.0,No,High,0,3027.0,106.9,7.0,2,3,0,0,0
64.0,Female,161.3,92.6,35.6,1-2 times/week,Poor,6.9,7.0,No,Low,0,2181.0,85.0,1.5,1,1,0,0,1
56.0,Other,165.9,108.2,39.3,3-5 times/week,Poor,5.2,4.0,Yes,High,0,2434.0,70.5,4.0,1,3,1,0,2
67.0,Female,164.4,95.1,35.2,3-5 times/week,Average,7.8,1.0,No,Low,0,2062.0,68.8,4.0,2,1,0,0,1
50.0,Other,172.0,89.9,30.4,3-5 times/week,Poor,6.6,4.0,No,Moderate,1,2293.0,66.6,4.0,1,2,0,1,2
56.0,Male,168.9,91.0,31.9,3-5 times/week,Excellent,6.3,5.0,No,Low,0,1560.0,42.0,4.0,4,1,0,0,0
47.0,Male,167.7,86.3,30.7,Daily,Good,6.8,6.0,Yes,High,0,3613.0,146.0,7.0,3,3,1,0,0
55.0,Other,176.7,87.4,28.0,3-5 times/week,Good,8.5,9.0,No,High,0,2603.0,68.5,4.0,3,3,0,0,2
67.0,Other,164.7,78.1,28.8,Daily,Good,8.8,8.0,No,Moderate,0,2452.0,78.3,7.0,3,2,0,0,2
64.0,Other,161.1,69.6,26.8,3-5 times/week,Good,8.1,2.0,No,Low,0,1683.0,50.0,4.0,3,1,0,0,2
43.0,Other,169.4,86.4,30.1,Daily,Poor,8.5,4.0,No,Low,0,3117.0,131.6,7.0,1,1,0,0,2
23.0,Other,163.7,55.5,20.7,1-2 times/week,Good,6.1,9.0,No,Moderate,0,1913.0,42.6,1.5,3,2,0,0,2
50.0,Female,167.9,78.4,27.8,Daily,Poor,5.1,4.0,No,Low,0,2660.0,105.0,7.0,1,1,0,0,1
44.0,Other,176.9,55.4,17.7,1-2 times/week,Excellent,7.0,8.0,No,Low,0,1849.0,42.8,1.5,4,1,0,0,2
48.0,Other,176.0,89.2,28.8,3-5 times/week,Average,6.4,8.0,Yes,Low,1,2734.0,94.4,4.0,2,1,1,1,2
37.0,Other,158.6,82.0,32.6,3-5 times/week,Average,7.6,7.0,No,Low,1,1562.0,58.5,4.0,2,1,0,1,2
64.0,Male,171.2,61.8,21.1,3-5 times/week,Excellent,6.7,2.0,No,Low,0,2447.0,58.0,4.0,4,1,0,0,0
35.0,Male,174.0,67.2,22.2,3-5 times/week,Average,6.9,5.0,No,High,0,3213.0,112.3,4.0,2,3,0,0,0
44.0,Male,181.9,93.3,28.2,1-2 times/week,Excellent,6.4,4.0,No,High,1,2703.0,59.6,1.5,4,3,0,1,0
24.0,Female,155.5,61.9,25.6,3-5 times/week,Average,7.1,2.0,No,Low,0,2788.0,103.6,4.0,2,1,0,0,1
21.0,Other,156.0,50.9,20.9,Daily,Good,6.1,10.0,No,Low,0,2097.0,61.2,7.0,3,1,0,0,2
46.0,Other,170.7,102.3,35.1,1-2 times/week,Poor,8.5,6.0,Yes,High,1,3499.0,147.0,1.5,1,3,1,1,2
18.0,Other,167.3,69.4,24.8,Daily,Excellent,6.5,10.0,No,Low,0,2715.0,67.3,7.0,4,1,0,0,2
53.0,Other,164.4,83.2,30.8,Daily,Good,8.2,2.0,No,High,0,3104.0,115.0,7.0,3,3,0,0,2
59.0,Other,166.7,107.3,38.6,1-2 times/week,Average,6.8,3.0,No,High,1,2522.0,94.7,1.5,2,3,0,1,2
28.0,Female,166.0,70.3,25.5,3-5 times/week,Good,8.1,8.0,No,Low,0,1316.0,33.1,4.0,3,1,0,0,1
33.0,Female,164.7,65.1,24.0,3-5 times/week,Good,5.8,4.0,No,Moderate,0,1520.0,36.0,4.0,3,2,0,0,1
56.0,Other,164.7,52.6,19.4,Daily,Good,6.6,10.0,No,Moderate,0,2076.0,56.6,7.0,3,2,0,0,2
49.0,Male,173.9,81.7,27.0,3-5 times/week,Excellent,6.7,6.0,No,Low,0,1896.0,43.6,4.0,4,1,0,0,0
18.0,Other,161.0,75.4,29.1,3-5 times/week,Good,8.2,2.0,No,Low,0,2300.0,85.3,4.0,3,1,0,0,2
52.0,Female,166.1,66.8,24.2,1-2 times/week,Good,7.0,10.0,Yes,Low,0,1896.0,56.3,1.5,3,1,1,0,1
24.0,Male,165.5,107.4,39.2,3-5 times/week,Poor,6.6,10.0,No,High,0,3587.0,142.8,4.0,1,3,0,0,0
33.0,Female,162.1,52.8,20.1,Daily,Good,7.0,10.0,Yes,Low,0,1911.0,51.2,7.0,3,1,1,0,1
61.0,Male,176.6,118.5,38.0,1-2 times/week,Average,4.8,3.0,No,High,0,3210.0,117.1,1.5,2,3,0,0,0
58.0,Other,172.4,72.8,24.5,3-5 times/week,Good,7.2,9.0,No,Moderate,1,1522.0,48.9,4.0,3,2,0,1,2
40.0,Male,180.5,86.0,26.4,3-5 times/week,Poor,7.6,7.0,No,Low,0,3136.0,133.6,4.0,1,1,0,0,0
40.0,Female,161.8,47.6,18.2,Daily,Excellent,7.5,4.0,No,Low,0,1689.0,39.0,7.0,4,1,0,0,1
49.0,Other,166.6,89.7,32.3,3-5 times/week,Excellent,6.9,10.0,Yes,Low,0,2515.0,60.0,4.0,4,1,1,0,2
19.0,Female,151.5,54.6,23.8,3-5 times/week,Excellent,5.6,7.0,No,High,0,1867.0,42.8,4.0,4,3,0,0,1
47.0,Other,159.6,41.3,16.2,Daily,Excellent,8.4,6.0,No,Low,0,2267.0,57.5,7.0,4,1,0,0,2
34.0,Female,153.8,77.1,32.6,3-5 times/week,Average,5.8,10.0,No,Low,0,1954.0,67.5,4.0,2,1,0,0,1
32.0,Other,155.5,55.1,22.8,3-5 times/week,Average,7.9,2.0,No,Low,0,1787.0,74.0,4.0,2,1,0,0,2
61.0,Female,161.9,88.9,33.9,3-5 times/week,Poor,6.0,4.0,No,Moderate,0,2457.0,110.0,4.0,1,2,0,0,1
45.0,Female,160.4,76.2,29.6,3-5 times/week,Poor,7.5,3.0,No,Moderate,0,2352.0,113.7,4.0,1,2,0,0,1
42.0,Other,159.5,89.8,35.3,3-5 times/week,Good,7.1,3.0,No,High,0,2316.0,62.7,4.0,3,3,0,0,2
62.0,Male,170.0,95.9,33.2,Daily,Excellent,5.5,10.0,Yes,High,0,2533.0,69.7,7.0,4,3,1,0,0
46.0,Male,168.0,58.4,20.7,3-5 times/week,Good,6.3,5.0,Yes,Moderate,0,2633.0,73.7,4.0,3,2,1,0,0
28.0,Female,152.7,43.4,18.6,Daily,Excellent,5.4,5.0,No,Low,0,2114.0,71.5,7.0,4,1,0,0,1
52.0,Female,152.1,85.1,36.8,1-2 times/week,Poor,6.4,10.0,Yes,High,0,2478.0,94.5,1.5,1,3,1,0,1
49.0,Male,178.2,121.0,38.1,Daily,Average,6.4,1.0,Yes,Moderate,1,3132.0,109.6,7.0,2,2,1,1,0
27.0,Female,158.5,56.5,22.5,3-5 times/week,Excellent,4.9,8.0,Yes,High,1,1691.0,41.0,4.0,4,3,1,1,1
59.0,Female,147.5,46.6,21.4,Daily,Excellent,5.8,6.0,No,High,0,1846.0,52.3,7.0,4,3,0,0,1
61.0,Male,173.8,80.7,26.7,3-5 times/week,Poor,8.6,4.0,No,Moderate,0,3110.0,120.4,4.0,1,2,0,0,0
33.0,Female,161.5,72.2,27.7,3-5 times/week,Poor,6.5,9.0,Yes,Low,0,2519.0,107.6,4.0,1,1,1,0,1
51.0,Other,182.4,104.5,31.4,3-5 times/week,Average,6.1,5.0,Yes,Moderate,0,2591.0,93.4,4.0,2,2,1,0,2
61.0,Male,160.7,74.6,28.9,3-5 times/week,Excellent,4.7,9.0,Yes,Low,0,1950.0,43.1,4.0,4,1,1,0,0
50.0,Female,157.9,60.6,24.3,1-2 times/week,Excellent,7.7,7.0,No,Moderate,0,1932.0,52.6,1.5,4,2,0,0,1
65.0,Female,163.6,61.3,22.9,Daily,Good,9.3,6.0,Yes,High,0,2417.0,60.7,7.0,3,3,1,0,1
23.0,Female,158.3,62.9,25.1,Daily,Average,7.0,8.0,Yes,Low,0,2601.0,86.2,7.0,2,1,1,0,1
64.0,Male,165.5,74.8,27.3,Daily,Poor,7.4,10.0,No,High,0,3141.0,134.2,7.0,1,3,0,0,0
19.0,Male,175.9,118.8,38.4,1-2 times/week,Poor,8.4,10.0,No,High,0,3503.0,150.8,1.5,1,3,0,0,0
43.0,Male,168.9,59.9,21.0,Daily,Excellent,4.2,7.0,No,Low,0,2505.0,53.7,7.0,4,1,0,0,0
19.0,Female,152.0,51.1,22.1,3-5 times/week,Poor,7.6,3.0,No,Low,0,2320.0,92.3,4.0,1,1,0,0,1
20.0,Female,155.6,66.1,27.3,1-2 times/week,Poor,5.0,7.0,Yes,Low,0,2489.0,102.1,1.5,1,1,1,0,1
59.0,Male,177.5,120.0,38.1,3-5 times/week,Poor,5.4,4.0,Yes,Low,0,3025.0,133.7,4.0,1,1,1,0,0
64.0,Female,158.0,66.9,26.8,Daily,Good,7.4,9.0,No,Low,1,2081.0,56.7,7.0,3,1,0,1,1
30.0,Female,147.2,51.6,23.8,1-2 times/week,Excellent,6.8,7.0,No,Moderate,0,2311.0,59.7,1.5,4,2,0,0,1
24.0,Female,164.1,60.9,22.6,Daily,Average,6.3,10.0,No,Low,0,2265.0,70.7,7.0,2,1,0,0,1
48.0,Female,152.9,62.9,26.9,Daily,Good,5.9,9.0,No,None,0,2584.0,108.9,7.0,3,0,0,0,1
67.0,Female,154.6,52.3,21.9,3-5 times/week,Average,7.6,7.0,Yes,Low,0,1879.0,68.1,4.0,2,1,1,0,1
26.0,Other,159.0,63.7,25.2,1-2 times/week,Excellent,7.6,6.0,Yes,Low,0,1785.0,42.4,1.5,4,1,1,0,2
22.0,Female,164.8,87.2,32.1,3-5 times/week,Good,5.0,10.0,No,Moderate,0,2291.0,78.1,4.0,3,2,0,0,1
47.0,Other,166.3,74.4,26.9,1-2 times/week,Poor,4.0,7.0,No,Moderate,0,2653.0,120.7,1.5,1,2,0,0,2
60.0,Male,169.9,55.7,19.3,Daily,Excellent,4.8,10.0,Yes,High,1,2662.0,66.9,7.0,4,3,1,1,0
45.0,Female,168.0,87.5,31.0,Daily,Excellent,8.2,3.0,No,Low,0,2603.0,114.9,7.0,4,1,0,0,1
45.0,Female,166.8,67.6,24.3,3-5 times/week,Good,4.8,2.0,No,Low,1,1562.0,38.4,4.0,3,1,0,1,1
40.0,Female,158.3,102.2,40.8,1-2 times/week,Poor,6.3,5.0,Yes,Moderate,0,2587.0,103.2,1.5,1,2,1,0,1
23.0,Other,168.9,67.6,23.7,3-5 times/week,Excellent,6.2,3.0,Yes,Low,0,1610.0,32.8,4.0,4,1,1,0,2
26.0,Female,152.7,55.5,23.8,3-5 times/week,Poor,9.0,2.0,No,Low,1,2403.0,101.8,4.0,1,1,0,1,1
38.0,Female,164.7,65.4,24.1,3-5 times/week,Average,6.9,3.0,No,High,1,2266.0,83.4,4.0,2,3,0,1,1
32.0,Female,151.0,38.5,16.9,3-5 times/week,Average,7.3,10.0,Yes,High,0,1301.0,39.1,4.0,2,3,1,0,1
25.0,Male,174.4,87.6,28.8,3-5 times/week,Average,4.8,4.0,No,Moderate,0,3333.0,114.1,4.0,2,2,0,0,0
34.0,Other,169.2,67.6,23.6,None,Good,7.2,5.0,No,Moderate,1,2838.0,101.0,0.0,3,2,0,1,2
50.0,Other,152.1,74.7,32.3,Daily,Poor,8.8,10.0,No,Low,0,3155.0,131.5,7.0,1,1,0,0,2
24.0,Male,177.4,75.5,24.0,3-5 times/week,Poor,7.7,10.0,No,Low,0,3295.0,140.0,4.0,1,1,0,0,0
48.0,Male,164.5,90.1,33.3,Daily,Poor,7.5,2.0,No,Low,0,3494.0,146.6,7.0,1,1,0,0,0
57.0,Female,150.1,67.8,30.1,1-2 times/week,Good,6.0,6.0,Yes,Low,0,2520.0,101.9,1.5,3,1,1,0,1
64.0,Other,166.2,73.2,26.5,Daily,Average,5.6,4.0,No,Low,0,2627.0,95.5,7.0,2,1,0,0,2
31.0,Other,160.4,72.6,28.2,3-5 times/week,Poor,8.2,8.0,No,Low,0,2342.0,92.2,4.0,1,1,0,0,2
33.0,Other,165.0,87.1,32.0,3-5 times/week,Good,7.3,6.0,No,Low,0,2074.0,61.5,4.0,3,1,0,0,2
60.0,Male,168.2,80.3,28.4,3-5 times/week,Good,7.6,10.0,No,Low,1,2426.0,69.0,4.0,3,1,0,1,0
32.0,Other,158.7,82.1,32.6,3-5 times/week,Average,5.6,8.0,No,Moderate,0,3200.0,119.6,4.0,2,2,0,0,2
34.0,Male,170.2,62.9,21.7,Daily,Good,6.7,1.0,Yes,Low,0,2464.0,72.5,7.0,3,1,1,0,0
54.0,Male,173.7,69.7,23.1,Daily,Average,8.0,5.0,No,High,1,3511.0,128.6,7.0,2,3,0,1,0
26.0,Other,150.9,40.8,17.9,1-2 times/week,Good,7.3,6.0,No,Low,0,1974.0,56.2,1.5,3,1,0,0,2
25.0,Male,165.9,65.5,23.8,1-2 times/week,Poor,6.3,4.0,No,Low,0,3142.0,141.3,1.5,1,1,0,0,0
66.0,Male,181.1,95.8,29.2,3-5 times/week,Good,7.0,5.0,No,Low,1,2866.0,81.7,4.0,3,1,0,1,0
64.0,Other,166.2,90.9,32.9,1-2 times/week,Average,9.2,8.0,No,Low,1,2164.0,80.1,1.5,2,1,0,1,2
26.0,Female,164.3,71.5,26.5,3-5 times/week,Good,8.5,6.0,No,Moderate,1,2533.0,91.1,4.0,3,2,0,1,1
33.0,Female,165.3,62.6,22.9,3-5 times/week,Excellent,7.9,3.0,No,Moderate,1,1597.0,40.0,4.0,4,2,0,1,1
62.0,Female,157.5,71.9,29.0,3-5 times/week,Average,8.5,7.0,No,High,0,2370.0,74.2,4.0,2,3,0,0,1
51.0,Male,169.6,66.7,23.2,Daily,Good,7.0,7.0,No,Low,0,2558.0,65.0,7.0,3,1,0,0,0
54.0,Male,170.4,129.5,44.3,3-5 times/week,Average,9.2,9.0,No,Low,0,3042.0,99.7,4.0,2,1,0,0,0
62.0,Other,164.8,70.6,26.0,Daily,Good,6.5,10.0,No,Moderate,0,2875.0,126.8,7.0,3,2,0,0,2
30.0,Other,164.4,75.1,27.8,3-5 times/week,Good,7.8,5.0,No,High,0,2687.0,90.0,4.0,3,3,0,0,2
62.0,Other,156.2,69.8,28.6,3-5 times/week,Good,6.2,10.0,No,Low,1,1674.0,45.5,4.0,3,1,0,1,2
49.0,Other,157.8,72.5,29.1,3-5 times/week,Poor,5.2,7.0,No,Low,0,2538.0,106.7,4.0,1,1,0,0,2
50.0,Male,171.7,101.4,34.4,1-2 times/week,Excellent,6.5,6.0,No,High,0,2500.0,63.6,1.5,4,3,0,0,0
38.0,Other,150.2,50.1,22.2,Daily,Good,7.8,6.0,No,Low,0,2558.0,65.0,7.0,3,1,0,0,2
28.0,Male,169.7,91.0,31.6,Daily,Average,6.3,3.0,No,High,0,3720.0,129.9,7.0,2,3,0,0,0
30.0,Male,159.3,56.1,22.1,Daily,Poor,6.8,2.0,Yes,Low,0,3393.0,149.3,7.0,1,1,1,0,0
42.0,Male,179.4,59.9,18.6,Daily,Good,9.6,1.0,No,Moderate,0,2499.0,68.8,7.0,3,2,0,0,0
23.0,Male,160.3,43.4,16.9,3-5 times/week,Good,5.2,6.0,No,Low,0,2017.0,61.7,4.0,3,1,0,0,0
59.0,Male,169.0,85.7,30.0,3-5 times/week,Poor,7.5,4.0,No,Low,0,2791.0,111.4,4.0,1,1,0,0,0
64.0,Other,153.4,88.0,37.4,1-2 times/week,Poor,8.3,7.0,No,Low,0,2395.0,111.1,1.5,1,1,0,0,2
19.0,Male,168.6,90.7,31.9,3-5 times/week,Good,6.2,4.0,No,High,0,2344.0,63.9,4.0,3,3,0,0,0
47.0,Female,165.2,86.0,31.5,3-5 times/week,Average,6.7,1.0,No,Moderate,0,1680.0,54.5,4.0,2,2,0,0,1
28.0,Male,167.4,51.3,18.3,Daily,Excellent,7.8,8.0,No,Low,1,2570.0,64.0,7.0,4,1,0,1,0
18.0,Male,176.2,94.7,30.5,1-2 times/week,Excellent,8.3,9.0,No,High,0,2605.0,59.3,1.5,4,3,0,0,0
59.0,Other,171.5,55.6,18.9,3-5 times/week,Excellent,7.9,1.0,No,Low,1,2262.0,51.6,4.0,4,1,0,1,2
38.0,Other,164.1,88.9,33.0,Daily,Good,7.1,3.0,No,Low,1,2314.0,72.4,7.0,3,1,0,1,2
20.0,Female,168.1,61.6,21.8,3-5 times/week,Excellent,7.0,2.0,No,High,0,2151.0,50.5,4.0,4,3,0,0,1
60.0,Female,154.8,47.7,19.9,3-5 times/week,Average,6.4,6.0,Yes,Low,0,1670.0,50.9,4.0,2,1,1,0,1
39.0,Female,164.7,59.9,22.1,3-5 times/week,Poor,6.5,4.0,No,Low,0,2261.0,96.0,4.0,1,1,0,0,1
64.0,Female,160.6,79.4,30.8,Daily,Average,6.8,1.0,No,High,0,2479.0,84.7,7.0,2,3,0,0,1
34.0,Male,163.4,77.4,29.0,1-2 times/week,Poor,5.4,4.0,No,Low,0,3239.0,147.9,1.5,1,1,0,0,0
66.0,Male,180.9,84.1,25.7,1-2 times/week,Excellent,6.9,9.0,No,High,0,2211.0,59.9,1.5,4,3,0,0,0
41.0,Female,155.3,71.9,29.8,Daily,Good,5.1,1.0,No,Low,0,2600.0,73.1,7.0,3,1,0,0,1
51.0,Other,161.0,67.9,26.2,1-2 times/week,Good,6.6,4.0,No,Low,1,2035.0,58.6,1.5,3,1,0,1,2
59.0,Female,157.8,60.8,24.4,3-5 times/week,Average,9.5,4.0,Yes,Moderate,0,1942.0,77.1,4.0,2,2,1,0,1
50.0,Female,154.6,84.8,35.5,1-2 times/week,Poor,7.0,9.0,No,Moderate,1,2364.0,100.8,1.5,1,2,0,1,1
32.0,Other,173.5,97.2,32.3,Daily,Poor,7.3,4.0,No,Moderate,0,3187.0,132.2,7.0,1,2,0,0,2
41.0,Male,170.6,68.4,23.5,1-2 times/week,Good,7.5,10.0,No,Moderate,1,2415.0,70.4,1.5,3,2,0,1,0
45.0,Female,159.2,54.5,21.5,Daily,Excellent,8.1,8.0,Yes,Low,0,1924.0,53.2,7.0,4,1,1,0,1
29.0,Female,161.0,75.9,29.3,1-2 times/week,Average,7.0,9.0,No,Low,0,1909.0,73.5,1.5,2,1,0,0,1
34.0,Other,165.6,61.2,22.3,3-5 times/week,Average,5.8,10.0,No,Low,0,2833.0,104.6,4.0,2,1,0,0,2
33.0,Other,172.2,83.9,28.3,3-5 times/week,Average,7.1,9.0,No,Moderate,0,2825.0,92.6,4.0,2,2,0,0,2
53.0,Male,170.6,69.0,23.7,Daily,Good,7.0,8.0,Yes,Moderate,1,2543.0,77.1,7.0,3,2,1,1,0
34.0,Female,154.8,48.4,20.2,Daily,Good,6.5,9.0,Yes,Low,0,2177.0,62.5,7.0,3,1,1,0,1
68.0,Male,168.7,94.8,33.3,3-5 times/week,Average,6.5,3.0,No,Low,0,2906.0,101.9,4.0,2,1,0,0,0
63.0,Male,169.5,77.0,26.8,1-2 times/week,Average,6.1,9.0,No,High,0,2826.0,105.4,1.5,2,3,0,0,0
67.0,Male,178.6,83.9,26.3,3-5 times/week,Poor,9.4,2.0,No,Low,0,2528.0,110.2,4.0,1,1,0,0,0
59.0,Female,162.6,92.8,35.1,Daily,Excellent,7.2,7.0,No,Low,0,2073.0,63.0,7.0,4,1,0,0,1
45.0,Male,168.3,97.7,34.5,1-2 times/week,Poor,5.7,2.0,Yes,Moderate,0,3149.0,129.4,1.5,1,2,1,0,0
60.0,Female,153.0,45.9,19.6,Daily,Average,6.1,7.0,No,Low,0,2298.0,75.2,7.0,2,1,0,0,1
55.0,Female,160.4,78.0,30.3,3-5 times/week,Good,7.9,6.0,No,Low,0,1948.0,53.7,4.0,3,1,0,0,1
52.0,Other,145.0,63.1,30.0,3-5 times/week,Poor,7.0,4.0,No,Low,0,2580.0,103.7,4.0,1,1,0,0,2
58.0,Male,181.1,92.8,28.3,Daily,Good,6.9,3.0,No,Low,0,2505.0,70.3,7.0,3,1,0,0,0
42.0,Male,169.4,66.3,23.1,1-2 times/week,Good,6.9,6.0,Yes,Low,0,2437.0,65.9,1.5,3,1,1,0,0
59.0,Female,159.7,62.0,10.700000000000003,3-5 times/week,Good,7.7,2.0,Yes,Moderate,0,1387.0,45.4,4.0,3,2,1,0,1
50.0,Female,155.0,80.7,33.6,3-5 times/week,Poor,7.0,6.0,No,Low,0,2731.0,109.2,4.0,1,1,0,0,1
41.0,Female,164.8,81.5,30.0,3-5 times/week,Average,5.6,3.0,No,Low,0,2078.0,77.1,4.0,2,1,0,0,1
69.0,Other,160.5,72.1,28.0,3-5 times/week,Average,9.4,6.0,No,Moderate,1,2086.0,78.0,4.0,2,2,0,1,2
61.0,Male,171.6,103.4,35.1,3-5 times/week,Average,6.8,10.0,Yes,Low,0,2841.0,88.7,4.0,2,1,1,0,0
66.0,Female,168.2,50.9,18.0,3-5 times/week,Poor,6.2,3.0,No,Low,0,2846.0,128.0,4.0,1,1,0,0,1
57.0,Other,176.0,74.0,23.9,3-5 times/week,Good,8.9,3.0,No,Low,0,1680.0,48.5,4.0,3,1,0,0,2
28.0,Male,181.1,102.0,31.1,3-5 times/week,Good,5.3,2.0,Yes,Low,0,2808.0,70.3,4.0,3,1,1,0,0
23.0,Male,182.1,115.7,34.9,1-2 times/week,Average,7.0,4.0,Yes,Low,1,3272.0,119.8,1.5,2,1,1,1,0
27.0,Male,168.4,70.9,25.0,Daily,Good,7.5,9.0,Yes,Moderate,0,2517.0,71.6,7.0,3,2,1,0,0
19.0,Other,169.3,77.1,26.9,1-2 times/week,Excellent,6.3,7.0,No,Low,0,1862.0,55.0,1.5,4,1,0,0,2
38.0,Female,164.7,115.0,42.4,1-2 times/week,Average,4.8,10.0,Yes,Low,0,2230.0,86.0,1.5,2,1,1,0,1
68.0,Male,165.6,78.7,28.7,1-2 times/week,Good,5.3,1.0,No,Moderate,0,2756.0,76.8,1.5,3,2,0,0,0
32.0,Male,178.1,100.2,31.6,3-5 times/week,Poor,9.0,8.0,No,High,0,3030.0,123.4,4.0,1,3,0,0,0
35.0,Male,168.8,83.5,29.3,1-2 times/week,Good,6.0,8.0,Yes,High,1,2798.0,77.4,1.5,3,3,1,1,0
33.0,Male,178.9,116.5,36.4,3-5 times/week,Average,6.0,3.0,No,High,0,2671.0,99.8,4.0,2,3,0,0,0
56.0,Female,161.7,56.5,21.6,3-5 times/week,Average,6.5,5.0,No,Low,0,2055.0,73.2,4.0,2,1,0,0,1
56.0,Other,161.3,64.0,24.6,3-5 times/week,Excellent,5.0,4.0,No,High,1,2494.0,55.4,4.0,4,3,0,1,2
45.0,Female,159.2,48.4,19.1,3-5 times/week,Poor,6.7,9.0,Yes,High,0,2978.0,122.7,4.0,1,3,1,0,1
31.0,Other,165.2,95.8,35.1,1-2 times/week,Poor,6.8,7.0,No,Moderate,0,2625.0,107.1,1.5,1,2,0,0,2
27.0,Female,153.5,63.9,27.1,Daily,Poor,7.2,5.0,No,Moderate,1,2678.0,117.5,7.0,1,2,0,1,1
23.0,Female,156.0,54.0,22.2,3-5 times/week,Average,7.0,10.0,No,Low,0,2279.0,80.6,4.0,2,1,0,0,1
59.0,Female,170.6,78.9,27.1,1-2 times/week,Poor,7.5,9.0,No,High,1,2836.0,129.9,1.5,1,3,0,1,1
33.0,Other,151.2,75.4,33.0,3-5 times/week,Poor,8.3,9.0,No,Moderate,0,2890.0,118.6,4.0,1,2,0,0,2
51.0,Male,168.8,78.9,27.7,3-5 times/week,Average,7.9,2.0,No,Low,0,2767.0,102.0,4.0,2,1,0,0,0
44.0,Male,167.6,96.3,34.3,3-5 times/week,Excellent,8.4,2.0,Yes,None,0,2075.0,52.0,4.0,4,0,1,0,0
26.0,Male,170.7,91.8,31.5,Daily,Poor,8.9,10.0,No,Low,0,3324.0,143.7,7.0,1,1,0,0,0
40.0,Other,165.0,71.3,26.2,1-2 times/week,Good,6.2,2.0,Yes,Low,0,2211.0,63.7,1.5,3,1,1,0,2
23.0,Male,181.3,74.6,22.7,1-2 times/week,Good,5.3,2.0,Yes,Moderate,1,2369.0,66.1,1.5,3,2,1,1,0
44.0,Male,173.3,76.6,25.5,3-5 times/week,Average,6.7,2.0,No,Low,0,2733.0,86.7,4.0,2,1,0,0,0
42.0,Female,159.7,67.1,26.3,1-2 times/week,Poor,8.0,7.0,No,Low,0,2476.0,106.2,1.5,1,1,0,0,1
52.0,Male,169.0,109.7,38.4,3-5 times/week,Poor,7.7,5.0,Yes,Moderate,0,3471.0,145.7,4.0,1,2,1,0,0
49.0,Male,172.3,62.9,21.2,Daily,Poor,7.0,5.0,No,Low,0,2901.0,124.9,7.0,1,1,0,0,0
37.0,Female,164.8,50.5,18.6,3-5 times/week,Excellent,7.5,7.0,No,Moderate,0,1928.0,44.6,4.0,4,2,0,0,1
55.0,Other,168.3,74.5,26.3,1-2 times/week,Good,6.9,7.0,No,Moderate,0,2343.0,64.1,1.5,3,2,0,0,2
39.0,Other,173.4,79.1,26.3,3-5 times/week,Good,7.2,6.0,Yes,Low,0,2119.0,63.5,4.0,3,1,1,0,2
45.0,Male,161.5,71.5,27.4,1-2 times/week,Poor,6.1,10.0,No,Moderate,1,3271.0,138.1,1.5,1,2,0,1,0
30.0,Male,160.8,80.2,31.0,1-2 times/week,Excellent,8.2,4.0,Yes,Moderate,0,2461.0,56.1,1.5,4,2,1,0,0
24.0,Male,169.4,68.9,24.0,Daily,Excellent,7.0,1.0,Yes,High,0,3041.0,81.6,7.0,4,3,1,0,0
55.0,Other,170.7,62.1,21.3,Daily,Good,6.5,5.0,No,Moderate,0,2638.0,85.8,7.0,3,2,0,0,2
50.0,Female,163.8,59.6,22.2,Daily,Good,7.3,6.0,No,Low,0,1873.0,61.7,7.0,3,1,0,0,1
28.0,Female,159.1,62.0,24.5,3-5 times/week,Excellent,7.5,4.0,No,Low,0,1564.0,35.7,4.0,4,1,0,0,1
67.0,Female,158.0,52.4,21.0,None,Excellent,7.7,4.0,No,High,0,1930.0,46.2,0.0,4,3,0,0,1
51.0,Other,165.2,77.0,28.2,1-2 times/week,Excellent,5.5,6.0,No,Low,0,1819.0,37.1,1.5,4,1,0,0,2
65.0,Female,158.6,75.5,30.0,1-2 times/week,Excellent,8.1,6.0,No,High,0,1733.0,38.1,1.5,4,3,0,0,1
31.0,Other,170.3,78.3,27.0,Daily,Average,6.8,5.0,No,Low,0,2898.0,100.9,7.0,2,1,0,0,2
49.0,Female,174.7,73.6,24.1,Daily,Good,6.9,10.0,No,Low,0,2811.0,81.9,7.0,3,1,0,0,1
49.0,Male,177.6,80.4,25.5,3-5 times/week,Excellent,5.6,6.0,Yes,Low,0,2125.0,50.6,4.0,4,1,1,0,0
20.0,Other,157.9,48.1,19.3,Daily,Excellent,6.7,7.0,No,Low,0,1902.0,54.6,7.0,4,1,0,0,2
43.0,Other,174.1,88.5,29.2,3-5 times/week,Average,8.4,9.0,Yes,Low,1,2330.0,88.1,4.0,2,1,1,1,2
45.0,Female,164.8,73.3,27.0,3-5 times/week,Average,7.9,7.0,No,Low,0,1951.0,70.1,4.0,2,1,0,0,1
54.0,Female,160.8,38.8,15.0,Daily,Good,7.5,1.0,Yes,Low,0,2154.0,70.8,7.0,3,1,1,0,1
46.0,Other,148.3,62.9,28.6,3-5 times/week,Average,7.2,10.0,No,Moderate,0,2648.0,102.6,4.0,2,2,0,0,2
30.0,Other,166.1,87.2,31.6,1-2 times/week,Good,5.0,7.0,No,Moderate,0,2151.0,64.0,1.5,3,2,0,0,2
63.0,Female,167.4,57.7,20.6,3-5 times/week,Excellent,7.4,7.0,No,Moderate,0,1405.0,42.8,4.0,4,2,0,0,1
45.0,Female,151.3,71.4,31.2,3-5 times/week,Poor,6.2,1.0,No,Low,0,1982.0,89.0,4.0,1,1,0,0,1
46.0,Other,162.2,79.5,30.2,1-2 times/week,Average,7.8,8.0,Yes,High,0,2977.0,100.4,1.5,2,3,1,0,2
36.0,Female,164.1,63.0,23.4,1-2 times/week,Good,4.0,9.0,No,Moderate,1,2487.0,67.8,1.5,3,2,0,1,1
48.0,Female,161.3,47.9,18.4,1-2 times/week,Good,6.5,10.0,No,Low,0,1357.0,28.9,1.5,3,1,0,0,1
49.0,Other,163.8,61.4,22.9,3-5 times/week,Good,7.6,1.0,No,Moderate,1,2120.0,54.8,4.0,3,2,0,1,2
61.0,Male,178.2,103.5,32.6,3-5 times/week,Average,6.6,10.0,No,Moderate,1,2124.0,76.7,4.0,2,2,0,1,0
22.0,Female,156.9,45.3,18.4,Daily,Excellent,6.5,6.0,Yes,Low,0,1887.0,52.3,7.0,4,1,1,0,1
30.0,Other,165.9,74.3,27.0,Daily,Average,4.0,9.0,No,Low,0,2522.0,94.2,7.0,2,1,0,0,2
35.0,Female,168.3,70.2,24.8,3-5 times/week,Average,5.5,6.0,Yes,Moderate,0,2287.0,73.8,4.0,2,2,1,0,1
36.0,Male,168.6,96.9,34.1,3-5 times/week,Average,10.0,8.0,No,Moderate,0,2747.0,104.1,4.0,2,2,0,0,0
22.0,Male,175.2,78.6,25.6,3-5 times/week,Excellent,8.4,5.0,No,Moderate,0,2484.0,52.2,4.0,4,2,0,0,0
57.0,Other,156.9,87.9,35.7,3-5 times/week,Good,7.0,9.0,Yes,High,0,2357.0,71.1,4.0,3,3,1,0,2
60.0,Other,162.0,70.9,27.0,3-5 times/week,Excellent,7.0,8.0,No,Low,0,2172.0,53.3,4.0,4,1,0,0,2
23.0,Female,168.0,81.8,29.0,3-5 times/week,Poor,5.7,3.0,No,Low,0,2579.0,114.1,4.0,1,1,0,0,1
42.0,Male,172.2,94.9,32.0,1-2 times/week,Poor,5.5,6.0,No,Moderate,0,2711.0,118.9,1.5,1,2,0,0,0
65.0,Male,170.9,50.5,17.3,3-5 times/week,Good,8.0,4.0,No,Low,0,2113.0,66.5,4.0,3,1,0,0,0
65.0,Male,174.3,74.4,24.5,Daily,Poor,4.9,1.0,Yes,Low,1,3051.0,124.2,7.0,1,1,1,1,0
41.0,Male,177.8,80.3,25.4,3-5 times/week,Excellent,5.9,3.0,Yes,Low,0,2324.0,63.2,4.0,4,1,1,0,0
38.0,Other,158.0,50.4,20.2,3-5 times/week,Excellent,9.4,3.0,No,Moderate,0,1952.0,57.4,4.0,4,2,0,0,2
31.0,Female,150.9,79.9,35.1,1-2 times/week,Poor,8.0,2.0,No,High,0,3234.0,139.7,1.5,1,3,0,0,1
44.0,Female,154.0,67.4,28.4,None,Poor,7.9,3.0,No,Moderate,0,2820.0,115.5,0.0,1,2,0,0,1
45.0,Other,169.5,110.9,38.6,3-5 times/week,Poor,6.2,10.0,Yes,Low,0,2763.0,110.6,4.0,1,1,1,0,2
59.0,Female,156.6,58.6,23.9,Daily,Average,7.0,10.0,Yes,Low,0,2207.0,80.8,7.0,2,1,1,0,1
25.0,Male,172.0,88.2,29.8,3-5 times/week,Poor,7.7,5.0,No,High,0,3628.0,154.0,4.0,1,3,0,0,0
47.0,Male,173.9,104.6,34.6,3-5 times/week,Poor,10.0,5.0,No,Low,0,2693.0,109.7,4.0,1,1,0,0,0
32.0,Other,175.8,57.2,18.5,Daily,Average,7.4,3.0,No,High,0,2623.0,107.5,7.0,2,3,0,0,2
28.0,Male,173.7,82.7,27.4,3-5 times/week,Poor,7.0,6.0,No,High,0,3504.0,144.1,4.0,1,3,0,0,0
47.0,Male,169.9,88.0,30.5,Daily,Excellent,7.0,1.0,Yes,Low,1,2216.0,45.1,7.0,4,1,1,1,0
48.0,Other,174.4,81.8,26.9,3-5 times/week,Good,7.0,2.0,No,Low,0,2081.0,49.8,4.0,3,1,0,0,2
61.0,Female,154.5,60.9,25.5,1-2 times/week,Poor,6.5,2.0,Yes,Low,1,2163.0,86.9,1.5,1,1,1,1,1
30.0,Other,164.1,69.5,25.8,3-5 times/week,Average,7.5,8.0,Yes,Moderate,0,1981.0,62.2,4.0,2,2,1,0,2
50.0,Female,153.8,48.7,20.6,Daily,Poor,5.8,3.0,No,Moderate,0,2723.0,122.9,7.0,1,2,0,0,1
33.0,Male,170.3,110.2,38.0,1-2 times/week,Poor,6.3,3.0,Yes,Low,0,2824.0,118.1,1.5,1,1,1,0,0
24.0,Other,171.1,77.3,26.4,3-5 times/week,Good,6.9,2.0,Yes,Low,0,2141.0,68.5,4.0,3,1,1,0,2
62.0,Male,163.1,53.7,20.2,1-2 times/week,Good,6.8,3.0,No,Low,0,1642.0,43.7,1.5,3,1,0,0,0
18.0,Male,165.1,64.3,23.6,1-2 times/week,Average,6.6,8.0,No,Moderate,0,2926.0,95.8,1.5,2,2,0,0,0
60.0,Female,164.6,72.6,26.8,None,Poor,7.0,4.0,No,Low,1,2731.0,121.1,0.0,1,1,0,1,1
33.0,Other,165.5,85.2,31.1,3-5 times/week,Good,7.4,4.0,No,Low,0,2530.0,91.6,4.0,3,1,0,0,2
69.0,Female,147.3,39.9,18.4,3-5 times/week,Excellent,7.7,6.0,Yes,Low,1,1655.0,43.9,4.0,4,1,1,1,1
25.0,Female,154.1,63.2,26.6,1-2 times/week,Excellent,5.9,5.0,No,High,0,2083.0,55.1,1.5,4,3,0,0,1
28.0,Male,172.3,84.3,28.4,3-5 times/week,Good,6.0,8.0,Yes,Low,1,3176.0,68.9,4.0,3,1,1,1,0
51.0,Female,151.5,65.2,28.4,1-2 times/week,Average,5.6,5.0,No,Moderate,0,2541.0,86.1,1.5,2,2,0,0,1
36.0,Female,158.2,38.8,15.5,Daily,Poor,6.0,1.0,Yes,Low,0,2276.0,103.7,7.0,1,1,1,0,1
28.0,Male,178.8,86.0,26.9,1-2 times/week,Good,7.7,7.0,No,Low,0,2459.0,60.4,1.5,3,1,0,0,0
26.0,Female,178.1,96.1,30.3,Daily,Average,6.0,2.0,No,High,1,3222.0,109.2,7.0,2,3,0,1,1
69.0,Female,162.0,120.5,44.3,3-5 times/week,Poor,6.0,8.0,No,Moderate,0,2305.0,96.5,4.0,1,2,0,0,1
35.0,Female,152.8,79.8,34.2,Daily,Good,6.5,9.0,No,High,1,2883.0,135.6,7.0,3,3,0,1,1
24.0,Female,165.7,72.8,26.5,3-5 times/week,Good,10.0,9.0,No,Moderate,0,2630.0,71.8,4.0,3,2,0,0,1
25.0,Female,158.5,62.6,24.9,1-2 times/week,Average,8.1,8.0,No,High,1,2051.0,73.1,1.5,2,3,0,1,1
42.0,Male,172.9,113.0,37.8,3-5 times/week,Poor,6.3,9.0,No,Low,1,2620.0,115.6,4.0,1,1,0,1,0
43.0,Female,161.8,86.4,33.0,3-5 times/week,Good,7.9,6.0,No,High,0,2591.0,77.6,4.0,3,3,0,0,1
51.0,Female,165.2,59.2,21.7,3-5 times/week,Good,7.6,1.0,No,High,0,2397.0,57.2,4.0,3,3,0,0,1
29.0,Male,176.4,62.2,20.0,3-5 times/week,Good,7.0,3.0,No,Low,0,2915.0,85.0,4.0,3,1,0,0,0
20.0,Male,156.0,50.9,20.9,Daily,Good,7.4,6.0,No,Low,0,2916.0,91.3,7.0,3,1,0,0,0
20.0,Male,182.1,100.5,30.3,3-5 times/week,Poor,7.9,7.0,Yes,Low,0,3370.0,138.2,4.0,1,1,1,0,0
34.0,Other,169.2,75.9,26.5,1-2 times/week,Good,6.0,10.0,Yes,Moderate,0,2200.0,62.5,1.5,3,2,1,0,2
28.0,Other,159.0,96.8,38.3,1-2 times/week,Poor,6.8,3.0,No,High,1,2819.0,125.1,1.5,1,3,0,1,2
59.0,Male,178.6,69.9,21.9,3-5 times/week,Excellent,4.4,7.0,No,Moderate,0,2470.0,64.5,4.0,4,2,0,0,0
36.0,Male,164.7,73.8,27.2,1-2 times/week,Average,4.9,8.0,No,Low,0,2875.0,102.0,1.5,2,1,0,0,0
35.0,Male,165.0,93.7,34.4,3-5 times/week,Excellent,5.8,2.0,Yes,Moderate,0,2251.0,42.1,4.0,4,2,1,0,0
43.0,Female,161.3,52.8,20.3,3-5 times/week,Good,7.5,2.0,No,Moderate,0,1934.0,57.6,4.0,3,2,0,0,1
41.0,Male,162.5,81.9,31.0,Daily,Poor,7.2,9.0,No,High,0,3813.0,168.2,7.0,1,3,0,0,0
57.0,Other,167.3,135.2,44.3,3-5 times/week,Poor,5.7,7.0,No,High,1,3676.0,149.0,4.0,1,3,0,1,2
33.0,Other,158.5,62.3,24.8,Daily,Good,6.0,8.0,Yes,High,0,2270.0,64.2,7.0,3,3,1,0,2
62.0,Female,164.5,81.2,30.0,1-2 times/week,Excellent,6.0,6.0,No,High,0,2345.0,66.5,1.5,4,3,0,0,1
52.0,Female,160.5,76.5,29.7,1-2 times/week,Poor,4.9,2.0,Yes,Moderate,0,2340.0,106.0,1.5,1,2,1,0,1
24.0,Male,177.8,72.4,22.9,3-5 times/week,Excellent,5.0,4.0,No,Low,0,2318.0,49.0,4.0,4,1,0,0,0
35.0,Female,163.3,84.8,31.8,1-2 times/week,Poor,6.3,9.0,No,Low,0,2454.0,112.8,1.5,1,1,0,0,1
39.0,Female,158.4,46.2,18.4,3-5 times/week,Excellent,9.7,1.0,No,Low,0,1601.0,43.0,4.0,4,1,0,0,1
28.0,Other,173.3,102.7,34.2,3-5 times/week,Poor,7.5,7.0,Yes,Moderate,0,3263.0,147.6,4.0,1,2,1,0,2
50.0,Female,158.7,56.4,22.4,Daily,Excellent,6.8,1.0,No,Moderate,0,2352.0,67.3,7.0,4,2,0,0,1
45.0,Male,182.7,89.1,26.7,1-2 times/week,Good,8.0,4.0,No,Moderate,1,2027.0,48.9,1.5,3,2,0,1,0
48.0,Male,173.9,53.5,17.7,3-5 times/week,Excellent,6.0,2.0,Yes,Low,0,2067.0,50.4,4.0,4,1,1,0,0
62.0,Other,172.0,82.5,27.9,Daily,Good,8.5,10.0,Yes,Low,1,2516.0,70.9,7.0,3,1,1,1,2
59.0,Female,154.3,58.6,24.6,3-5 times/week,Poor,8.5,4.0,Yes,High,0,2928.0,124.2,4.0,1,3,1,0,1
51.0,Female,152.8,59.8,25.6,3-5 times/week,Good,5.0,1.0,No,High,0,2210.0,68.6,4.0,3,3,0,0,1
31.0,Female,174.3,45.6,15.0,3-5 times/week,Good,5.8,9.0,No,Moderate,0,2217.0,58.1,4.0,3,2,0,0,1
52.0,Female,156.5,70.5,28.8,3-5 times/week,Average,6.7,8.0,Yes,High,0,2439.0,91.1,4.0,2,3,1,0,1
21.0,Female,156.9,73.4,29.8,3-5 times/week,Average,7.6,9.0,No,Moderate,0,2174.0,80.5,4.0,2,2,0,0,1
29.0,Female,168.0,71.4,25.3,3-5 times/week,Average,6.6,7.0,Yes,High,1,2322.0,91.4,4.0,2,3,1,1,1
31.0,Other,156.6,65.2,26.6,Daily,Average,5.3,6.0,No,Low,0,2700.0,90.0,7.0,2,1,0,0,2
25.0,Male,163.0,77.8,29.3,3-5 times/week,Good,7.3,4.0,No,High,0,2566.0,69.1,4.0,3,3,0,0,0
40.0,Other,166.8,68.7,24.7,3-5 times/week,Average,7.8,10.0,No,Low,1,3052.0,108.1,4.0,2,1,0,1,2
59.0,Other,167.3,81.4,29.1,Daily,Excellent,6.1,5.0,No,Low,0,2870.0,102.6,7.0,4,1,0,0,2
59.0,Male,172.0,121.0,40.9,Daily,Excellent,8.3,6.0,No,High,0,3125.0,78.3,7.0,4,3,0,0,0
27.0,Female,150.9,77.0,33.8,3-5 times/week,Average,6.9,8.0,No,Low,0,1762.0,67.5,4.0,2,1,0,0,1
46.0,Female,155.8,56.1,23.1,Daily,Poor,9.1,8.0,No,Low,0,2487.0,100.7,7.0,1,1,0,0,1
21.0,Female,164.1,59.5,22.1,Daily,Good,4.7,1.0,No,High,1,3117.0,115.1,7.0,3,3,0,1,1
20.0,Other,170.4,84.8,29.2,3-5 times/week,Good,5.6,9.0,No,Low,0,2079.0,59.8,4.0,3,1,0,0,2
42.0,Female,155.9,86.3,35.5,3-5 times/week,Poor,6.2,6.0,Yes,Low,1,2340.0,94.6,4.0,1,1,1,1,1
55.0,Male,181.3,115.0,35.0,3-5 times/week,Average,6.0,5.0,No,Low,1,2676.0,101.2,4.0,2,1,0,1,0
64.0,Male,171.3,85.1,29.0,3-5 times/week,Excellent,7.2,4.0,Yes,Low,0,1958.0,40.4,4.0,4,1,1,0,0
52.0,Male,168.4,80.3,28.3,3-5 times/week,Good,7.2,8.0,No,Low,0,1971.0,59.7,4.0,3,1,0,0,0
42.0,Female,158.9,58.8,23.3,3-5 times/week,Good,6.4,10.0,Yes,Moderate,1,1895.0,59.4,4.0,3,2,1,1,1
58.0,Other,165.5,97.2,35.5,3-5 times/week,Poor,7.2,6.0,No,Low,0,2354.0,100.7,4.0,1,1,0,0,2
49.0,Female,152.5,60.5,26.0,3-5 times/week,Excellent,6.6,4.0,Yes,Low,1,1753.0,39.1,4.0,4,1,1,1,1
65.0,Other,161.3,80.4,30.9,3-5 times/week,Average,6.6,4.0,No,High,0,2954.0,106.5,4.0,2,3,0,0,2
32.0,Other,165.6,66.9,24.4,3-5 times/week,Good,8.4,4.0,No,Low,0,2531.0,82.5,4.0,3,1,0,0,2
31.0,Female,168.8,59.0,20.7,Daily,Good,7.0,6.0,Yes,Moderate,0,2336.0,64.5,7.0,3,2,1,0,1
27.0,Other,172.0,45.3,15.3,3-5 times/week,Average,7.6,10.0,No,Low,0,2899.0,98.4,4.0,2,1,0,0,2
43.0,Other,165.7,97.5,35.5,3-5 times/week,Excellent,5.9,7.0,No,High,1,2335.0,72.0,4.0,4,3,0,1,2
43.0,Other,152.8,37.4,16.0,1-2 times/week,Good,7.4,9.0,No,Low,1,1614.0,41.7,1.5,3,1,0,1,2
47.0,Male,168.5,87.2,30.7,3-5 times/week,Good,7.1,9.0,Yes,Low,0,2158.0,67.2,4.0,3,1,1,0,0
43.0,Other,159.3,72.6,28.6,3-5 times/week,Average,6.7,3.0,No,Low,0,2672.0,100.3,4.0,2,1,0,0,2
37.0,Male,182.7,105.1,31.5,3-5 times/week,Average,5.3,9.0,No,Moderate,0,3055.0,106.0,4.0,2,2,0,0,0
52.0,Other,166.4,54.5,19.7,3-5 times/week,Good,7.1,6.0,No,Low,0,1969.0,65.7,4.0,3,1,0,0,2
43.0,Male,164.4,69.7,25.8,Daily,Good,7.3,9.0,No,Low,0,2440.0,68.8,7.0,3,1,0,0,0
65.0,Other,159.4,72.7,28.6,3-5 times/week,Good,6.6,5.0,No,Moderate,0,2351.0,73.2,4.0,3,2,0,0,2
37.0,Male,178.0,96.0,30.3,Daily,Good,6.9,10.0,Yes,Low,0,2371.0,63.3,7.0,3,1,1,0,0
47.0,Male,178.3,82.3,25.9,3-5 times/week,Good,10.0,8.0,No,Low,0,2792.0,82.7,4.0,3,1,0,0,0
22.0,Female,168.4,63.2,22.3,3-5 times/week,Poor,7.0,9.0,No,Low,0,2889.0,124.5,4.0,1,1,0,0,1
52.0,Male,167.9,42.3,15.0,Daily,Average,7.6,1.0,No,Low,1,2643.0,89.9,7.0,2,1,0,1,0
41.0,Other,170.2,43.7,15.1,3-5 times/week,Excellent,6.7,3.0,No,Low,0,1969.0,46.6,4.0,4,1,0,0,2
30.0,Female,160.0,65.0,25.4,1-2 times/week,Good,8.9,4.0,No,High,0,2313.0,60.3,1.5,3,3,0,0,1
36.0,Male,176.4,70.9,22.8,3-5 times/week,Good,7.7,4.0,Yes,Low,0,2491.0,62.6,4.0,3,1,1,0,0
22.0,Male,181.8,53.5,16.2,3-5 times/week,Good,8.0,4.0,Yes,Moderate,0,2314.0,72.3,4.0,3,2,1,0,0
21.0,Male,172.1,78.5,26.5,3-5 times/week,Average,7.3,10.0,No,High,1,3159.0,114.9,4.0,2,3,0,1,0
42.0,Male,184.7,130.0,38.1,3-5 times/week,Poor,6.5,10.0,No,High,0,3134.0,129.0,4.0,1,3,0,0,0
18.0,Male,164.0,91.7,34.1,3-5 times/week,Good,8.1,10.0,No,High,1,3250.0,87.7,4.0,3,3,0,1,0
52.0,Female,155.0,62.9,26.2,3-5 times/week,Poor,7.4,4.0,Yes,Low,1,2294.0,92.5,4.0,1,1,1,1,1
51.0,Male,172.1,109.9,37.1,1-2 times/week,Average,7.7,8.0,Yes,Low,0,2563.0,94.4,1.5,2,1,1,0,0
38.0,Other,167.3,75.0,26.8,3-5 times/week,Excellent,4.9,3.0,No,Moderate,0,2307.0,61.0,4.0,4,2,0,0,2
23.0,Male,165.6,49.9,18.2,Daily,Excellent,7.2,2.0,No,Low,1,2682.0,67.4,7.0,4,1,0,1,0
20.0,Other,168.4,102.4,36.1,Daily,Good,4.9,10.0,Yes,Low,1,2705.0,76.7,7.0,3,1,1,1,2
29.0,Male,182.1,104.1,31.4,3-5 times/week,Excellent,6.6,4.0,Yes,High,1,2826.0,82.0,4.0,4,3,1,1,0
18.0,Female,157.0,60.9,24.7,3-5 times/week,Average,8.4,1.0,No,Low,0,2371.0,81.9,4.0,2,1,0,0,1
68.0,Female,159.3,76.9,30.3,3-5 times/week,Excellent,8.8,5.0,No,Low,1,1583.0,40.4,4.0,4,1,0,1,1
43.0,Female,169.9,58.9,20.4,3-5 times/week,Good,6.4,6.0,Yes,Low,0,2309.0,67.3,4.0,3,1,1,0,1
31.0,Female,162.5,49.1,18.6,1-2 times/week,Excellent,7.7,4.0,Yes,Moderate,0,1559.0,44.1,1.5,4,2,1,0,1
31.0,Male,179.7,106.9,33.1,3-5 times/week,Poor,6.4,9.0,No,Moderate,0,3763.0,163.3,4.0,1,2,0,0,0
19.0,Male,182.6,56.3,16.9,Daily,Good,7.0,10.0,No,Low,0,2460.0,55.3,7.0,3,1,0,0,0
61.0,Female,162.3,79.8,30.3,3-5 times/week,Excellent,6.2,2.0,Yes,High,0,1830.0,51.1,4.0,4,3,1,0,1
51.0,Female,162.6,71.1,26.9,3-5 times/week,Good,8.8,9.0,Yes,High,0,2167.0,65.3,4.0,3,3,1,0,1
23.0,Female,162.4,73.6,27.9,1-2 times/week,Average,8.3,6.0,Yes,High,0,2695.0,99.0,1.5,2,3,1,0,1
34.0,Female,163.6,55.7,20.8,3-5 times/week,Average,6.3,7.0,No,Low,0,2227.0,67.0,4.0,2,1,0,0,1
39.0,Other,160.4,51.7,20.1,1-2 times/week,Good,6.5,4.0,No,High,0,2707.0,78.5,1.5,3,3,0,0,2
21.0,Female,161.9,56.4,21.5,3-5 times/week,Average,7.5,2.0,No,Low,0,1956.0,75.8,4.0,2,1,0,0,1
30.0,Male,171.8,85.0,28.8,Daily,Poor,5.1,6.0,No,Low,0,3174.0,137.8,7.0,1,1,0,0,0
19.0,Female,159.4,54.4,21.4,Daily,Average,6.0,1.0,No,Low,1,2924.0,108.1,7.0,2,1,0,1,1
40.0,Female,160.4,90.6,35.2,1-2 times/week,Good,7.0,9.0,No,Low,1,2792.0,121.6,1.5,3,1,0,1,1
24.0,Other,169.9,73.6,44.3,3-5 times/week,Good,7.6,4.0,No,High,0,2429.0,73.5,4.0,3,3,0,0,2
36.0,Female,160.2,50.6,19.7,Daily,Good,7.0,10.0,No,Low,0,2476.0,100.0,7.0,3,1,0,0,1
39.0,Other,170.7,48.4,16.6,3-5 times/week,Excellent,7.4,5.0,Yes,Moderate,0,1931.0,38.7,4.0,4,2,1,0,2
50.0,Female,165.4,85.6,31.3,3-5 times/week,Poor,7.0,5.0,No,Low,1,2266.0,104.1,4.0,1,1,0,1,1
22.0,Male,172.1,56.9,19.2,Daily,Poor,6.5,5.0,No,Moderate,0,2687.0,115.7,7.0,1,2,0,0,0
19.0,Male,170.8,74.4,25.5,3-5 times/week,Good,7.2,1.0,No,Low,0,2518.0,67.0,4.0,3,1,0,0,0
38.0,Male,173.7,58.8,19.5,3-5 times/week,Poor,6.6,7.0,No,High,0,3379.0,142.4,4.0,1,3,0,0,0
35.0,Female,162.9,83.3,31.4,3-5 times/week,Average,6.1,7.0,No,Low,0,2398.0,89.4,4.0,2,1,0,0,1
40.0,Female,159.0,65.2,25.8,3-5 times/week,Poor,5.1,10.0,No,Low,0,2501.0,115.7,4.0,1,1,0,0,1
18.0,Other,163.8,61.4,22.9,1-2 times/week,Excellent,6.6,6.0,No,Low,0,1582.0,52.1,1.5,4,1,0,0,2
48.0,Female,156.9,58.8,23.9,3-5 times/week,Excellent,7.0,7.0,No,Low,0,1453.0,40.9,4.0,4,1,0,0,1
23.0,Other,163.1,46.6,17.5,3-5 times/week,Good,7.1,2.0,No,Low,0,2425.0,77.1,4.0,3,1,0,0,2
43.0,Other,159.2,84.4,33.3,3-5 times/week,Good,7.0,2.0,Yes,Low,0,2390.0,88.8,4.0,3,1,1,0,2
68.0,Male,164.5,86.6,32.0,1-2 times/week,Poor,7.2,1.0,Yes,Low,0,3236.0,137.4,1.5,1,1,1,0,0
38.0,Male,171.0,72.2,24.7,Daily,Excellent,8.9,7.0,No,Low,0,2484.0,70.7,7.0,4,1,0,0,0
18.0,Male,184.5,87.1,25.6,Daily,Excellent,8.4,6.0,No,Moderate,0,2902.0,73.2,7.0,4,2,0,0,0
57.0,Male,168.3,77.3,27.3,3-5 times/week,Excellent,7.9,8.0,No,High,0,2475.0,69.6,4.0,4,3,0,0,0
64.0,Female,156.9,56.4,22.9,Daily,Poor,5.8,2.0,No,Low,0,2062.0,69.1,7.0,1,1,0,0,1
19.0,Female,155.1,76.3,31.7,3-5 times/week,Average,7.9,4.0,No,Moderate,0,2088.0,57.3,4.0,2,2,0,0,1
43.0,Male,185.7,134.1,38.9,1-2 times/week,Poor,7.0,9.0,No,Moderate,0,3785.0,143.5,1.5,1,2,0,0,0
20.0,Male,172.7,68.3,22.9,None,Average,5.3,7.0,No,Low,0,3064.0,105.8,0.0,2,1,0,0,0
47.0,Male,169.6,80.3,27.9,3-5 times/week,Average,4.8,2.0,No,Moderate,0,3113.0,107.2,4.0,2,2,0,0,0
62.0,Male,172.7,88.9,29.8,1-2 times/week,Poor,6.2,7.0,No,Low,0,2701.0,125.4,1.5,1,1,0,0,0
61.0,Male,159.8,70.0,27.4,Daily,Average,8.3,6.0,No,High,0,3044.0,91.2,7.0,2,3,0,0,0
57.0,Male,156.8,49.2,20.0,3-5 times/week,Good,4.5,1.0,No,Low,0,1846.0,41.7,4.0,3,1,0,0,0
25.0,Other,164.0,62.9,23.4,1-2 times/week,Good,8.5,1.0,No,High,1,2465.0,76.0,1.5,3,3,0,1,2
35.0,Female,161.6,81.2,31.1,3-5 times/week,Poor,6.8,1.0,No,Moderate,0,3264.0,128.0,4.0,1,2,0,0,1
21.0,Other,161.8,51.0,19.5,3-5 times/week,Good,6.9,1.0,No,Low,0,2072.0,68.4,4.0,3,1,0,0,2
23.0,Other,162.0,66.4,25.3,Daily,Good,7.0,7.0,No,Moderate,0,3298.0,137.8,7.0,3,2,0,0,2
48.0,Male,171.2,108.7,37.1,3-5 times/week,Average,8.8,2.0,Yes,High,0,2941.0,104.3,4.0,2,3,1,0,0
69.0,Other,150.1,57.5,25.5,1-2 times/week,Average,6.3,8.0,No,High,0,2517.0,73.5,1.5,2,3,0,0,2
34.0,Female,160.1,84.1,32.8,1-2 times/week,Poor,7.3,9.0,No,High,0,2741.0,120.7,1.5,1,3,0,0,1
19.0,Male,175.6,96.5,31.3,3-5 times/week,Poor,7.4,9.0,No,Moderate,1,3208.0,138.0,4.0,1,2,0,1,0
66.0,Female,167.6,86.2,30.7,3-5 times/week,Good,6.6,6.0,No,Moderate,0,2542.0,71.0,4.0,3,2,0,0,1
47.0,Other,169.1,79.2,27.7,3-5 times/week,Good,8.4,4.0,Yes,Low,0,1643.0,57.7,4.0,3,1,1,0,2
36.0,Other,165.3,50.3,18.4,Daily,Average,4.6,6.0,No,Low,0,2601.0,100.2,7.0,2,1,0,0,2
58.0,Other,155.1,59.9,24.9,Daily,Poor,8.8,5.0,No,High,0,2898.0,121.3,7.0,1,3,0,0,2
48.0,Male,175.3,110.6,36.0,3-5 times/week,Poor,5.6,7.0,No,Low,0,2444.0,102.9,4.0,1,1,0,0,0
55.0,Male,180.3,68.3,21.0,3-5 times/week,Good,7.6,6.0,No,Moderate,0,2466.0,73.6,4.0,3,2,0,0,0
19.0,Male,165.6,95.4,34.8,3-5 times/week,Good,5.7,6.0,Yes,Low,0,2289.0,73.7,4.0,3,1,1,0,0
66.0,Female,150.7,52.7,23.2,3-5 times/week,Excellent,7.2,7.0,Yes,High,0,2297.0,53.7,4.0,4,3,1,0,1
31.0,Other,170.4,119.6,41.2,3-5 times/week,Average,4.5,10.0,No,High,0,2522.0,87.0,4.0,2,3,0,0,2
20.0,Female,152.1,64.1,27.7,3-5 times/week,Good,8.3,6.0,No,Low,1,1948.0,54.9,4.0,3,1,0,1,1
21.0,Other,153.4,65.2,27.7,1-2 times/week,Average,7.4,10.0,No,High,1,2794.0,95.9,1.5,2,3,0,1,2
46.0,Other,166.2,73.5,26.6,3-5 times/week,Good,6.8,1.0,Yes,Low,0,2362.0,74.7,4.0,3,1,1,0,2
31.0,Male,176.1,103.9,33.5,None,Excellent,5.7,9.0,No,High,0,3046.0,76.7,0.0,4,3,0,0,0
54.0,Male,155.4,80.4,33.3,3-5 times/week,Good,5.4,10.0,No,Low,0,1715.0,55.8,4.0,3,1,0,0,0
40.0,Other,167.9,63.1,22.4,3-5 times/week,Average,7.0,6.0,No,Moderate,1,2665.0,91.9,4.0,2,2,0,1,2
50.0,Female,157.1,70.1,28.4,3-5 times/week,Average,5.5,7.0,No,Low,0,1603.0,60.4,4.0,2,1,0,0,1
56.0,Female,157.9,57.3,23.0,Daily,Average,6.3,2.0,Yes,Low,0,2778.0,99.1,7.0,2,1,1,0,1
43.0,Female,145.0,43.9,20.9,1-2 times/week,Excellent,7.4,4.0,No,Low,0,1485.0,38.5,1.5,4,1,0,0,1
65.0,Female,152.8,36.7,15.7,Daily,Excellent,6.5,3.0,No,High,0,2334.0,50.5,7.0,4,3,0,0,1
43.0,Male,166.5,82.1,29.6,Daily,Good,8.2,1.0,No,Low,0,2735.0,72.3,7.0,3,1,0,0,0
48.0,Other,167.9,104.0,36.9,3-5 times/week,Average,7.1,1.0,No,High,0,3151.0,114.6,4.0,2,3,0,0,2
35.0,Other,167.7,120.4,42.8,3-5 times/week,Good,6.8,10.0,No,Low,0,2504.0,102.5,4.0,3,1,0,0,2
63.0,Female,159.8,58.7,23.0,3-5 times/week,Excellent,6.9,4.0,No,Low,1,1508.0,34.5,4.0,4,1,0,1,1
52.0,Other,162.6,63.2,23.9,1-2 times/week,Excellent,7.2,10.0,No,Low,0,1773.0,37.3,1.5,4,1,0,0,2
29.0,Male,163.4,68.1,25.5,1-2 times/week,Good,7.0,6.0,No,Moderate,0,2192.0,61.5,1.5,3,2,0,0,0
25.0,Female,161.3,39.0,15.0,Daily,Excellent,5.3,6.0,No,Low,0,2233.0,49.0,7.0,4,1,0,0,1
29.0,Male,172.4,115.9,39.0,1-2 times/week,Average,6.8,10.0,No,Low,1,2330.0,81.7,1.5,2,1,0,1,0
37.0,Female,157.0,75.9,30.8,3-5 times/week,Poor,7.6,10.0,No,High,0,2913.0,125.6,4.0,1,3,0,0,1
61.0,Female,161.5,84.5,32.4,Daily,Average,7.1,2.0,No,Low,0,2580.0,87.0,7.0,2,1,0,0,1
35.0,Female,164.0,71.5,26.6,3-5 times/week,Excellent,6.9,1.0,Yes,Low,0,1810.0,47.6,4.0,4,1,1,0,1
56.0,Male,173.6,103.1,34.2,3-5 times/week,Good,6.7,3.0,No,Moderate,0,2885.0,94.0,4.0,3,2,0,0,0
42.0,Female,167.7,100.4,35.7,1-2 times/week,Average,6.4,6.0,Yes,High,0,3077.0,113.0,1.5,2,3,1,0,1
42.0,Male,176.0,118.0,38.1,1-2 times/week,Good,5.1,6.0,No,High,0,3823.0,158.4,1.5,3,3,0,0,0
65.0,Other,159.0,73.6,29.1,3-5 times/week,Good,7.5,2.0,No,Low,1,1923.0,55.3,4.0,3,1,0,1,2
30.0,Other,161.6,83.3,31.9,3-5 times/week,Excellent,6.0,7.0,Yes,Moderate,0,1552.0,39.6,4.0,4,2,1,0,2
65.0,Male,171.7,93.5,31.7,1-2 times/week,Poor,9.2,6.0,No,Moderate,1,2801.0,122.0,1.5,1,2,0,1,0
34.0,Female,160.4,60.2,23.4,3-5 times/week,Average,7.2,7.0,No,Moderate,0,2420.0,73.4,4.0,2,2,0,0,1
59.0,Male,180.6,73.7,22.6,3-5 times/week,Good,7.6,7.0,No,High,0,2322.0,65.1,4.0,3,3,0,0,0
52.0,Female,161.2,55.6,21.4,1-2 times/week,Excellent,7.0,10.0,Yes,Moderate,0,1487.0,44.6,1.5,4,2,1,0,1
23.0,Other,167.3,91.0,32.5,3-5 times/week,Average,7.0,2.0,No,High,0,2490.0,90.4,4.0,2,3,0,0,2
27.0,Male,176.7,98.0,31.4,3-5 times/week,Good,9.0,3.0,Yes,Moderate,0,2437.0,86.6,4.0,3,2,1,0,0
21.0,Female,172.0,65.7,22.2,1-2 times/week,Poor,7.4,10.0,No,Low,0,2500.0,98.8,1.5,1,1,0,0,1
64.0,Male,174.8,98.7,32.3,3-5 times/week,Good,6.8,5.0,No,High,0,2557.0,71.0,4.0,3,3,0,0,0
43.0,Female,158.1,92.2,36.9,1-2 times/week,Average,4.4,3.0,No,High,0,2455.0,93.4,1.5,2,3,0,0,1
27.0,Female,155.1,41.1,17.1,3-5 times/week,Good,6.9,7.0,No,Low,0,1563.0,50.5,4.0,3,1,0,0,1
41.0,Other,178.5,76.2,23.9,None,Average,8.5,7.0,No,Moderate,0,2712.0,103.5,0.0,2,2,0,0,2
38.0,Male,182.8,91.6,27.4,3-5 times/week,Good,7.6,4.0,No,Moderate,0,2564.0,75.9,4.0,3,2,0,0,0
24.0,Male,171.5,76.5,26.0,3-5 times/week,Good,8.6,10.0,No,High,0,2745.0,74.6,4.0,3,3,0,0,0
32.0,Other,162.4,87.0,33.0,3-5 times/week,Good,5.9,2.0,No,High,0,2449.0,63.5,4.0,3,3,0,0,2
31.0,Other,174.1,100.9,33.3,1-2 times/week,Excellent,5.4,7.0,No,Moderate,1,1797.0,52.0,1.5,4,2,0,1,2
67.0,Other,171.2,116.1,39.6,1-2 times/week,Poor,7.1,10.0,No,Low,0,2789.0,113.6,1.5,1,1,0,0,2
45.0,Female,160.1,72.8,28.4,3-5 times/week,Poor,6.9,8.0,No,Moderate,0,2495.0,104.9,4.0,1,2,0,0,1
64.0,Male,177.8,85.7,27.1,3-5 times/week,Good,6.1,10.0,No,Low,0,2159.0,63.0,4.0,3,1,0,0,0
25.0,Female,149.4,44.6,20.0,Daily,Good,6.5,6.0,Yes,Low,0,2022.0,60.3,7.0,3,1,1,0,1
53.0,Female,164.1,79.4,29.5,1-2 times/week,Good,6.6,6.0,No,Moderate,1,1765.0,59.8,1.5,3,2,0,1,1
39.0,Male,179.2,93.8,29.2,3-5 times/week,Excellent,9.0,5.0,No,Low,0,2067.0,37.9,4.0,4,1,0,0,0
66.0,Male,161.8,58.1,22.2,3-5 times/week,Good,8.3,1.0,No,Moderate,0,2294.0,68.0,4.0,3,2,0,0,0
40.0,Female,162.8,120.3,44.3,Daily,Poor,5.5,9.0,No,Moderate,0,2048.0,87.2,7.0,1,2,0,0,1
47.0,Other,171.6,112.5,38.2,1-2 times/week,Average,8.3,8.0,No,High,0,2743.0,87.7,1.5,2,3,0,0,2
32.0,Other,168.3,58.6,20.7,3-5 times/week,Good,8.4,8.0,No,Low,1,2000.0,51.7,4.0,3,1,0,1,2
44.0,Other,164.1,71.1,26.4,3-5 times/week,Average,7.0,2.0,No,Low,0,2583.0,93.7,4.0,2,1,0,0,2
44.0,Other,172.3,80.2,27.0,3-5 times/week,Good,6.3,10.0,No,Low,0,2413.0,72.1,4.0,3,1,0,0,2
56.0,Female,152.4,81.8,35.2,1-2 times/week,Average,5.4,8.0,Yes,High,1,2406.0,67.4,1.5,2,3,1,1,1
51.0,Other,157.1,71.8,29.1,3-5 times/week,Average,7.0,1.0,No,High,0,2758.0,91.8,4.0,2,3,0,0,2
65.0,Other,176.0,107.2,34.6,1-2 times/week,Poor,7.0,7.0,No,Low,0,2728.0,115.1,1.5,1,1,0,0,2
33.0,Male,166.6,98.5,35.5,3-5 times/week,Average,7.4,3.0,No,Low,0,2312.0,84.0,4.0,2,1,0,0,0
69.0,Other,158.2,61.6,24.6,1-2 times/week,Excellent,8.4,8.0,No,High,1,2118.0,53.3,1.5,4,3,0,1,2
50.0,Other,167.3,90.7,32.4,1-2 times/week,Excellent,6.7,9.0,No,Low,0,2130.0,53.2,1.5,4,1,0,0,2
43.0,Female,157.8,64.2,25.8,Daily,Excellent,6.7,7.0,No,Low,0,1849.0,47.1,7.0,4,1,0,0,1
40.0,Male,156.0,76.7,31.5,3-5 times/week,Poor,6.5,10.0,No,Low,1,2177.0,91.4,4.0,1,1,0,1,0
67.0,Other,181.7,92.1,27.9,1-2 times/week,Good,9.4,10.0,Yes,Low,0,2155.0,58.2,1.5,3,1,1,0,2
47.0,Other,178.5,96.2,30.2,3-5 times/week,Average,8.9,3.0,Yes,High,0,2588.0,83.7,4.0,2,3,1,0,2
40.0,Female,164.2,52.6,19.5,Daily,Poor,7.9,4.0,No,High,0,3399.0,139.4,7.0,1,3,0,0,1
49.0,Male,183.2,92.6,27.6,1-2 times/week,Excellent,8.7,9.0,Yes,Low,0,2199.0,57.6,1.5,4,1,1,0,0
32.0,Other,162.1,51.2,19.5,Daily,Good,8.2,2.0,Yes,Moderate,0,2408.0,80.6,7.0,3,2,1,0,2
43.0,Female,153.0,53.1,22.7,3-5 times/week,Excellent,5.9,4.0,No,Low,0,1988.0,48.5,4.0,4,1,0,0,1
25.0,Female,157.0,65.6,26.6,3-5 times/week,Good,6.1,1.0,No,Low,1,2157.0,57.0,4.0,3,1,0,1,1
37.0,Female,157.5,65.7,26.5,3-5 times/week,Average,6.5,5.0,No,Low,0,2570.0,95.9,4.0,2,1,0,0,1
32.0,Female,159.2,66.7,26.3,1-2 times/week,Good,8.4,4.0,No,High,1,2385.0,89.5,1.5,3,3,0,1,1
58.0,Other,157.4,58.0,23.4,3-5 times/week,Good,7.0,2.0,No,Moderate,0,2638.0,72.8,4.0,3,2,0,0,2
43.0,Female,160.4,73.1,28.4,1-2 times/week,Good,7.9,1.0,No,Moderate,0,2334.0,83.6,1.5,3,2,0,0,1
48.0,Other,147.3,41.4,19.1,Daily,Good,7.3,7.0,No,Low,0,2004.0,62.4,7.0,3,1,0,0,2
41.0,Female,162.4,43.8,16.6,3-5 times/week,Excellent,5.5,2.0,No,Low,0,1690.0,40.8,4.0,4,1,0,0,1
41.0,Other,177.0,100.9,32.2,Daily,Excellent,7.9,4.0,No,High,0,2936.0,67.8,7.0,4,3,0,0,2
24.0,Male,183.7,85.4,25.3,Daily,Poor,6.8,10.0,No,Low,0,3322.0,137.0,7.0,1,1,0,0,0
53.0,Female,171.2,77.1,26.3,Daily,Excellent,7.0,4.0,No,Moderate,0,2061.0,49.0,7.0,4,2,0,0,1
21.0,Other,179.0,48.1,15.0,Daily,Good,7.0,2.0,No,Low,0,2420.0,70.7,7.0,3,1,0,0,2
30.0,Male,165.3,77.1,28.2,None,Excellent,6.3,3.0,No,Low,0,1844.0,50.5,0.0,4,1,0,0,0
37.0,Male,172.2,110.6,37.3,3-5 times/week,Average,7.7,3.0,No,Low,1,2501.0,85.7,4.0,2,1,0,1,0
67.0,Male,163.8,40.2,15.0,Daily,Good,7.1,4.0,No,Low,0,2542.0,68.6,7.0,3,1,0,0,0
59.0,Male,185.3,115.7,33.7,None,Poor,7.3,2.0,No,Low,0,3457.0,146.3,0.0,1,1,0,0,0
41.0,Female,151.7,55.2,24.0,1-2 times/week,Excellent,6.3,2.0,Yes,Low,0,1216.0,27.2,1.5,4,1,1,0,1
43.0,Other,165.6,65.5,23.9,3-5 times/week,Good,7.1,2.0,No,High,0,2628.0,71.6,4.0,3,3,0,0,2
30.0,Other,169.4,81.5,28.4,3-5 times/week,Good,9.8,5.0,No,None,0,1907.0,57.9,4.0,3,0,0,0,2
27.0,Other,162.9,55.2,20.8,Daily,Average,8.3,9.0,No,Low,0,2842.0,99.5,7.0,2,1,0,0,2
22.0,Female,158.6,81.5,32.4,Daily,Poor,4.7,9.0,No,Low,1,3072.0,133.5,7.0,1,1,0,1,1
62.0,Female,164.0,105.4,39.2,3-5 times/week,Average,7.8,10.0,Yes,High,1,2469.0,83.0,4.0,2,3,1,1,1
61.0,Female,150.0,72.2,32.1,3-5 times/week,Poor,5.9,4.0,No,Moderate,0,2826.0,121.5,4.0,1,2,0,0,1
57.0,Male,169.3,96.0,33.5,1-2 times/week,Poor,8.9,4.0,No,Moderate,0,2830.0,119.5,1.5,1,2,0,0,0
66.0,Female,163.0,91.1,34.3,3-5 times/week,Poor,6.8,6.0,No,Low,0,2040.0,84.4,4.0,1,1,0,0,1
60.0,Male,165.2,100.7,36.9,Daily,Good,5.6,9.0,No,Low,0,2747.0,71.9,7.0,3,1,0,0,0
41.0,Female,161.3,57.8,22.2,3-5 times/week,Excellent,7.6,1.0,Yes,Low,0,1200.0,31.0,4.0,4,1,1,0,1
23.0,Male,181.2,95.9,29.2,3-5 times/week,Good,7.5,7.0,No,Low,0,2537.0,66.1,4.0,3,1,0,0,0
21.0,Other,169.5,65.5,22.8,1-2 times/week,Good,8.3,9.0,No,Low,0,1979.0,53.4,1.5,3,1,0,0,2
43.0,Female,167.6,98.9,35.2,3-5 times/week,Good,6.9,7.0,Yes,Moderate,1,2176.0,68.9,4.0,3,2,1,1,1
52.0,Other,170.8,63.3,21.7,1-2 times/week,Good,8.1,9.0,No,Low,0,2418.0,70.6,1.5,3,1,0,0,2
25.0,Other,162.1,58.6,22.3,3-5 times/week,Good,9.0,10.0,No,Moderate,1,2218.0,46.7,4.0,3,2,0,1,2
61.0,Female,155.4,48.8,20.2,3-5 times/week,Excellent,5.8,6.0,No,Low,0,1577.0,40.1,4.0,4,1,0,0,1
46.0,Female,169.8,43.2,15.0,3-5 times/week,Excellent,7.2,6.0,No,High,1,1661.0,39.5,4.0,4,3,0,1,1
23.0,Other,165.8,92.4,33.6,3-5 times/week,Good,7.5,7.0,Yes,Moderate,0,2831.0,120.3,4.0,3,2,1,0,2
34.0,Female,164.2,86.3,32.0,3-5 times/week,Poor,7.7,2.0,No,High,0,3084.0,137.5,4.0,1,3,0,0,1
53.0,Male,178.1,116.4,36.7,Daily,Excellent,7.0,9.0,Yes,High,1,2443.0,70.9,7.0,4,3,1,1,0
56.0,Male,168.2,93.1,32.9,1-2 times/week,Poor,6.3,8.0,Yes,Low,0,2470.0,115.8,1.5,1,1,1,0,0
37.0,Other,166.2,84.8,30.7,3-5 times/week,Poor,7.7,4.0,No,High,0,3211.0,126.6,4.0,1,3,0,0,2
22.0,Male,171.1,73.5,25.1,3-5 times/week,Poor,7.0,5.0,No,Low,0,3659.0,145.3,4.0,1,1,0,0,0
68.0,Other,155.1,74.3,30.9,1-2 times/week,Excellent,6.2,5.0,No,Moderate,0,1713.0,39.1,1.5,4,2,0,0,2
39.0,Female,162.6,75.1,28.4,1-2 times/week,Good,7.0,1.0,No,Low,0,2778.0,104.5,1.5,3,1,0,0,1
22.0,Male,167.6,49.4,17.6,Daily,Excellent,8.4,10.0,No,Moderate,0,2308.0,54.5,7.0,4,2,0,0,0
47.0,Female,159.6,66.2,26.0,3-5 times/week,Average,6.2,1.0,No,Low,0,2253.0,82.9,4.0,2,1,0,0,1
59.0,Female,145.0,47.3,22.5,Daily,Good,7.5,6.0,No,Low,0,1843.0,47.3,7.0,3,1,0,0,1
69.0,Other,156.6,70.6,28.8,1-2 times/week,Good,8.8,6.0,No,Moderate,0,2589.0,97.2,1.5,3,2,0,0,2
57.0,Other,175.0,76.9,25.1,3-5 times/week,Good,6.1,3.0,No,Low,1,2629.0,78.7,4.0,3,1,0,1,2
56.0,Other,169.3,91.4,31.9,3-5 times/week,Poor,8.2,1.0,Yes,Moderate,0,2747.0,120.4,4.0,1,2,1,0,2
64.0,Male,172.8,92.0,30.8,3-5 times/week,Poor,8.8,7.0,No,Low,0,2925.0,125.7,4.0,1,1,0,0,0
25.0,Male,157.7,76.6,30.8,1-2 times/week,Good,8.4,6.0,No,High,1,2624.0,83.2,1.5,3,3,0,1,0
64.0,Female,153.6,55.2,23.4,1-2 times/week,Poor,8.8,3.0,No,Low,1,2066.0,93.3,1.5,1,1,0,1,1
63.0,Female,159.8,75.3,29.5,Daily,Good,6.5,8.0,Yes,Low,0,2630.0,115.4,7.0,3,1,1,0,1
49.0,Male,170.2,79.7,27.5,Daily,Poor,6.8,10.0,Yes,Low,0,3427.0,144.3,7.0,1,1,1,0,0
22.0,Female,168.3,58.3,20.6,3-5 times/week,Excellent,6.4,1.0,No,High,0,1971.0,50.2,4.0,4,3,0,0,1
34.0,Female,156.9,64.7,26.3,3-5 times/week,Excellent,5.9,8.0,No,Low,0,1897.0,49.6,4.0,4,1,0,0,1
31.0,Other,171.9,80.1,27.1,Daily,Average,7.7,7.0,No,Moderate,0,3160.0,119.1,7.0,2,2,0,0,2
34.0,Female,159.6,75.4,29.6,3-5 times/week,Poor,6.0,10.0,Yes,Low,0,2604.0,107.3,4.0,1,1,1,0,1
49.0,Female,169.4,68.9,24.0,3-5 times/week,Average,6.4,1.0,No,Low,0,1918.0,60.2,4.0,2,1,0,0,1
40.0,Male,182.6,117.4,35.2,1-2 times/week,Poor,7.7,2.0,Yes,Low,1,2695.0,117.2,1.5,1,1,1,1,0
27.0,Other,190.7,112.4,30.9,3-5 times/week,Average,6.0,9.0,Yes,Low,0,3683.0,158.8,4.0,2,1,1,0,2
45.0,Female,154.6,87.5,36.6,3-5 times/week,Poor,6.4,3.0,Yes,Moderate,1,2614.0,110.3,4.0,1,2,1,1,1
46.0,Female,171.3,79.2,27.0,Daily,Good,6.3,6.0,No,Low,1,2705.0,104.0,7.0,3,1,0,1,1
62.0,Male,176.5,97.8,31.4,3-5 times/week,Good,7.5,6.0,No,High,0,2706.0,84.6,4.0,3,3,0,0,0
50.0,Other,173.4,95.0,31.6,3-5 times/week,Average,8.4,4.0,No,Moderate,0,2448.0,81.4,4.0,2,2,0,0,2
61.0,Male,176.8,131.3,42.0,1-2 times/week,Good,6.9,3.0,No,High,1,2480.0,65.8,1.5,3,3,0,1,0
64.0,Other,171.6,81.0,27.5,3-5 times/week,Good,7.7,2.0,Yes,High,0,2064.0,54.0,4.0,3,3,1,0,2
46.0,Female,174.1,86.4,28.5,1-2 times/week,Poor,8.0,1.0,Yes,Low,0,2986.0,129.7,1.5,1,1,1,0,1
28.0,Male,168.9,42.8,15.0,Daily,Excellent,7.1,5.0,No,None,0,2420.0,65.7,7.0,4,0,0,0,0
38.0,Other,167.1,88.5,31.7,3-5 times/week,Excellent,7.7,7.0,Yes,Low,0,2231.0,59.1,4.0,4,1,1,0,2
35.0,Female,158.4,39.6,15.8,Daily,Average,8.7,1.0,No,Low,0,2176.0,72.4,7.0,2,1,0,0,1
65.0,Male,183.0,84.4,25.2,1-2 times/week,Good,7.0,1.0,No,Low,0,2082.0,67.4,1.5,3,1,0,0,0
40.0,Other,165.5,73.4,26.8,3-5 times/week,Good,4.0,1.0,No,High,0,2913.0,84.8,4.0,3,3,0,0,2
50.0,Female,157.5,47.1,19.0,Daily,Good,6.6,9.0,No,Low,0,1673.0,36.4,7.0,3,1,0,0,1
38.0,Female,151.2,67.2,29.4,1-2 times/week,Average,7.0,10.0,No,Low,0,1964.0,67.2,1.5,2,1,0,0,1
38.0,Male,176.9,107.3,34.3,3-5 times/week,Excellent,6.1,10.0,No,High,0,2113.0,57.2,4.0,4,3,0,0,0
32.0,Male,172.1,107.2,36.2,3-5 times/week,Good,6.2,6.0,No,Low,1,2692.0,72.9,4.0,3,1,0,1,0
62.0,Other,158.0,77.4,31.0,3-5 times/week,Good,5.8,9.0,Yes,Low,0,2312.0,64.7,4.0,3,1,1,0,2
26.0,Male,168.8,80.6,28.3,1-2 times/week,Good,9.4,2.0,No,High,0,2963.0,88.5,1.5,3,3,0,0,0
68.0,Male,168.3,85.5,30.2,Daily,Poor,7.1,7.0,Yes,Low,1,2907.0,116.6,7.0,1,1,1,1,0
56.0,Other,174.0,71.8,23.7,3-5 times/week,Good,8.2,2.0,No,Low,1,2288.0,76.6,4.0,3,1,0,1,2
34.0,Male,188.6,92.1,25.9,3-5 times/week,Excellent,8.0,5.0,No,Moderate,0,2409.0,65.7,4.0,4,2,0,0,0
36.0,Other,155.3,65.1,27.0,3-5 times/week,Good,7.4,2.0,No,Moderate,0,1879.0,66.7,4.0,3,2,0,0,2
26.0,Female,160.8,73.4,28.4,1-2 times/week,Poor,7.7,5.0,No,High,0,3132.0,138.4,1.5,1,3,0,0,1
46.0,Male,178.5,96.9,30.4,3-5 times/week,Average,7.0,5.0,No,Moderate,0,3266.0,110.3,4.0,2,2,0,0,0
27.0,Female,150.2,57.5,25.5,3-5 times/week,Average,6.7,9.0,No,Low,0,2113.0,68.8,4.0,2,1,0,0,1
38.0,Male,172.4,105.8,35.6,3-5 times/week,Poor,6.9,8.0,No,Low,0,2977.0,115.7,4.0,1,1,0,0,0
21.0,Male,162.0,69.8,26.6,Daily,Excellent,7.5,2.0,No,Low,0,2410.0,62.6,7.0,4,1,0,0,0
52.0,Male,171.8,78.5,26.6,3-5 times/week,Good,6.5,10.0,No,Moderate,0,2751.0,85.3,4.0,3,2,0,0,0
64.0,Female,158.8,59.8,23.7,3-5 times/week,Good,7.1,5.0,No,Moderate,0,2521.0,106.8,4.0,3,2,0,0,1
49.0,Other,156.2,68.6,28.1,1-2 times/week,Poor,8.0,2.0,No,Moderate,0,2906.0,130.0,1.5,1,2,0,0,2
24.0,Male,176.0,82.4,26.6,3-5 times/week,Excellent,6.1,6.0,Yes,High,0,2495.0,70.4,4.0,4,3,1,0,0
56.0,Other,178.5,78.4,24.6,Daily,Good,7.5,3.0,Yes,Moderate,0,2836.0,76.2,7.0,3,2,1,0,2
66.0,Other,157.3,69.3,28.0,3-5 times/week,Poor,7.6,4.0,No,High,1,2776.0,116.9,4.0,1,3,0,1,2
52.0,Female,174.9,90.2,29.5,3-5 times/week,Poor,5.5,6.0,No,Moderate,0,2863.0,117.8,4.0,1,2,0,0,1
62.0,Female,161.9,58.2,22.2,Daily,Good,5.5,6.0,No,Low,0,1629.0,45.1,7.0,3,1,0,0,1
28.0,Female,155.3,69.7,28.9,Daily,Good,4.2,8.0,No,High,0,2497.0,70.4,7.0,3,3,0,0,1
35.0,Other,161.2,57.2,22.0,Daily,Good,7.8,9.0,No,Low,0,2419.0,65.9,7.0,3,1,0,0,2
41.0,Male,163.3,72.8,27.3,3-5 times/week,Good,7.9,4.0,No,Low,0,2156.0,60.3,4.0,3,1,0,0,0
56.0,Other,163.4,90.0,33.7,3-5 times/week,Average,5.1,5.0,No,Low,0,1755.0,67.7,4.0,2,1,0,0,2
25.0,Other,155.0,77.8,32.4,3-5 times/week,Average,6.4,4.0,No,Low,0,2362.0,85.8,4.0,2,1,0,0,2
42.0,Other,169.1,105.5,36.9,Daily,Good,6.9,6.0,No,Moderate,1,3524.0,144.3,7.0,3,2,0,1,2
19.0,Other,152.4,61.5,26.5,3-5 times/week,Average,7.3,4.0,No,High,0,3109.0,107.9,4.0,2,3,0,0,2
55.0,Other,160.6,81.5,31.6,3-5 times/week,Good,6.3,6.0,No,Moderate,1,2286.0,73.6,4.0,3,2,0,1,2
37.0,Female,164.0,60.5,22.5,1-2 times/week,Excellent,5.6,6.0,No,Moderate,0,2239.0,62.8,1.5,4,2,0,0,1
54.0,Female,160.9,87.0,33.6,3-5 times/week,Poor,5.8,5.0,No,Low,0,2583.0,101.0,4.0,1,1,0,0,1
31.0,Female,150.3,58.1,25.7,3-5 times/week,Poor,7.3,3.0,No,High,0,2617.0,89.2,4.0,1,3,0,0,1
21.0,Male,162.2,87.6,33.3,3-5 times/week,Poor,6.4,6.0,Yes,Low,1,3555.0,154.3,4.0,1,1,1,1,0
24.0,Other,172.7,79.3,26.6,3-5 times/week,Poor,5.9,3.0,No,Low,0,3413.0,139.8,4.0,1,1,0,0,2
32.0,Other,171.8,103.6,35.1,3-5 times/week,Good,8.2,9.0,No,High,0,2986.0,92.9,4.0,3,3,0,0,2
40.0,Male,164.5,63.9,23.6,1-2 times/week,Excellent,7.9,4.0,No,Low,0,2157.0,47.8,1.5,4,1,0,0,0
22.0,Other,171.9,81.6,27.6,Daily,Average,8.4,4.0,Yes,High,0,2992.0,102.9,7.0,2,3,1,0,2
56.0,Male,181.4,112.2,34.1,3-5 times/week,Average,5.7,1.0,No,Low,0,2541.0,87.2,4.0,2,1,0,0,0
33.0,Female,167.7,70.6,25.1,3-5 times/week,Average,7.0,3.0,No,Moderate,0,2714.0,96.7,4.0,2,2,0,0,1
19.0,Other,164.2,60.4,22.4,3-5 times/week,Excellent,5.3,4.0,No,Low,0,1363.0,28.6,4.0,4,1,0,0,2
57.0,Female,160.7,53.2,20.6,Daily,Excellent,7.0,5.0,No,Low,0,2111.0,57.9,7.0,4,1,0,0,1
35.0,Female,163.8,84.2,31.4,Daily,Poor,7.6,3.0,No,Moderate,0,2919.0,116.9,7.0,1,2,0,0,1
65.0,Male,176.0,81.2,26.2,3-5 times/week,Good,6.0,10.0,Yes,Moderate,0,2399.0,70.0,4.0,3,2,1,0,0
19.0,Female,165.6,65.0,23.7,1-2 times/week,Poor,7.0,5.0,No,Low,0,2628.0,114.0,1.5,1,1,0,0,1
37.0,Female,151.0,40.8,17.9,3-5 times/week,Excellent,5.6,8.0,No,Low,0,1684.0,38.1,4.0,4,1,0,0,1
51.0,Other,153.8,41.9,17.7,3-5 times/week,Good,9.1,3.0,No,Low,0,1542.0,36.9,4.0,3,1,0,0,2
58.0,Other,175.8,109.4,35.4,3-5 times/week,Average,9.0,1.0,No,Moderate,1,2284.0,76.2,4.0,2,2,0,1,2
57.0,Male,166.0,70.5,25.6,3-5 times/week,Excellent,8.3,10.0,No,High,0,2799.0,72.0,4.0,4,3,0,0,0
33.0,Female,164.5,63.3,23.4,3-5 times/week,Good,7.8,6.0,No,High,0,2040.0,63.4,4.0,3,3,0,0,1
23.0,Male,154.0,87.3,36.8,3-5 times/week,Average,7.0,9.0,No,Moderate,0,2576.0,101.2,4.0,2,2,0,0,0
65.0,Other,173.6,104.3,34.6,3-5 times/week,Average,6.6,4.0,No,Moderate,0,3051.0,99.2,4.0,2,2,0,0,2
27.0,Male,169.1,64.9,22.7,1-2 times/week,Excellent,7.1,6.0,No,Low,1,1949.0,49.5,1.5,4,1,0,1,0
56.0,Other,163.2,68.7,25.8,Daily,Average,6.6,4.0,No,Moderate,0,2229.0,64.3,7.0,2,2,0,0,2
24.0,Female,172.1,82.9,28.0,3-5 times/week,Average,9.7,5.0,No,Moderate,0,2040.0,66.4,4.0,2,2,0,0,1
31.0,Other,170.0,113.3,39.2,1-2 times/week,Good,6.9,1.0,Yes,Low,0,2372.0,73.3,1.5,3,1,1,0,2
53.0,Other,158.9,62.9,24.9,Daily,Excellent,5.1,8.0,No,Low,0,1593.0,38.5,7.0,4,1,0,0,2
45.0,Female,168.2,86.0,30.4,3-5 times/week,Average,7.0,6.0,No,Moderate,0,2025.0,70.7,4.0,2,2,0,0,1
25.0,Other,173.6,110.0,36.5,3-5 times/week,Poor,7.4,7.0,No,High,0,3662.0,156.3,4.0,1,3,0,0,2
32.0,Female,161.7,80.8,30.9,3-5 times/week,Poor,6.2,6.0,No,High,0,2910.0,127.5,4.0,1,3,0,0,1
28.0,Male,163.1,70.0,26.3,1-2 times/week,Poor,6.7,3.0,No,Low,0,2844.0,105.8,1.5,1,1,0,0,0
34.0,Female,158.0,83.4,33.4,1-2 times/week,Poor,6.9,2.0,Yes,Low,0,2409.0,99.0,1.5,1,1,1,0,1
68.0,Other,171.3,46.1,15.7,Daily,Good,8.9,8.0,No,Low,0,1773.0,58.9,7.0,3,1,0,0,2
38.0,Female,154.3,58.8,24.7,1-2 times/week,Good,9.4,2.0,Yes,Low,0,2026.0,61.0,1.5,3,1,1,0,1
55.0,Male,176.1,104.5,33.7,3-5 times/week,Poor,7.0,6.0,Yes,Moderate,0,3619.0,157.5,4.0,1,2,1,0,0
63.0,Other,156.2,72.2,29.6,Daily,Average,9.3,7.0,No,High,0,2532.0,81.3,7.0,2,3,0,0,2
63.0,Other,163.2,78.8,29.6,3-5 times/week,Poor,6.6,10.0,No,Low,1,3051.0,120.4,4.0,1,1,0,1,2
55.0,Male,171.1,87.8,30.0,3-5 times/week,Average,8.6,7.0,No,Moderate,0,2512.0,89.7,4.0,2,2,0,0,0
26.0,Other,167.2,82.5,29.5,3-5 times/week,Average,8.2,8.0,No,Moderate,0,2432.0,73.7,4.0,2,2,0,0,2
31.0,Female,161.5,54.0,20.7,3-5 times/week,Excellent,8.7,1.0,No,Low,0,1324.0,36.8,4.0,4,1,0,0,1
20.0,Male,167.8,52.7,18.7,3-5 times/week,Excellent,6.3,9.0,No,Low,0,2698.0,75.0,4.0,4,1,0,0,0
22.0,Female,166.1,89.7,32.5,1-2 times/week,Average,7.6,10.0,No,Low,0,2323.0,85.3,1.5,2,1,0,0,1
57.0,Other,170.7,74.6,25.6,3-5 times/week,Good,8.4,6.0,No,Low,0,2009.0,54.3,4.0,3,1,0,0,2
27.0,Other,172.0,88.2,29.8,Daily,Poor,6.2,5.0,No,High,0,3554.0,145.0,7.0,1,3,0,0,2
51.0,Female,165.9,84.8,30.8,3-5 times/week,Average,8.5,6.0,Yes,Low,0,2426.0,80.7,4.0,2,1,1,0,1
41.0,Female,161.3,47.6,18.3,3-5 times/week,Average,7.0,1.0,Yes,Low,1,2093.0,80.8,4.0,2,1,1,1,1
51.0,Male,172.2,95.8,32.3,1-2 times/week,Poor,8.5,7.0,Yes,Low,0,3148.0,135.8,1.5,1,1,1,0,0
61.0,Female,160.0,46.8,18.3,Daily,Good,5.0,5.0,No,Low,1,2091.0,55.0,7.0,3,1,0,1,1
21.0,Other,158.3,55.6,22.2,3-5 times/week,Good,6.3,3.0,No,High,1,2979.0,88.8,4.0,3,3,0,1,2
20.0,Male,167.8,63.4,22.5,Daily,Poor,6.7,1.0,Yes,Low,0,3570.0,148.0,7.0,1,1,1,0,0
61.0,Female,171.2,109.6,37.4,3-5 times/week,Average,7.0,4.0,No,Low,1,2388.0,82.9,4.0,2,1,0,1,1
63.0,Other,163.7,79.6,29.7,3-5 times/week,Good,6.8,5.0,No,Low,0,2033.0,72.7,4.0,3,1,0,0,2
31.0,Other,179.7,96.6,29.9,1-2 times/week,Good,8.5,3.0,Yes,Moderate,0,2683.0,83.5,1.5,3,2,1,0,2
59.0,Female,160.7,97.6,37.8,3-5 times/week,Good,6.0,8.0,No,High,1,2079.0,55.9,4.0,3,3,0,1,1
38.0,Other,181.2,52.2,15.9,Daily,Excellent,6.4,9.0,No,Low,1,1775.0,46.3,7.0,4,1,0,1,2
46.0,Male,164.1,73.0,27.1,Daily,Good,6.5,8.0,No,Moderate,0,2712.0,75.1,7.0,3,2,0,0,0
32.0,Male,170.5,102.6,35.3,3-5 times/week,Poor,7.0,8.0,No,Moderate,0,3372.0,141.3,4.0,1,2,0,0,0
42.0,Other,160.6,72.2,28.0,Daily,Excellent,7.3,7.0,No,Moderate,1,2701.0,90.7,7.0,4,2,0,1,2
23.0,Female,165.8,61.6,22.4,3-5 times/week,Excellent,7.0,9.0,Yes,Low,0,1804.0,45.7,4.0,4,1,1,0,1
36.0,Female,159.7,71.4,28.0,3-5 times/week,Average,6.1,6.0,Yes,Low,0,2347.0,75.5,4.0,2,1,1,0,1
25.0,Male,173.3,73.0,24.3,1-2 times/week,Good,7.6,2.0,No,Low,0,2647.0,81.0,1.5,3,1,0,0,0
52.0,Male,167.2,74.6,26.7,Daily,Good,7.5,2.0,No,Moderate,0,2794.0,71.8,7.0,3,2,0,0,0
37.0,Male,185.6,104.4,30.3,3-5 times/week,Average,8.9,10.0,Yes,Low,1,2753.0,103.8,4.0,2,1,1,1,0
32.0,Male,169.2,64.1,22.4,1-2 times/week,Excellent,7.8,5.0,Yes,Moderate,0,2580.0,71.7,1.5,4,2,1,0,0
64.0,Other,163.3,71.7,26.9,1-2 times/week,Good,7.1,2.0,Yes,Moderate,0,2279.0,62.7,1.5,3,2,1,0,2
39.0,Other,170.4,82.8,28.5,1-2 times/week,Good,8.4,6.0,No,None,0,2552.0,78.2,1.5,3,0,0,0,2
34.0,Female,159.5,71.2,28.0,3-5 times/week,Excellent,4.0,9.0,Yes,Low,0,1909.0,40.3,4.0,4,1,1,0,1
45.0,Female,161.0,51.6,19.9,3-5 times/week,Excellent,9.0,2.0,No,Moderate,1,2297.0,55.0,4.0,4,2,0,1,1
48.0,Female,160.3,84.5,32.9,3-5 times/week,Average,7.7,5.0,Yes,High,0,1943.0,64.9,4.0,2,3,1,0,1
57.0,Male,168.2,88.3,31.2,3-5 times/week,Good,6.6,9.0,No,Low,0,3115.0,114.7,4.0,3,1,0,0,0
20.0,Male,171.0,68.4,23.4,3-5 times/week,Good,4.0,5.0,No,Moderate,0,2189.0,63.2,4.0,3,2,0,0,0
23.0,Other,164.1,50.4,18.7,3-5 times/week,Good,7.5,4.0,No,Moderate,0,2147.0,54.4,4.0,3,2,0,0,2
47.0,Other,165.7,73.6,26.8,3-5 times/week,Average,5.6,10.0,Yes,Low,1,2609.0,87.3,4.0,2,1,1,1,2
40.0,Other,170.1,83.9,29.0,1-2 times/week,Poor,6.3,8.0,Yes,Moderate,0,2853.0,135.2,1.5,1,2,1,0,2
22.0,Male,174.6,109.1,35.8,1-2 times/week,Poor,5.7,6.0,No,Low,1,3247.0,142.9,1.5,1,1,0,1,0
30.0,Male,170.6,115.5,39.7,3-5 times/week,Poor,7.0,1.0,No,Moderate,0,3094.0,133.2,4.0,1,2,0,0,0
40.0,Female,154.9,54.2,22.6,Daily,Excellent,6.5,7.0,No,Low,0,1676.0,36.8,7.0,4,1,0,0,1
30.0,Female,166.3,87.1,31.5,3-5 times/week,Poor,6.4,5.0,No,Low,0,2349.0,100.0,4.0,1,1,0,0,1
26.0,Female,158.5,72.4,28.8,1-2 times/week,Poor,7.8,3.0,No,Low,1,2826.0,124.3,1.5,1,1,0,1,1
45.0,Female,164.0,84.7,31.5,1-2 times/week,Poor,8.2,5.0,No,Low,0,2780.0,116.0,1.5,1,1,0,0,1
18.0,Male,172.4,77.0,25.9,1-2 times/week,Good,8.1,4.0,No,Moderate,0,2442.0,70.6,1.5,3,2,0,0,0
40.0,Male,170.9,71.8,24.6,Daily,Average,7.0,10.0,No,Low,0,2935.0,104.6,7.0,2,1,0,0,0
30.0,Male,158.6,37.7,15.0,None,Good,7.3,3.0,Yes,Low,0,2206.0,61.8,0.0,3,1,1,0,0
38.0,Female,161.7,49.9,19.1,1-2 times/week,Good,7.0,6.0,No,Low,0,1894.0,55.7,1.5,3,1,0,0,1
68.0,Female,164.2,72.5,26.9,Daily,Excellent,8.9,2.0,Yes,Moderate,0,2332.0,46.3,7.0,4,2,1,0,1
51.0,Female,153.0,73.0,31.2,3-5 times/week,Excellent,7.0,1.0,No,Moderate,0,1842.0,52.0,4.0,4,2,0,0,1
62.0,Male,160.0,100.1,39.1,Daily,Average,4.0,8.0,No,High,1,2316.0,76.4,7.0,2,3,0,1,0
61.0,Male,175.8,61.8,20.0,Daily,Excellent,7.3,7.0,No,Moderate,1,2228.0,46.6,7.0,4,2,0,1,0
28.0,Other,176.6,84.2,27.0,3-5 times/week,Excellent,7.2,7.0,No,High,0,2155.0,44.8,4.0,4,3,0,0,2
40.0,Other,166.4,89.7,32.4,3-5 times/week,Poor,5.7,4.0,Yes,Low,1,2750.0,103.1,4.0,1,1,1,1,2
48.0,Male,161.0,82.2,31.7,3-5 times/week,Good,7.9,9.0,Yes,Low,1,1792.0,53.2,4.0,3,1,1,1,0
57.0,Female,161.1,84.1,32.4,3-5 times/week,Good,7.1,3.0,No,Low,0,1535.0,44.2,4.0,3,1,0,0,1
34.0,Other,161.7,66.7,25.5,1-2 times/week,Excellent,6.3,7.0,No,High,1,2504.0,67.5,1.5,4,3,0,1,2
67.0,Other,165.3,107.7,39.4,3-5 times/week,Good,9.2,4.0,No,Moderate,0,1956.0,63.4,4.0,3,2,0,0,2
65.0,Female,145.9,57.7,27.1,3-5 times/week,Good,7.7,4.0,Yes,Low,0,1341.0,47.7,4.0,3,1,1,0,1
27.0,Female,164.1,49.8,18.5,3-5 times/week,Excellent,6.6,7.0,No,Low,0,1485.0,35.8,4.0,4,1,0,0,1
47.0,Female,166.1,41.4,15.0,3-5 times/week,Good,8.2,2.0,No,Low,1,1988.0,52.5,4.0,3,1,0,1,1
31.0,Female,160.5,68.3,26.5,3-5 times/week,Average,6.3,9.0,No,Moderate,0,2274.0,82.4,4.0,2,2,0,0,1
40.0,Other,156.0,68.9,28.3,Daily,Excellent,7.5,7.0,No,Low,0,1814.0,47.7,7.0,4,1,0,0,2
22.0,Female,167.9,72.2,25.6,Daily,Average,6.0,8.0,No,Low,1,3007.0,110.6,7.0,2,1,0,1,1
63.0,Male,181.3,87.8,26.7,3-5 times/week,Good,9.5,4.0,Yes,High,0,2519.0,74.6,4.0,3,3,1,0,0
53.0,Female,156.9,52.9,21.5,Daily,Average,7.0,6.0,No,Moderate,1,2048.0,62.1,7.0,2,2,0,1,1
43.0,Female,172.4,82.6,27.8,1-2 times/week,Average,5.6,8.0,No,High,0,2642.0,99.3,1.5,2,3,0,0,1
58.0,Male,159.0,65.2,25.8,Daily,Good,8.3,5.0,No,Low,0,2615.0,67.8,7.0,3,1,0,0,0
23.0,Male,175.7,72.9,23.6,3-5 times/week,Good,6.3,2.0,No,Low,0,2778.0,79.7,4.0,3,1,0,0,0
18.0,Female,151.8,35.3,15.3,3-5 times/week,Excellent,7.0,7.0,No,High,0,2286.0,53.8,4.0,4,3,0,0,1
58.0,Female,150.3,58.5,25.9,1-2 times/week,Poor,6.9,1.0,No,Low,0,2071.0,95.7,1.5,1,1,0,0,1
33.0,Male,172.0,81.7,27.6,3-5 times/week,Average,7.7,8.0,No,Low,0,2930.0,110.7,4.0,2,1,0,0,0
33.0,Male,169.2,95.3,33.3,3-5 times/week,Average,7.0,2.0,Yes,Low,1,2588.0,96.4,4.0,2,1,1,1,0
36.0,Male,170.2,88.1,30.4,3-5 times/week,Average,9.6,5.0,No,Low,0,3340.0,121.1,4.0,2,1,0,0,0
63.0,Other,167.6,119.1,42.4,1-2 times/week,Poor,5.0,7.0,Yes,None,1,2663.0,119.6,1.5,1,0,1,1,2
19.0,Female,161.8,69.6,26.6,3-5 times/week,Good,6.5,7.0,Yes,Low,0,1387.0,38.5,4.0,3,1,1,0,1
18.0,Other,167.6,90.2,32.1,3-5 times/week,Poor,8.7,10.0,No,Low,0,3056.0,132.7,4.0,1,1,0,0,2
24.0,Male,172.8,65.7,22.0,3-5 times/week,Good,7.0,8.0,No,Low,0,2933.0,87.3,4.0,3,1,0,0,0
42.0,Male,174.3,104.8,34.5,3-5 times/week,Good,6.3,5.0,No,High,0,2419.0,71.2,4.0,3,3,0,0,0
57.0,Male,163.8,81.6,30.4,1-2 times/week,Average,4.0,3.0,Yes,Low,0,2698.0,99.2,1.5,2,1,1,0,0
50.0,Female,180.9,95.2,29.1,3-5 times/week,Excellent,6.6,8.0,No,Moderate,1,2421.0,66.0,4.0,4,2,0,1,1
52.0,Other,167.3,112.0,40.0,3-5 times/week,Poor,9.5,1.0,No,Moderate,0,2629.0,106.3,4.0,1,2,0,0,2
52.0,Female,154.1,75.3,31.7,1-2 times/week,Poor,6.1,4.0,No,High,0,2615.0,117.7,1.5,1,3,0,0,1
23.0,Female,161.0,71.5,27.6,3-5 times/week,Average,5.3,8.0,No,Low,0,2384.0,91.7,4.0,2,1,0,0,1
46.0,Female,157.4,48.3,19.5,Daily,Excellent,7.0,6.0,No,Low,1,1950.0,58.4,7.0,4,1,0,1,1
34.0,Female,151.8,73.5,31.9,Daily,Average,5.8,3.0,No,High,0,2861.0,108.8,7.0,2,3,0,0,1
29.0,Male,174.6,95.7,31.4,1-2 times/week,Good,4.0,1.0,Yes,Low,0,2612.0,81.3,1.5,3,1,1,0,0
24.0,Female,158.0,75.9,30.4,3-5 times/week,Poor,7.1,4.0,No,High,0,3013.0,126.7,4.0,1,3,0,0,1
31.0,Female,176.0,61.3,19.8,Daily,Excellent,6.9,1.0,No,Low,1,1861.0,44.5,7.0,4,1,0,1,1
36.0,Other,160.0,76.3,29.8,Daily,Poor,7.0,6.0,No,High,0,3650.0,152.9,7.0,1,3,0,0,2
61.0,Female,159.9,58.8,23.0,3-5 times/week,Good,7.2,3.0,No,Low,0,2013.0,56.1,4.0,3,1,0,0,1
27.0,Female,166.5,75.1,44.3,1-2 times/week,Average,6.7,4.0,No,Low,0,2107.0,79.1,1.5,2,1,0,0,1
21.0,Male,161.8,75.1,28.7,3-5 times/week,Good,7.0,4.0,Yes,Low,0,1811.0,52.6,4.0,3,1,1,0,0
34.0,Male,168.8,106.9,37.5,3-5 times/week,Excellent,6.0,3.0,Yes,High,0,2982.0,97.9,4.0,4,3,1,0,0
27.0,Female,153.0,74.0,31.6,3-5 times/week,Average,7.7,8.0,No,Moderate,0,2097.0,73.2,4.0,2,2,0,0,1
59.0,Other,157.3,58.9,23.8,3-5 times/week,Excellent,7.7,6.0,Yes,Low,0,1719.0,33.2,4.0,4,1,1,0,2
66.0,Female,164.1,76.2,28.3,Daily,Poor,6.7,1.0,No,Low,0,2874.0,129.8,7.0,1,1,0,0,1
45.0,Other,168.5,89.4,31.5,3-5 times/week,Poor,7.8,7.0,No,Low,0,2878.0,121.3,4.0,1,1,0,0,2
23.0,Other,167.9,51.6,18.3,3-5 times/week,Good,7.5,2.0,No,Moderate,0,2691.0,76.9,4.0,3,2,0,0,2
47.0,Female,156.4,62.4,25.5,3-5 times/week,Poor,6.1,3.0,No,Low,0,2450.0,105.4,4.0,1,1,0,0,1
44.0,Male,170.9,72.7,24.9,3-5 times/week,Average,6.7,4.0,No,Low,0,2709.0,109.9,4.0,2,1,0,0,0
19.0,Other,180.1,103.8,32.0,3-5 times/week,Poor,4.5,10.0,Yes,Low,0,3395.0,143.1,4.0,1,1,1,0,2
62.0,Other,170.9,59.0,20.2,Daily,Excellent,7.7,7.0,Yes,High,0,3043.0,70.8,7.0,4,3,1,0,2
51.0,Female,155.1,80.8,33.6,3-5 times/week,Good,6.8,9.0,No,Moderate,0,2507.0,111.8,4.0,3,2,0,0,1
44.0,Female,158.9,60.9,24.1,3-5 times/week,Good,4.8,3.0,Yes,High,1,2236.0,53.6,4.0,3,3,1,1,1
42.0,Other,170.6,61.7,21.2,3-5 times/week,Excellent,7.7,1.0,No,Low,0,2084.0,57.7,4.0,4,1,0,0,2
21.0,Other,175.7,129.7,42.0,3-5 times/week,Good,6.6,5.0,No,High,1,2536.0,59.8,4.0,3,3,0,1,2
52.0,Male,168.9,78.4,27.5,Daily,Good,7.5,9.0,No,Low,0,2371.0,80.9,7.0,3,1,0,0,0
29.0,Other,168.5,91.1,32.1,3-5 times/week,Average,8.5,8.0,No,Low,0,2844.0,107.2,4.0,2,1,0,0,2
56.0,Male,167.2,76.3,27.3,3-5 times/week,Good,8.9,4.0,No,Moderate,0,2637.0,78.4,4.0,3,2,0,0,0
69.0,Other,175.1,93.2,30.4,1-2 times/week,Average,6.2,3.0,Yes,Low,0,2245.0,82.8,1.5,2,1,1,0,2
35.0,Male,169.8,87.9,30.5,3-5 times/week,Average,6.1,5.0,Yes,Moderate,1,3125.0,113.1,4.0,2,2,1,1,0
60.0,Female,148.0,55.6,25.4,3-5 times/week,Good,5.3,8.0,Yes,Moderate,0,1857.0,64.4,4.0,3,2,1,0,1
35.0,Other,155.2,46.0,19.1,Daily,Excellent,5.1,6.0,No,Low,0,1925.0,47.4,7.0,4,1,0,0,2
20.0,Other,153.4,35.3,15.0,3-5 times/week,Good,7.8,2.0,No,Low,0,1941.0,62.6,4.0,3,1,0,0,2
59.0,Other,170.5,66.0,22.7,1-2 times/week,Good,7.0,10.0,No,High,0,2333.0,71.8,1.5,3,3,0,0,2
22.0,Other,163.8,84.5,31.5,1-2 times/week,Excellent,9.9,6.0,Yes,High,0,2654.0,65.3,1.5,4,3,1,0,2
22.0,Male,171.8,105.4,35.7,Daily,Poor,6.5,8.0,No,High,1,3419.0,140.3,7.0,1,3,0,1,0
67.0,Female,164.9,119.4,43.9,3-5 times/week,Good,4.0,4.0,Yes,High,0,2751.0,89.4,4.0,3,3,1,0,1
25.0,Male,174.2,70.1,23.1,1-2 times/week,Good,10.0,9.0,Yes,Low,0,2734.0,90.4,1.5,3,1,1,0,0
35.0,Female,155.4,69.8,28.9,1-2 times/week,Average,6.2,9.0,No,None,0,1876.0,60.5,1.5,2,0,0,0,1
44.0,Female,155.1,79.1,32.9,1-2 times/week,Excellent,6.2,5.0,No,Low,0,1932.0,71.7,1.5,4,1,0,0,1
28.0,Other,168.7,64.9,22.8,3-5 times/week,Average,7.0,4.0,No,High,0,2366.0,94.2,4.0,2,3,0,0,2
69.0,Other,154.5,61.8,25.9,Daily,Excellent,6.4,5.0,No,High,0,2363.0,58.4,7.0,4,3,0,0,2
65.0,Female,159.0,67.8,26.8,Daily,Average,7.1,2.0,No,Moderate,0,2533.0,96.7,7.0,2,2,0,0,1
45.0,Female,164.6,84.0,31.0,None,Excellent,7.0,10.0,Yes,Moderate,0,2211.0,52.5,0.0,4,2,1,0,1
29.0,Male,169.8,87.9,30.5,1-2 times/week,Good,9.4,6.0,No,Low,0,3163.0,95.7,1.5,3,1,0,0,0
56.0,Other,171.9,58.8,19.9,1-2 times/week,Good,7.0,6.0,No,Low,0,1838.0,47.9,1.5,3,1,0,0,2
59.0,Male,178.7,77.0,24.1,None,Average,8.7,6.0,No,High,0,2752.0,105.9,0.0,2,3,0,0,0
32.0,Other,160.5,67.7,26.3,3-5 times/week,Excellent,6.9,8.0,No,Moderate,0,1940.0,38.4,4.0,4,2,0,0,2
38.0,Male,179.8,48.5,15.0,3-5 times/week,Excellent,7.3,9.0,No,Low,0,2357.0,53.8,4.0,4,1,0,0,0
26.0,Female,176.9,87.3,27.9,1-2 times/week,Average,10.0,9.0,Yes,Low,0,2253.0,61.1,1.5,2,1,1,0,1
52.0,Male,172.7,72.8,24.4,1-2 times/week,Poor,7.4,6.0,No,Moderate,0,3236.0,146.0,1.5,1,2,0,0,0
51.0,Other,166.8,87.4,31.4,3-5 times/week,Good,7.2,1.0,No,Low,0,1806.0,55.6,4.0,3,1,0,0,2
64.0,Male,180.5,117.0,35.9,3-5 times/week,Average,7.0,10.0,No,High,0,3045.0,108.7,4.0,2,3,0,0,0
30.0,Male,170.1,60.2,20.8,Daily,Good,6.9,8.0,No,Low,1,2755.0,72.5,7.0,3,1,0,1,0
52.0,Male,166.4,91.4,33.0,Daily,Poor,5.0,8.0,Yes,Low,0,3332.0,139.3,7.0,1,1,1,0,0
21.0,Other,165.0,63.2,23.2,3-5 times/week,Good,7.0,7.0,No,High,1,2334.0,64.4,4.0,3,3,0,1,2
19.0,Male,170.0,48.8,16.9,3-5 times/week,Excellent,8.7,7.0,No,Low,0,2121.0,54.6,4.0,4,1,0,0,0
35.0,Female,158.7,71.3,28.3,3-5 times/week,Good,10.0,10.0,No,Low,0,1680.0,57.0,4.0,3,1,0,0,1
59.0,Male,183.1,90.5,27.0,3-5 times/week,Good,4.8,8.0,No,Low,0,2692.0,84.8,4.0,3,1,0,0,0
26.0,Male,167.3,91.2,32.6,1-2 times/week,Good,7.3,7.0,No,Moderate,0,3037.0,89.3,1.5,3,2,0,0,0
43.0,Male,173.0,103.3,34.5,1-2 times/week,Good,7.0,10.0,No,Moderate,0,3139.0,86.4,1.5,3,2,0,0,0
66.0,Other,156.6,64.0,26.1,3-5 times/week,Poor,7.9,6.0,Yes,Low,0,2603.0,103.8,4.0,1,1,1,0,2
20.0,Female,165.1,49.3,18.1,3-5 times/week,Good,6.9,10.0,No,Low,0,1609.0,36.4,4.0,3,1,0,0,1
51.0,Male,178.2,99.7,31.4,3-5 times/week,Excellent,7.0,1.0,No,Moderate,0,2816.0,73.0,4.0,4,2,0,0,0
23.0,Male,162.8,53.3,20.1,3-5 times/week,Excellent,7.2,8.0,No,High,0,2718.0,76.6,4.0,4,3,0,0,0
30.0,Other,156.8,65.9,26.8,Daily,Poor,7.7,4.0,Yes,Low,0,3064.0,131.7,7.0,1,1,1,0,2
27.0,Male,183.1,64.7,19.3,Daily,Average,6.9,3.0,No,Low,0,2796.0,103.2,7.0,2,1,0,0,0
50.0,Male,181.8,97.2,29.4,1-2 times/week,Good,7.1,9.0,Yes,Low,0,2225.0,53.8,1.5,3,1,1,0,0
31.0,Other,178.2,76.5,24.1,3-5 times/week,Excellent,6.4,7.0,No,High,0,2539.0,48.2,4.0,4,3,0,0,2
53.0,Male,161.3,73.6,28.3,3-5 times/week,Good,7.0,7.0,No,Low,1,2014.0,70.5,4.0,3,1,0,1,0
65.0,Other,157.0,68.3,27.7,3-5 times/week,Poor,7.4,1.0,No,High,0,1893.0,44.4,4.0,1,3,0,0,2
28.0,Other,160.0,98.3,38.4,3-5 times/week,Average,7.0,4.0,No,Moderate,1,2063.0,71.6,4.0,2,2,0,1,2
34.0,Other,152.3,61.2,26.4,Daily,Poor,7.0,8.0,No,Moderate,0,2397.0,70.7,7.0,1,2,0,0,2
59.0,Female,157.6,59.9,24.1,3-5 times/week,Average,7.0,2.0,No,Low,1,2135.0,84.5,4.0,2,1,0,1,1
63.0,Other,165.2,64.7,23.7,1-2 times/week,Good,7.7,6.0,No,Low,0,2725.0,76.8,1.5,3,1,0,0,2
43.0,Male,179.6,102.6,31.8,3-5 times/week,Excellent,5.8,10.0,No,High,0,2806.0,80.8,4.0,4,3,0,0,0
42.0,Female,150.6,51.9,22.9,Daily,Good,7.4,4.0,No,Low,0,1984.0,49.3,7.0,3,1,0,0,1
24.0,Female,161.0,83.7,32.3,3-5 times/week,Good,6.3,7.0,No,Moderate,0,2950.0,120.5,4.0,3,2,0,0,1
62.0,Female,156.5,69.1,28.2,3-5 times/week,Average,7.7,1.0,No,Moderate,0,1682.0,45.2,4.0,2,2,0,0,1
19.0,Female,159.3,65.5,25.8,1-2 times/week,Good,6.0,5.0,No,Low,0,1779.0,52.0,1.5,3,1,0,0,1
33.0,Male,159.3,75.1,29.6,3-5 times/week,Good,8.7,4.0,No,Moderate,1,3067.0,117.4,4.0,3,2,0,1,0
18.0,Other,161.5,47.7,18.3,Daily,Average,7.5,7.0,No,Low,0,2984.0,101.8,7.0,2,1,0,0,2
39.0,Male,168.3,82.1,29.0,Daily,Poor,7.8,8.0,No,Moderate,0,3327.0,146.0,7.0,1,2,0,0,0
51.0,Female,159.2,72.2,28.5,3-5 times/week,Average,8.1,2.0,No,Moderate,0,2428.0,77.1,4.0,2,2,0,0,1
26.0,Female,161.5,62.9,24.1,Daily,Excellent,6.3,8.0,No,Low,0,1747.0,36.0,7.0,4,1,0,0,1
54.0,Female,169.4,81.5,28.4,3-5 times/week,Good,5.1,9.0,No,Low,1,2819.0,108.6,4.0,3,1,0,1,1
62.0,Other,159.8,48.8,19.1,3-5 times/week,Excellent,5.7,3.0,No,Low,0,2341.0,61.7,4.0,4,1,0,0,2
31.0,Female,159.3,65.5,25.8,3-5 times/week,Good,7.0,3.0,Yes,Low,0,2119.0,60.7,4.0,3,1,1,0,1
18.0,Other,173.5,59.0,19.6,3-5 times/week,Good,7.0,10.0,Yes,Low,0,2252.0,62.9,4.0,3,1,1,0,2
26.0,Male,163.5,76.5,28.6,3-5 times/week,Average,7.0,5.0,Yes,Moderate,1,2537.0,85.3,4.0,2,2,1,1,0
45.0,Other,167.1,85.2,30.5,3-5 times/week,Poor,5.4,10.0,No,High,0,3183.0,129.9,4.0,1,3,0,0,2
55.0,Other,171.8,82.3,27.9,1-2 times/week,Poor,6.2,1.0,No,High,1,3543.0,144.8,1.5,1,3,0,1,2
32.0,Male,174.4,70.9,23.3,3-5 times/week,Good,8.8,4.0,Yes,Low,1,2711.0,84.0,4.0,3,1,1,1,0
36.0,Other,167.9,67.9,24.1,1-2 times/week,Good,6.3,2.0,Yes,Low,0,2209.0,63.9,1.5,3,1,1,0,2
36.0,Female,157.9,57.6,23.1,1-2 times/week,Poor,6.4,5.0,No,Low,1,2547.0,105.0,1.5,1,1,0,1,1
29.0,Male,171.7,65.7,22.3,Daily,Poor,6.8,8.0,No,Low,0,2866.0,120.4,7.0,1,1,0,0,0
25.0,Male,186.2,97.4,28.1,3-5 times/week,Good,8.5,7.0,Yes,High,0,2034.0,50.9,4.0,3,3,1,0,0
62.0,Other,155.2,81.7,33.9,3-5 times/week,Good,9.3,8.0,No,Low,0,2064.0,64.9,4.0,3,1,0,0,2
37.0,Female,156.6,51.0,20.8,3-5 times/week,Good,6.9,3.0,No,Low,0,1923.0,52.9,4.0,3,1,0,0,1
32.0,Female,165.0,74.3,27.3,3-5 times/week,Poor,8.5,7.0,No,Low,0,2421.0,91.5,4.0,1,1,0,0,1
20.0,Male,174.3,86.0,28.3,3-5 times/week,Good,7.5,5.0,No,Moderate,0,2681.0,82.0,4.0,3,2,0,0,0
25.0,Other,170.2,104.6,36.1,3-5 times/week,Average,5.2,2.0,No,Moderate,1,2586.0,89.2,4.0,2,2,0,1,2
67.0,Other,162.9,77.5,10.700000000000003,1-2 times/week,Poor,7.5,3.0,Yes,High,1,2265.0,95.7,1.5,1,3,1,1,2
43.0,Male,177.1,67.4,21.5,Daily,Good,9.3,3.0,Yes,Low,1,3178.0,89.5,7.0,3,1,1,1,0
19.0,Other,168.4,68.6,24.2,3-5 times/week,Excellent,6.6,1.0,No,Low,0,1249.0,33.3,4.0,4,1,0,0,2
20.0,Other,168.2,58.6,20.7,3-5 times/week,Average,7.0,3.0,Yes,Low,0,2288.0,79.7,4.0,2,1,1,0,2
26.0,Other,160.8,85.3,33.0,3-5 times/week,Poor,8.8,7.0,No,Low,0,2687.0,112.4,4.0,1,1,0,0,2
65.0,Other,166.0,68.9,25.0,Daily,Poor,6.3,10.0,No,Low,0,2137.0,89.8,7.0,1,1,0,0,2
54.0,Male,172.3,78.7,26.5,3-5 times/week,Average,7.0,9.0,No,None,0,2586.0,80.9,4.0,2,0,0,0,0
66.0,Female,160.4,73.8,28.7,3-5 times/week,Average,7.9,5.0,No,High,1,2652.0,91.2,4.0,2,3,0,1,1
34.0,Other,159.2,50.4,19.9,3-5 times/week,Excellent,9.2,9.0,No,Low,0,2461.0,68.7,4.0,4,1,0,0,2
31.0,Female,164.0,56.2,20.9,1-2 times/week,Excellent,5.4,1.0,No,Low,0,1296.0,31.0,1.5,4,1,0,0,1
20.0,Other,155.6,66.3,27.4,3-5 times/week,Good,5.9,5.0,No,Low,1,2051.0,63.9,4.0,3,1,0,1,2
36.0,Other,172.3,100.9,34.0,None,Good,7.4,10.0,Yes,Low,1,2175.0,68.7,0.0,3,1,1,1,2
61.0,Other,162.0,82.4,31.4,3-5 times/week,Poor,7.2,6.0,Yes,Low,0,3307.0,136.0,4.0,1,1,1,0,2
34.0,Other,174.0,93.3,30.8,3-5 times/week,Poor,7.0,9.0,No,Low,0,3329.0,136.8,4.0,1,1,0,0,2
35.0,Female,168.0,55.0,19.5,1-2 times/week,Excellent,10.0,7.0,No,Low,1,1830.0,48.4,1.5,4,1,0,1,1
30.0,Other,171.7,58.7,19.9,3-5 times/week,Excellent,7.2,7.0,No,None,0,2131.0,54.0,4.0,4,0,0,0,2
26.0,Female,156.9,63.0,25.6,Daily,Average,7.5,10.0,Yes,Low,1,3162.0,123.7,7.0,2,1,1,1,1
56.0,Female,159.4,51.3,20.2,Daily,Good,8.8,7.0,No,High,0,2869.0,122.1,7.0,3,3,0,0,1
65.0,Male,178.4,64.9,20.4,3-5 times/week,Good,6.5,6.0,No,Low,0,2325.0,69.1,4.0,3,1,0,0,0
33.0,Other,170.4,95.2,32.8,3-5 times/week,Poor,5.0,1.0,No,Moderate,0,2403.0,105.7,4.0,1,2,0,0,2
30.0,Male,166.4,52.3,18.9,Daily,Excellent,6.8,2.0,No,Low,0,2408.0,45.5,7.0,4,1,0,0,0
46.0,Female,162.4,40.9,15.5,3-5 times/week,Good,6.8,7.0,No,Low,1,1963.0,73.7,4.0,3,1,0,1,1
33.0,Female,167.0,71.7,25.7,3-5 times/week,Good,9.7,7.0,Yes,Low,1,1969.0,62.2,4.0,3,1,1,1,1
60.0,Male,172.0,49.4,16.7,Daily,Excellent,8.8,4.0,No,Low,0,2044.0,57.0,7.0,4,1,0,0,0
69.0,Male,170.0,90.7,31.4,3-5 times/week,Excellent,5.6,1.0,No,Low,1,1861.0,30.5,4.0,4,1,0,1,0
22.0,Female,158.3,76.2,30.4,3-5 times/week,Poor,6.0,6.0,Yes,Moderate,0,2564.0,94.2,4.0,1,2,1,0,1
57.0,Other,159.3,49.0,19.3,3-5 times/week,Good,7.5,2.0,No,Moderate,0,1906.0,55.9,4.0,3,2,0,0,2
67.0,Female,161.1,85.6,33.0,Daily,Good,6.1,2.0,No,Moderate,0,2612.0,123.7,7.0,3,2,0,0,1
35.0,Female,153.9,61.8,26.1,3-5 times/week,Excellent,7.3,10.0,Yes,High,1,1935.0,40.9,4.0,4,3,1,1,1
34.0,Female,158.1,79.5,31.8,1-2 times/week,Average,5.7,5.0,Yes,Low,0,2297.0,87.2,1.5,2,1,1,0,1
42.0,Female,168.1,93.8,33.2,3-5 times/week,Good,8.4,3.0,Yes,Low,0,2318.0,104.3,4.0,3,1,1,0,1
39.0,Other,181.3,65.1,19.8,None,Excellent,8.2,4.0,No,Moderate,0,2428.0,54.5,0.0,4,2,0,0,2
32.0,Other,174.1,76.4,25.2,Daily,Excellent,7.0,9.0,No,Low,0,2602.0,61.2,7.0,4,1,0,0,2
20.0,Male,180.5,103.9,31.9,Daily,Average,7.0,2.0,Yes,Moderate,0,2944.0,117.0,7.0,2,2,1,0,0
69.0,Female,160.9,83.1,32.1,3-5 times/week,Poor,5.9,10.0,Yes,Low,0,2391.0,112.2,4.0,1,1,1,0,1
68.0,Female,167.1,96.1,34.4,3-5 times/week,Good,7.4,5.0,No,Moderate,1,1436.0,40.3,4.0,3,2,0,1,1
69.0,Other,177.3,101.5,32.3,Daily,Good,4.0,10.0,Yes,Moderate,0,2872.0,81.7,7.0,3,2,1,0,2
25.0,Female,167.3,79.5,28.4,Daily,Average,7.2,9.0,No,Low,1,2759.0,98.3,7.0,2,1,0,1,1
50.0,Female,164.6,84.5,31.2,3-5 times/week,Average,7.5,9.0,No,High,0,2468.0,85.2,4.0,2,3,0,0,1
39.0,Other,174.2,82.8,27.3,1-2 times/week,Average,7.5,9.0,No,Low,1,2276.0,82.2,1.5,2,1,0,1,2
20.0,Male,170.5,103.8,35.7,1-2 times/week,Average,7.8,9.0,No,Moderate,0,3353.0,121.3,1.5,2,2,0,0,0
39.0,Other,147.1,54.7,25.3,Daily,Average,7.7,4.0,No,Low,0,2544.0,92.3,7.0,2,1,0,0,2
54.0,Male,171.4,81.1,27.6,Daily,Good,10.0,8.0,No,Moderate,0,2911.0,90.2,7.0,3,2,0,0,0
21.0,Other,163.6,51.9,19.4,3-5 times/week,Excellent,6.9,8.0,No,Moderate,0,2225.0,47.3,4.0,4,2,0,0,2
24.0,Female,156.9,78.3,31.8,3-5 times/week,Good,6.6,7.0,No,High,1,1967.0,52.9,4.0,3,3,0,1,1
30.0,Male,174.0,87.8,29.0,3-5 times/week,Good,7.4,4.0,No,High,0,3108.0,114.7,4.0,3,3,0,0,0
35.0,Other,157.6,54.4,21.9,Daily,Good,6.5,3.0,No,Low,0,2234.0,66.4,7.0,3,1,0,0,2
25.0,Male,177.4,91.6,29.1,3-5 times/week,Poor,7.0,5.0,Yes,Low,0,3156.0,130.7,4.0,1,1,1,0,0
34.0,Male,172.0,92.9,31.4,3-5 times/week,Good,10.0,6.0,No,High,0,3354.0,98.2,4.0,3,3,0,0,0
34.0,Male,167.2,76.6,27.4,3-5 times/week,Average,8.1,4.0,No,Low,0,2609.0,90.1,4.0,2,1,0,0,0
33.0,Female,164.5,69.5,25.7,3-5 times/week,Poor,5.3,9.0,No,Low,1,3016.0,130.0,4.0,1,1,0,1,1
44.0,Female,180.2,72.1,22.2,1-2 times/week,Excellent,6.8,8.0,No,Low,0,1915.0,42.5,1.5,4,1,0,0,1
67.0,Other,169.3,88.9,31.0,3-5 times/week,Poor,9.9,9.0,No,Low,0,2631.0,108.5,4.0,1,1,0,0,2
22.0,Other,164.4,102.2,37.8,3-5 times/week,Poor,5.6,7.0,No,Moderate,0,3554.0,144.3,4.0,1,2,0,0,2
50.0,Female,157.5,76.9,31.0,None,Average,7.7,3.0,No,High,0,2498.0,83.5,0.0,2,3,0,0,1
65.0,Female,156.6,75.8,30.9,3-5 times/week,Average,7.1,7.0,No,Low,0,2933.0,94.7,4.0,2,1,0,0,1
25.0,Female,155.3,61.5,25.5,3-5 times/week,Excellent,7.0,3.0,No,High,0,2068.0,48.9,4.0,4,3,0,0,1
30.0,Female,160.5,55.1,21.4,3-5 times/week,Excellent,5.8,1.0,No,Low,0,1241.0,29.3,4.0,4,1,0,0,1
50.0,Female,169.5,79.9,27.8,1-2 times/week,Average,5.6,10.0,Yes,Low,0,2267.0,81.1,1.5,2,1,1,0,1
67.0,Other,168.2,101.6,35.9,1-2 times/week,Poor,7.6,5.0,No,Low,0,2867.0,110.3,1.5,1,1,0,0,2
53.0,Female,166.2,93.6,33.9,3-5 times/week,Poor,6.9,3.0,Yes,Low,1,2421.0,102.2,4.0,1,1,1,1,1
60.0,Female,166.2,69.1,25.0,3-5 times/week,Good,6.6,8.0,No,Low,0,1430.0,32.6,4.0,3,1,0,0,1
35.0,Other,166.7,52.5,18.9,Daily,Average,7.3,2.0,No,Low,1,3113.0,111.1,7.0,2,1,0,1,2
65.0,Male,164.2,75.5,28.0,Daily,Excellent,7.0,5.0,Yes,High,0,2218.0,65.6,7.0,4,3,1,0,0
28.0,Male,179.4,75.6,23.5,Daily,Average,5.9,5.0,No,Low,0,3266.0,108.5,7.0,2,1,0,0,0
62.0,Other,164.1,40.4,15.0,Daily,Good,6.5,5.0,No,Moderate,1,2086.0,56.5,7.0,3,2,0,1,2
62.0,Female,160.0,71.7,28.0,3-5 times/week,Average,7.4,2.0,Yes,Low,1,2666.0,89.4,4.0,2,1,1,1,1
58.0,Male,177.7,87.5,27.7,1-2 times/week,Good,5.8,8.0,No,Low,0,2153.0,74.8,1.5,3,1,0,0,0
24.0,Male,159.4,64.0,25.2,1-2 times/week,Excellent,6.8,9.0,No,Moderate,0,2339.0,56.0,1.5,4,2,0,0,0
38.0,Other,169.1,96.9,33.9,3-5 times/week,Poor,9.1,9.0,No,Low,0,2553.0,105.7,4.0,1,1,0,0,2
21.0,Female,165.9,58.9,21.4,3-5 times/week,Excellent,8.1,7.0,No,Moderate,0,1542.0,41.0,4.0,4,2,0,0,1
46.0,Other,170.9,64.8,22.2,1-2 times/week,Excellent,3.0,7.0,Yes,Moderate,0,2146.0,49.3,1.5,4,2,1,0,2
63.0,Female,148.4,73.3,33.3,1-2 times/week,Poor,6.4,4.0,No,Low,0,2191.0,86.3,1.5,1,1,0,0,1
55.0,Male,173.3,80.2,26.7,3-5 times/week,Average,7.3,2.0,No,Low,0,2807.0,103.0,4.0,2,1,0,0,0
60.0,Other,154.7,45.9,19.2,3-5 times/week,Good,7.3,6.0,No,Moderate,1,1609.0,55.4,4.0,3,2,0,1,2
23.0,Male,176.1,121.9,39.3,1-2 times/week,Good,5.8,7.0,No,Low,0,3138.0,92.8,1.5,3,1,0,0,0
32.0,Female,156.3,64.5,26.4,3-5 times/week,Good,6.6,6.0,Yes,High,0,2146.0,63.5,4.0,3,3,1,0,1
55.0,Other,175.2,78.0,25.4,Daily,Average,6.7,4.0,No,Low,0,2522.0,95.0,7.0,2,1,0,0,2
52.0,Other,173.6,66.9,22.2,3-5 times/week,Average,6.4,6.0,No,High,0,2675.0,92.2,4.0,2,3,0,0,2
31.0,Other,162.8,111.3,42.0,3-5 times/week,Poor,7.4,1.0,Yes,High,1,3174.0,130.8,4.0,1,3,1,1,2
63.0,Other,166.0,82.4,29.9,3-5 times/week,Good,8.3,4.0,No,High,1,2165.0,66.8,4.0,3,3,0,1,2
29.0,Female,166.7,75.0,27.0,Daily,Poor,6.1,3.0,Yes,High,0,3485.0,145.9,7.0,1,3,1,0,1
64.0,Other,160.3,97.9,38.1,3-5 times/week,Average,5.4,6.0,No,Moderate,0,2347.0,85.4,4.0,2,2,0,0,2
34.0,Male,174.5,92.0,30.2,3-5 times/week,Poor,7.9,1.0,No,Low,0,2320.0,101.6,4.0,1,1,0,0,0
21.0,Female,165.9,73.2,26.6,3-5 times/week,Good,4.6,2.0,Yes,High,0,2387.0,69.7,4.0,3,3,1,0,1
39.0,Female,162.7,100.3,37.9,1-2 times/week,Poor,4.1,8.0,No,Low,0,2912.0,120.1,1.5,1,1,0,0,1
37.0,Female,146.2,53.0,24.8,3-5 times/week,Good,7.0,9.0,Yes,Low,0,2318.0,63.8,4.0,3,1,1,0,1
42.0,Female,166.0,102.5,37.2,Daily,Poor,8.7,8.0,Yes,Low,0,2660.0,105.8,7.0,1,1,1,0,1
63.0,Other,161.5,57.6,22.1,1-2 times/week,Average,5.0,3.0,No,Low,0,1681.0,62.8,1.5,2,1,0,0,2
42.0,Male,173.8,98.8,32.7,3-5 times/week,Poor,8.8,9.0,Yes,Low,0,2513.0,103.6,4.0,1,1,1,0,0
69.0,Other,172.2,86.9,29.3,3-5 times/week,Excellent,8.2,2.0,No,High,0,1953.0,50.5,4.0,4,3,0,0,2
64.0,Male,164.3,82.6,30.6,3-5 times/week,Good,8.6,8.0,No,Low,0,1348.0,41.2,4.0,3,1,0,0,0
44.0,Female,167.5,81.6,29.1,3-5 times/week,Good,8.8,6.0,No,High,1,3002.0,93.5,4.0,3,3,0,1,1
62.0,Male,187.3,119.3,34.0,1-2 times/week,Good,5.7,5.0,No,Moderate,0,2535.0,73.0,1.5,3,2,0,0,0
66.0,Male,179.4,72.7,22.6,1-2 times/week,Excellent,5.5,6.0,No,Low,0,1833.0,43.7,1.5,4,1,0,0,0
52.0,Other,182.6,79.4,23.8,Daily,Poor,7.0,1.0,No,Low,1,3263.0,136.5,7.0,1,1,0,1,2
64.0,Female,152.5,61.4,26.4,3-5 times/week,Poor,8.2,8.0,No,Low,0,2536.0,107.6,4.0,1,1,0,0,1
66.0,Female,155.8,49.8,20.5,3-5 times/week,Excellent,7.5,6.0,Yes,Moderate,0,1931.0,51.2,4.0,4,2,1,0,1
49.0,Other,161.6,78.3,30.0,3-5 times/week,Good,4.6,5.0,No,Low,0,2306.0,65.4,4.0,3,1,0,0,2
36.0,Female,160.3,41.1,16.0,3-5 times/week,Excellent,8.2,3.0,No,Low,0,1716.0,43.0,4.0,4,1,0,0,1
31.0,Other,155.1,67.8,28.2,3-5 times/week,Poor,8.3,10.0,No,Low,0,2853.0,128.7,4.0,1,1,0,0,2
37.0,Female,161.2,76.4,29.4,None,Excellent,7.9,6.0,No,Moderate,0,1927.0,48.1,0.0,4,2,0,0,1
18.0,Male,171.6,56.8,19.3,3-5 times/week,Good,9.0,7.0,No,Low,0,2153.0,62.4,4.0,3,1,0,0,0
44.0,Male,175.5,97.0,31.5,1-2 times/week,Poor,7.8,8.0,No,Moderate,0,2326.0,62.4,1.5,1,2,0,0,0
40.0,Male,185.9,100.2,29.0,3-5 times/week,Poor,7.0,10.0,No,Low,0,3324.0,140.8,4.0,1,1,0,0,0
65.0,Female,162.4,83.3,31.6,3-5 times/week,Average,6.7,2.0,No,High,1,2365.0,91.2,4.0,2,3,0,1,1
54.0,Female,148.6,59.6,27.0,3-5 times/week,Excellent,6.8,1.0,No,High,1,1926.0,59.7,4.0,4,3,0,1,1
39.0,Other,169.9,94.7,32.8,3-5 times/week,Average,8.4,6.0,No,High,0,2993.0,110.3,4.0,2,3,0,0,2
25.0,Male,178.0,90.3,28.5,Daily,Poor,7.8,1.0,No,High,0,3572.0,156.6,7.0,1,3,0,0,0
22.0,Female,159.5,61.1,24.0,3-5 times/week,Average,5.7,10.0,No,Moderate,0,2387.0,83.2,4.0,2,2,0,0,1
62.0,Female,159.0,66.5,26.3,3-5 times/week,Average,7.2,1.0,Yes,Low,0,1872.0,70.8,4.0,2,1,1,0,1
57.0,Female,161.8,72.3,27.6,3-5 times/week,Excellent,5.6,9.0,No,Low,0,1823.0,40.7,4.0,4,1,0,0,1
41.0,Female,163.0,82.4,31.0,Daily,Good,7.8,6.0,Yes,Moderate,0,2074.0,67.0,7.0,3,2,1,0,1
59.0,Other,174.3,77.8,25.6,Daily,Excellent,6.5,4.0,No,Low,0,2185.0,57.3,7.0,4,1,0,0,2
39.0,Other,167.7,68.1,24.2,3-5 times/week,Excellent,8.7,6.0,Yes,Moderate,0,2284.0,63.4,4.0,4,2,1,0,2
48.0,Female,155.4,69.5,28.8,Daily,Poor,8.2,1.0,No,Moderate,1,2962.0,116.7,7.0,1,2,0,1,1
44.0,Female,168.0,103.3,36.6,3-5 times/week,Average,9.4,8.0,Yes,High,0,2613.0,88.8,4.0,2,3,1,0,1
35.0,Male,172.4,79.1,26.6,3-5 times/week,Excellent,7.5,9.0,No,Low,0,2969.0,66.6,4.0,4,1,0,0,0
67.0,Male,158.8,70.4,27.9,3-5 times/week,Excellent,4.6,5.0,No,Low,1,2466.0,86.5,4.0,4,1,0,1,0
66.0,Other,154.4,38.4,16.1,3-5 times/week,Average,7.0,8.0,No,Low,0,1981.0,60.2,4.0,2,1,0,0,2
53.0,Female,160.1,69.7,27.2,None,Good,7.4,5.0,No,Moderate,0,2422.0,65.1,0.0,3,2,0,0,1
24.0,Male,176.0,83.3,26.9,3-5 times/week,Average,6.7,1.0,No,Low,0,2737.0,95.3,4.0,2,1,0,0,0
48.0,Female,162.9,44.1,16.6,3-5 times/week,Good,6.2,6.0,No,Low,0,1767.0,41.2,4.0,3,1,0,0,1
49.0,Other,166.9,86.6,31.1,1-2 times/week,Poor,8.8,10.0,Yes,Low,0,2784.0,113.5,1.5,1,1,1,0,2
31.0,Female,165.6,88.3,32.2,3-5 times/week,Good,9.0,4.0,Yes,Low,0,2071.0,90.3,4.0,3,1,1,0,1
51.0,Male,172.3,117.0,39.4,3-5 times/week,Poor,7.5,4.0,No,Low,1,3100.0,125.9,4.0,1,1,0,1,0
69.0,Female,167.4,91.6,32.7,3-5 times/week,Poor,7.5,8.0,Yes,Low,0,2538.0,114.0,4.0,1,1,1,0,1
29.0,Male,166.6,65.5,23.6,1-2 times/week,Good,5.4,5.0,No,Low,0,2842.0,87.0,1.5,3,1,0,0,0
53.0,Female,158.7,37.8,15.0,Daily,Excellent,5.5,8.0,No,Low,0,1899.0,46.8,7.0,4,1,0,0,1
63.0,Other,169.4,62.8,21.9,Daily,Good,6.6,8.0,No,Low,0,2348.0,66.5,7.0,3,1,0,0,2
58.0,Male,182.7,111.2,33.3,3-5 times/week,Poor,8.6,5.0,No,Moderate,0,2687.0,110.1,4.0,1,2,0,0,0
41.0,Male,185.7,82.4,23.9,Daily,Excellent,8.9,7.0,Yes,Moderate,0,2978.0,70.9,7.0,4,2,1,0,0
19.0,Other,163.1,104.8,39.4,Daily,Average,6.7,1.0,No,Low,1,3205.0,109.3,7.0,2,1,0,1,2
54.0,Other,178.5,120.1,37.7,3-5 times/week,Average,5.5,7.0,Yes,High,0,2257.0,77.3,4.0,2,3,1,0,2
20.0,Other,167.6,61.5,21.9,3-5 times/week,Average,6.3,2.0,No,Moderate,0,2584.0,86.1,4.0,2,2,0,0,2
32.0,Male,166.6,68.0,24.5,1-2 times/week,Poor,9.1,7.0,No,Low,0,2720.0,114.3,1.5,1,1,0,0,0
48.0,Male,174.5,113.9,37.4,3-5 times/week,Excellent,4.8,6.0,No,Moderate,0,2139.0,49.8,4.0,4,2,0,0,0
49.0,Female,154.1,54.6,23.0,3-5 times/week,Good,7.3,9.0,No,None,0,1938.0,69.6,4.0,3,0,0,0,1
61.0,Female,160.4,69.7,27.1,3-5 times/week,Average,7.8,3.0,No,Low,0,2160.0,77.8,4.0,2,1,0,0,1
19.0,Female,160.1,63.1,24.6,None,Good,6.8,1.0,No,None,0,1973.0,54.8,0.0,3,0,0,0,1
23.0,Other,163.3,75.5,28.3,Daily,Average,6.7,5.0,Yes,High,0,3193.0,114.6,7.0,2,3,1,0,2
33.0,Male,170.2,83.7,28.9,1-2 times/week,Average,7.3,5.0,No,Low,0,2188.0,74.8,1.5,2,1,0,0,0
50.0,Male,180.9,69.4,21.2,3-5 times/week,Good,7.2,10.0,Yes,Low,0,2624.0,77.8,4.0,3,1,1,0,0
31.0,Female,173.4,61.3,20.4,3-5 times/week,Average,6.7,9.0,Yes,High,1,2771.0,95.0,4.0,2,3,1,1,1
60.0,Male,163.6,75.7,28.3,Daily,Average,7.1,8.0,No,Low,0,2798.0,100.8,7.0,2,1,0,0,0
61.0,Other,157.3,84.1,34.0,Daily,Good,6.4,8.0,No,Low,1,2351.0,68.1,7.0,3,1,0,1,2
40.0,Female,156.4,88.8,36.3,3-5 times/week,Average,8.2,8.0,No,Moderate,0,2213.0,82.3,4.0,2,2,0,0,1
68.0,Female,169.4,56.5,19.7,1-2 times/week,Excellent,6.2,4.0,No,Low,1,1472.0,28.7,1.5,4,1,0,1,1
67.0,Male,171.0,88.0,30.1,3-5 times/week,Good,7.0,10.0,No,High,0,2432.0,59.5,4.0,3,3,0,0,0
48.0,Male,175.1,46.0,15.0,1-2 times/week,Excellent,6.0,6.0,Yes,Low,0,1728.0,47.8,1.5,4,1,1,0,0
30.0,Male,180.0,117.9,36.4,3-5 times/week,Average,6.9,8.0,No,Moderate,0,2218.0,88.5,4.0,2,2,0,0,0
29.0,Male,167.3,73.9,26.4,3-5 times/week,Good,6.8,4.0,No,Low,0,2093.0,65.2,4.0,3,1,0,0,0
55.0,Other,166.6,76.6,27.6,3-5 times/week,Excellent,6.4,10.0,No,High,0,2255.0,51.3,4.0,4,3,0,0,2
46.0,Male,176.4,66.6,21.4,1-2 times/week,Excellent,8.3,4.0,No,Moderate,0,2352.0,58.2,1.5,4,2,0,0,0
30.0,Male,158.2,37.5,15.0,3-5 times/week,Excellent,7.7,6.0,No,Low,0,2529.0,59.2,4.0,4,1,0,0,0
49.0,Female,168.7,89.6,31.5,3-5 times/week,Good,7.6,8.0,No,Low,0,1962.0,52.2,4.0,3,1,0,0,1
19.0,Male,180.0,76.1,23.5,3-5 times/week,Good,8.8,8.0,No,Low,0,2321.0,55.7,4.0,3,1,0,0,0
40.0,Male,174.3,65.9,21.7,3-5 times/week,Excellent,5.5,10.0,Yes,Low,0,2197.0,54.0,4.0,4,1,1,0,0
23.0,Male,173.9,67.1,22.2,Daily,Good,6.2,5.0,Yes,Moderate,1,2764.0,80.7,7.0,3,2,1,1,0
56.0,Other,176.5,92.2,29.6,3-5 times/week,Excellent,6.8,5.0,No,Low,0,2233.0,61.4,4.0,4,1,0,0,2
26.0,Male,163.7,90.0,33.6,3-5 times/week,Poor,6.5,5.0,No,Low,0,3130.0,129.0,4.0,1,1,0,0,0
30.0,Other,185.4,78.4,22.8,3-5 times/week,Good,8.7,6.0,No,Moderate,0,2798.0,91.8,4.0,3,2,0,0,2
40.0,Female,160.2,83.2,32.4,1-2 times/week,Excellent,5.2,8.0,No,Low,0,1827.0,33.4,1.5,4,1,0,0,1
45.0,Female,163.6,61.6,23.0,3-5 times/week,Excellent,8.3,8.0,Yes,Moderate,0,1843.0,45.7,4.0,4,2,1,0,1
46.0,Female,152.4,79.9,34.4,3-5 times/week,Average,4.8,5.0,No,Low,0,1969.0,65.1,4.0,2,1,0,0,1
54.0,Other,172.2,87.8,29.6,3-5 times/week,Excellent,6.2,3.0,No,Low,0,2103.0,50.9,4.0,4,1,0,0,2
61.0,Male,163.8,66.8,24.9,1-2 times/week,Average,6.6,8.0,Yes,Moderate,0,2572.0,90.5,1.5,2,2,1,0,0
65.0,Other,155.9,54.9,22.6,Daily,Average,8.1,5.0,No,Low,1,2804.0,93.7,7.0,2,1,0,1,2
22.0,Male,184.3,83.6,24.6,3-5 times/week,Excellent,6.5,10.0,Yes,High,0,2876.0,65.8,4.0,4,3,1,0,0
46.0,Male,174.8,85.6,28.0,3-5 times/week,Excellent,6.3,3.0,Yes,Moderate,0,2178.0,47.1,4.0,4,2,1,0,0
55.0,Male,166.8,63.2,22.7,None,Good,7.5,4.0,No,Moderate,0,2706.0,87.2,0.0,3,2,0,0,0
38.0,Male,164.0,54.6,20.3,3-5 times/week,Excellent,7.4,3.0,No,High,0,2229.0,34.6,4.0,4,3,0,0,0
25.0,Male,169.3,101.5,35.4,1-2 times/week,Average,5.1,6.0,No,High,0,3291.0,116.1,1.5,2,3,0,0,0
27.0,Other,171.5,102.9,35.0,3-5 times/week,Poor,5.7,6.0,No,High,0,3856.0,163.1,4.0,1,3,0,0,2
31.0,Male,166.4,64.0,23.1,3-5 times/week,Excellent,7.5,6.0,No,High,1,3314.0,88.1,4.0,4,3,0,1,0
32.0,Male,166.3,70.0,25.3,Daily,Good,7.0,7.0,Yes,Low,0,1824.0,57.3,7.0,3,1,1,0,0
19.0,Male,173.3,81.7,27.2,1-2 times/week,Good,5.0,8.0,Yes,Low,0,2324.0,66.6,1.5,3,1,1,0,0
37.0,Other,174.5,87.1,28.6,3-5 times/week,Average,5.9,1.0,No,Low,0,2405.0,80.9,4.0,2,1,0,0,2
20.0,Male,172.0,68.0,23.0,3-5 times/week,Excellent,7.1,10.0,Yes,Low,0,2348.0,67.2,4.0,4,1,1,0,0
58.0,Other,177.0,56.1,17.9,3-5 times/week,Excellent,4.0,6.0,No,Low,0,1447.0,39.4,4.0,4,1,0,0,2
61.0,Male,174.5,95.0,31.2,Daily,Good,6.6,9.0,No,High,1,2439.0,73.4,7.0,3,3,0,1,0
48.0,Male,178.6,93.1,29.2,1-2 times/week,Good,7.3,2.0,Yes,Low,1,2449.0,68.7,1.5,3,1,1,1,0
52.0,Female,168.1,87.9,31.1,None,Poor,8.2,9.0,No,High,0,2551.0,112.5,0.0,1,3,0,0,1
51.0,Female,150.0,42.5,18.9,Daily,Excellent,8.5,2.0,No,High,0,2164.0,57.0,7.0,4,3,0,0,1
44.0,Female,166.2,41.4,15.0,Daily,Good,6.7,1.0,Yes,High,0,2255.0,67.4,7.0,3,3,1,0,1
60.0,Female,158.6,72.2,28.7,3-5 times/week,Poor,7.0,8.0,No,Low,0,2531.0,120.7,4.0,1,1,0,0,1
22.0,Other,174.7,80.6,26.4,3-5 times/week,Average,6.4,9.0,No,Moderate,0,2599.0,90.6,4.0,2,2,0,0,2
61.0,Female,163.2,70.0,26.3,1-2 times/week,Average,6.8,5.0,No,Low,0,2452.0,89.9,1.5,2,1,0,0,1
32.0,Male,180.4,59.2,18.2,3-5 times/week,Excellent,7.8,3.0,No,High,0,2615.0,73.9,4.0,4,3,0,0,0
37.0,Male,169.8,85.1,29.5,3-5 times/week,Good,5.4,7.0,Yes,Low,1,2747.0,125.6,4.0,3,1,1,1,0
33.0,Male,180.2,97.1,29.9,Daily,Good,6.3,6.0,Yes,Low,0,2814.0,79.8,7.0,3,1,1,0,0
31.0,Female,161.0,81.4,31.4,3-5 times/week,Poor,7.8,4.0,Yes,High,0,3440.0,141.5,4.0,1,3,1,0,1
37.0,Female,160.3,48.6,18.9,3-5 times/week,Excellent,8.2,5.0,No,Low,0,1205.0,35.0,4.0,4,1,0,0,1
67.0,Female,162.9,64.2,24.2,Daily,Excellent,6.0,2.0,No,High,0,2598.0,63.4,7.0,4,3,0,0,1
33.0,Other,177.3,77.3,24.6,3-5 times/week,Average,9.5,9.0,No,Moderate,0,3071.0,120.7,4.0,2,2,0,0,2
36.0,Female,165.6,41.1,15.0,Daily,Excellent,7.0,4.0,No,Moderate,0,1674.0,33.3,7.0,4,2,0,0,1
69.0,Male,169.5,66.7,23.2,3-5 times/week,Good,8.0,9.0,No,Moderate,0,1883.0,56.3,4.0,3,2,0,0,0
69.0,Male,165.4,73.3,26.8,1-2 times/week,Poor,7.7,3.0,No,Moderate,0,3018.0,128.9,1.5,1,2,0,0,0
28.0,Male,165.7,77.2,28.1,1-2 times/week,Average,4.6,4.0,No,Moderate,0,2153.0,67.0,1.5,2,2,0,0,0
40.0,Female,152.9,64.1,27.4,1-2 times/week,Excellent,7.8,6.0,Yes,Moderate,0,1741.0,53.2,1.5,4,2,1,0,1
30.0,Female,162.6,60.0,22.7,3-5 times/week,Excellent,8.0,7.0,No,Low,0,1746.0,42.3,4.0,4,1,0,0,1
22.0,Male,175.4,96.0,31.2,3-5 times/week,Average,7.7,7.0,No,High,0,3172.0,113.9,4.0,2,3,0,0,0
18.0,Other,170.3,92.5,31.9,3-5 times/week,Average,8.0,8.0,No,Low,0,2784.0,97.2,4.0,2,1,0,0,2
68.0,Female,160.5,38.9,15.1,3-5 times/week,Excellent,8.4,9.0,No,Low,0,1796.0,42.3,4.0,4,1,0,0,1
39.0,Female,154.0,71.1,30.0,1-2 times/week,Average,4.9,3.0,No,Low,0,2166.0,80.1,1.5,2,1,0,0,1
64.0,Other,163.7,50.1,18.7,1-2 times/week,Good,9.3,5.0,No,Low,1,1972.0,55.6,1.5,3,1,0,1,2
57.0,Male,165.9,68.0,24.7,3-5 times/week,Poor,7.4,10.0,No,Low,0,2990.0,123.0,4.0,1,1,0,0,0
54.0,Female,152.0,58.5,25.3,3-5 times/week,Poor,6.3,6.0,Yes,Low,0,2542.0,111.8,4.0,1,1,1,0,1
20.0,Female,152.8,73.1,31.3,3-5 times/week,Good,6.2,8.0,No,None,0,2022.0,56.7,4.0,3,0,0,0,1
33.0,Other,167.2,49.2,17.6,3-5 times/week,Excellent,6.1,5.0,Yes,Low,0,2371.0,67.1,4.0,4,1,1,0,2
52.0,Female,155.0,75.7,31.5,3-5 times/week,Good,7.6,9.0,No,Low,1,1714.0,51.4,4.0,3,1,0,1,1
65.0,Other,167.1,75.7,27.1,3-5 times/week,Good,7.2,8.0,No,Low,0,1453.0,48.3,4.0,3,1,0,0,2
22.0,Other,158.3,77.2,30.8,1-2 times/week,Poor,8.0,3.0,Yes,Low,1,2794.0,132.3,1.5,1,1,1,1,2
24.0,Other,164.5,94.2,34.8,1-2 times/week,Good,9.2,3.0,Yes,Moderate,1,2826.0,104.1,1.5,3,2,1,1,2
57.0,Male,167.7,86.3,30.7,1-2 times/week,Excellent,7.0,3.0,No,High,1,2429.0,51.0,1.5,4,3,0,1,0
60.0,Other,157.5,72.9,29.4,3-5 times/week,Excellent,7.0,2.0,No,High,0,1934.0,41.5,4.0,4,3,0,0,2
69.0,Male,166.0,77.7,28.2,Daily,Good,7.5,10.0,No,Low,1,2839.0,72.6,7.0,3,1,0,1,0
61.0,Female,155.7,62.5,25.8,3-5 times/week,Excellent,4.7,2.0,No,Low,0,1292.0,33.1,4.0,4,1,0,0,1
34.0,Other,174.4,116.8,38.4,3-5 times/week,Average,7.0,1.0,No,High,0,3268.0,104.5,4.0,2,3,0,0,2
37.0,Male,179.1,84.7,26.4,Daily,Average,10.0,4.0,No,Low,0,2690.0,94.9,7.0,2,1,0,0,0
67.0,Female,155.1,93.3,38.8,1-2 times/week,Good,6.0,4.0,Yes,High,1,2684.0,121.2,1.5,3,3,1,1,1
69.0,Male,188.1,70.4,19.9,3-5 times/week,Good,8.9,1.0,No,Moderate,1,2364.0,73.2,4.0,3,2,0,1,0
47.0,Other,164.5,88.2,32.6,3-5 times/week,Poor,9.0,6.0,No,Moderate,0,2251.0,90.3,4.0,1,2,0,0,2
46.0,Male,187.2,110.7,31.6,3-5 times/week,Excellent,5.8,4.0,Yes,High,0,2726.0,71.3,4.0,4,3,1,0,0
45.0,Other,168.8,80.9,28.4,1-2 times/week,Good,7.8,9.0,Yes,Low,0,2935.0,111.0,1.5,3,1,1,0,2
22.0,Other,159.0,55.1,21.8,3-5 times/week,Excellent,8.1,6.0,No,Low,0,2417.0,58.1,4.0,4,1,0,0,2
27.0,Male,172.0,107.7,36.4,3-5 times/week,Average,5.3,6.0,No,Low,0,2703.0,106.2,4.0,2,1,0,0,0
47.0,Male,163.7,93.8,35.0,3-5 times/week,Average,8.2,4.0,Yes,Moderate,0,3125.0,113.5,4.0,2,2,1,0,0
44.0,Female,178.3,110.6,34.8,3-5 times/week,Good,6.4,8.0,Yes,High,0,2116.0,62.6,4.0,3,3,1,0,1
64.0,Other,148.2,58.4,26.6,3-5 times/week,Average,7.0,3.0,No,Moderate,0,1745.0,36.5,4.0,2,2,0,0,2
62.0,Other,169.6,82.6,28.7,3-5 times/week,Poor,8.1,9.0,No,Low,0,2277.0,102.7,4.0,1,1,0,0,2
69.0,Other,159.9,89.7,35.1,3-5 times/week,Poor,6.9,7.0,No,Low,1,2612.0,126.3,4.0,1,1,0,1,2
55.0,Male,181.4,111.2,33.8,3-5 times/week,Average,6.4,6.0,Yes,High,1,3167.0,113.6,4.0,2,3,1,1,0
67.0,Other,160.8,87.4,33.8,3-5 times/week,Good,6.4,2.0,No,Low,1,1859.0,71.8,4.0,3,1,0,1,2
26.0,Female,163.1,93.9,35.3,3-5 times/week,Excellent,6.1,4.0,No,Low,1,1928.0,43.0,4.0,4,1,0,1,1
18.0,Male,162.3,98.3,37.3,3-5 times/week,Average,6.1,6.0,Yes,Moderate,1,2443.0,93.7,4.0,2,2,1,1,0
21.0,Female,162.7,95.0,35.9,1-2 times/week,Excellent,7.3,7.0,No,High,0,2297.0,47.6,1.5,4,3,0,0,1
56.0,Female,163.2,77.0,28.9,Daily,Poor,7.3,10.0,Yes,Moderate,1,3006.0,126.8,7.0,1,2,1,1,1
44.0,Female,160.9,63.2,24.4,1-2 times/week,Poor,6.6,8.0,Yes,Low,1,2412.0,103.1,1.5,1,1,1,1,1
35.0,Other,165.3,77.9,28.5,3-5 times/week,Good,5.9,8.0,No,High,0,3019.0,84.1,4.0,3,3,0,0,2
61.0,Other,171.9,93.1,31.5,3-5 times/week,Good,6.9,10.0,Yes,Low,1,2592.0,106.9,4.0,3,1,1,1,2
22.0,Male,173.9,54.1,17.9,3-5 times/week,Good,7.3,2.0,No,Low,0,2677.0,97.1,4.0,3,1,0,0,0
41.0,Female,165.6,50.5,18.4,3-5 times/week,Excellent,9.1,7.0,Yes,Low,1,2005.0,51.6,4.0,4,1,1,1,1
41.0,Other,172.1,74.6,25.2,Daily,Excellent,6.2,2.0,No,Low,0,2382.0,60.3,7.0,4,1,0,0,2
31.0,Female,159.8,54.9,21.5,Daily,Average,8.4,6.0,No,Low,1,2088.0,72.9,7.0,2,1,0,1,1
60.0,Other,165.8,91.0,33.1,1-2 times/week,Excellent,5.3,5.0,No,High,0,2261.0,55.4,1.5,4,3,0,0,2
67.0,Female,160.0,62.5,24.4,Daily,Average,7.0,6.0,No,Low,0,2340.0,82.1,7.0,2,1,0,0,1
26.0,Female,157.4,56.0,22.6,Daily,Average,5.0,2.0,No,Low,0,2610.0,97.3,7.0,2,1,0,0,1
68.0,Male,171.7,100.8,34.2,3-5 times/week,Average,7.3,9.0,No,Low,0,2230.0,73.8,4.0,2,1,0,0,0
43.0,Female,167.2,89.2,31.9,3-5 times/week,Good,8.2,4.0,No,Low,0,2324.0,63.9,4.0,3,1,0,0,1
65.0,Other,163.5,81.5,30.5,3-5 times/week,Excellent,7.1,6.0,No,High,0,2760.0,64.0,4.0,4,3,0,0,2
64.0,Male,173.0,122.1,40.8,1-2 times/week,Good,6.3,6.0,No,Low,1,2319.0,74.8,1.5,3,1,0,1,0
59.0,Male,189.2,89.5,25.0,1-2 times/week,Average,6.7,10.0,No,High,1,3021.0,101.7,1.5,2,3,0,1,0
21.0,Female,153.8,62.7,26.5,3-5 times/week,Poor,5.0,5.0,Yes,Moderate,1,2830.0,118.7,4.0,1,2,1,1,1
21.0,Female,157.6,77.0,31.0,1-2 times/week,Good,5.8,3.0,No,Low,0,2109.0,54.9,1.5,3,1,0,0,1
40.0,Female,163.9,50.8,18.9,3-5 times/week,Good,8.2,4.0,No,Moderate,0,2109.0,62.2,4.0,3,2,0,0,1
42.0,Male,170.3,120.6,41.6,3-5 times/week,Good,6.2,10.0,No,High,1,2339.0,59.4,4.0,3,3,0,1,0
24.0,Other,180.1,108.7,33.5,Daily,Poor,7.0,8.0,No,High,1,3453.0,144.1,7.0,1,3,0,1,2
57.0,Male,171.9,80.4,27.2,3-5 times/week,Good,7.1,7.0,No,Low,0,1708.0,41.0,4.0,3,1,0,0,0
43.0,Male,179.6,83.9,26.0,3-5 times/week,Good,7.0,6.0,Yes,Low,0,2517.0,73.7,4.0,3,1,1,0,0
57.0,Other,157.0,70.7,28.7,1-2 times/week,Poor,7.0,6.0,No,Low,0,2983.0,128.3,1.5,1,1,0,0,2
32.0,Female,167.0,66.4,23.8,3-5 times/week,Poor,7.3,9.0,No,Low,1,2588.0,104.0,4.0,1,1,0,1,1
29.0,Male,172.2,102.6,34.6,1-2 times/week,Average,8.1,2.0,No,High,0,3239.0,110.6,1.5,2,3,0,0,0
48.0,Female,178.6,56.5,17.7,Daily,Excellent,5.3,8.0,Yes,Low,0,2167.0,49.8,7.0,4,1,1,0,1
28.0,Female,156.6,76.0,31.0,3-5 times/week,Excellent,8.2,5.0,No,Moderate,0,2125.0,93.2,4.0,4,2,0,0,1
67.0,Female,156.5,70.3,28.7,3-5 times/week,Average,7.5,6.0,No,Low,0,1538.0,52.4,4.0,2,1,0,0,1
34.0,Female,154.9,64.1,26.7,3-5 times/week,Average,7.6,9.0,No,Low,0,2157.0,76.9,4.0,2,1,0,0,1
36.0,Male,175.4,108.6,35.3,3-5 times/week,Average,6.2,7.0,No,High,1,3404.0,111.2,4.0,2,3,0,1,0
49.0,Female,157.6,68.1,27.4,3-5 times/week,Average,5.9,7.0,No,High,0,2675.0,101.9,4.0,2,3,0,0,1
25.0,Male,165.4,84.3,30.8,1-2 times/week,Average,4.9,3.0,No,Moderate,1,3349.0,123.1,1.5,2,2,0,1,0
45.0,Male,175.4,53.5,17.4,3-5 times/week,Excellent,7.5,9.0,No,Low,0,2114.0,49.2,4.0,4,1,0,0,0
20.0,Female,163.7,62.2,23.2,3-5 times/week,Poor,7.0,7.0,No,Low,0,2508.0,110.6,4.0,1,1,0,0,1
53.0,Other,172.4,53.2,17.9,Daily,Excellent,6.9,10.0,No,High,0,1775.0,55.0,7.0,4,3,0,0,2
49.0,Female,164.1,79.2,29.4,None,Poor,6.8,2.0,No,Low,0,2145.0,86.7,0.0,1,1,0,0,1
24.0,Female,170.9,55.2,18.9,1-2 times/week,Excellent,7.7,3.0,No,Low,0,2422.0,54.8,1.5,4,1,0,0,1
64.0,Other,169.7,65.7,22.8,3-5 times/week,Excellent,7.6,8.0,Yes,Low,1,1985.0,51.5,4.0,4,1,1,1,2
44.0,Male,171.4,92.8,31.6,3-5 times/week,Average,8.2,8.0,Yes,Low,0,2337.0,91.0,4.0,2,1,1,0,0
51.0,Female,153.5,55.4,23.5,1-2 times/week,Good,4.7,5.0,Yes,Low,0,1808.0,72.8,1.5,3,1,1,0,1
19.0,Male,184.2,76.3,22.5,1-2 times/week,Good,6.9,6.0,No,Low,0,2684.0,74.1,1.5,3,1,0,0,0
67.0,Male,179.9,94.5,29.2,3-5 times/week,Excellent,8.5,5.0,Yes,Low,0,2242.0,61.6,4.0,4,1,1,0,0
60.0,Other,165.8,57.2,20.8,3-5 times/week,Excellent,7.3,10.0,Yes,Low,0,1811.0,32.8,4.0,4,1,1,0,2
68.0,Other,175.1,60.7,19.8,Daily,Excellent,7.2,2.0,No,Low,0,2316.0,47.9,7.0,4,1,0,0,2
60.0,Female,170.0,84.7,29.3,3-5 times/week,Good,8.3,5.0,No,Low,0,1980.0,66.8,4.0,3,1,0,0,1
23.0,Other,165.2,66.0,24.2,1-2 times/week,Average,7.2,2.0,No,High,0,2891.0,97.0,1.5,2,3,0,0,2
20.0,Male,180.8,80.1,24.5,3-5 times/week,Good,6.3,6.0,No,Low,0,2223.0,63.4,4.0,3,1,0,0,0
39.0,Male,180.0,157.1,44.3,1-2 times/week,Poor,4.6,9.0,Yes,High,1,3596.0,158.4,1.5,1,3,1,1,0
50.0,Other,163.6,70.7,26.4,None,Good,8.8,1.0,No,Low,0,2295.0,62.7,0.0,3,1,0,0,2
65.0,Other,173.5,68.9,22.9,3-5 times/week,Excellent,6.9,1.0,No,Low,0,1756.0,40.0,4.0,4,1,0,0,2
57.0,Female,153.2,60.6,25.8,Daily,Poor,7.0,1.0,No,Moderate,1,2256.0,100.8,7.0,1,2,0,1,1
48.0,Female,164.7,115.6,42.6,1-2 times/week,Average,7.1,4.0,No,High,0,2502.0,85.4,1.5,2,3,0,0,1
33.0,Other,163.9,91.6,34.1,1-2 times/week,Poor,6.5,10.0,No,Moderate,0,2679.0,115.7,1.5,1,2,0,0,2
68.0,Other,177.7,58.4,18.5,Daily,Excellent,7.4,9.0,No,Low,1,2498.0,62.5,7.0,4,1,0,1,2
68.0,Female,162.3,65.1,24.7,1-2 times/week,Good,6.9,7.0,No,High,0,1944.0,57.3,1.5,3,3,0,0,1
20.0,Other,166.3,86.8,31.4,3-5 times/week,Poor,6.5,6.0,No,Low,0,2757.0,105.5,4.0,1,1,0,0,2
48.0,Other,156.4,57.7,23.6,1-2 times/week,Good,8.2,8.0,No,Low,0,1842.0,52.3,1.5,3,1,0,0,2
42.0,Other,168.5,54.2,19.1,1-2 times/week,Good,7.1,6.0,No,Low,0,2500.0,67.7,1.5,3,1,0,0,2
69.0,Other,158.5,92.7,36.9,1-2 times/week,Good,8.2,1.0,No,High,0,2734.0,111.1,1.5,3,3,0,0,2
35.0,Other,156.8,72.8,29.6,3-5 times/week,Good,4.1,3.0,No,High,0,2772.0,62.5,4.0,3,3,0,0,2
63.0,Other,169.1,64.9,22.7,3-5 times/week,Average,8.6,1.0,No,Low,1,2109.0,78.4,4.0,2,1,0,1,2
27.0,Other,149.2,45.9,20.6,3-5 times/week,Poor,7.0,3.0,No,Low,0,2570.0,108.9,4.0,1,1,0,0,2
67.0,Male,194.3,122.3,32.4,1-2 times/week,Poor,5.7,6.0,No,Low,0,2937.0,121.4,1.5,1,1,0,0,0
48.0,Other,174.2,104.1,34.3,3-5 times/week,Poor,5.9,8.0,No,Moderate,0,2750.0,119.0,4.0,1,2,0,0,2
58.0,Other,165.2,61.7,22.6,3-5 times/week,Excellent,8.5,6.0,No,Low,0,2016.0,47.5,4.0,4,1,0,0,2
19.0,Female,158.7,47.3,18.8,3-5 times/week,Poor,9.5,3.0,No,Moderate,0,2633.0,118.9,4.0,1,2,0,0,1
67.0,Female,156.9,65.7,26.7,Daily,Poor,8.5,10.0,Yes,Low,0,2434.0,101.4,7.0,1,1,1,0,1
41.0,Female,158.9,65.1,25.8,Daily,Good,7.0,2.0,No,Low,0,1882.0,44.2,7.0,3,1,0,0,1
29.0,Male,167.2,77.7,10.700000000000003,3-5 times/week,Poor,7.7,5.0,No,Low,0,3355.0,144.9,4.0,1,1,0,0,0
63.0,Female,161.6,76.8,29.4,1-2 times/week,Average,6.7,8.0,No,Low,0,2070.0,74.5,1.5,2,1,0,0,1
22.0,Male,172.2,95.5,32.2,1-2 times/week,Average,7.1,6.0,No,Moderate,1,3157.0,117.2,1.5,2,2,0,1,0
25.0,Female,155.3,60.1,24.9,1-2 times/week,Excellent,7.9,8.0,No,Low,1,1879.0,50.1,1.5,4,1,0,1,1
69.0,Other,179.8,137.7,42.6,3-5 times/week,Average,9.3,6.0,No,High,0,2548.0,88.0,4.0,2,3,0,0,2
21.0,Female,167.0,74.2,26.6,1-2 times/week,Poor,6.7,9.0,No,Low,0,2429.0,101.5,1.5,1,1,0,0,1
45.0,Other,163.4,50.7,19.0,3-5 times/week,Excellent,6.2,7.0,Yes,High,0,2448.0,63.1,4.0,4,3,1,0,2
42.0,Male,177.6,88.9,28.2,3-5 times/week,Average,6.5,3.0,No,Low,1,2705.0,93.8,4.0,2,1,0,1,0
49.0,Male,164.1,83.2,30.9,1-2 times/week,Good,6.6,10.0,No,Moderate,0,2263.0,68.0,1.5,3,2,0,0,0
63.0,Other,162.8,51.2,19.3,3-5 times/week,Excellent,6.5,2.0,Yes,Moderate,0,1537.0,43.1,4.0,4,2,1,0,2
67.0,Male,168.5,90.3,31.8,3-5 times/week,Average,7.8,7.0,No,High,0,3028.0,99.6,4.0,2,3,0,0,0
36.0,Other,159.9,87.2,34.1,1-2 times/week,Average,8.4,9.0,No,Low,0,2733.0,98.9,1.5,2,1,0,0,2
29.0,Male,174.3,109.1,35.9,3-5 times/week,Excellent,8.2,8.0,Yes,High,0,2771.0,74.6,4.0,4,3,1,0,0
25.0,Male,173.3,81.4,27.1,3-5 times/week,Poor,5.2,5.0,No,Low,0,3476.0,150.8,4.0,1,1,0,0,0
49.0,Female,162.0,39.4,15.0,3-5 times/week,Good,7.5,9.0,Yes,Low,0,1966.0,58.4,4.0,3,1,1,0,1
65.0,Other,157.2,64.7,26.2,1-2 times/week,Poor,7.0,8.0,No,Low,0,2506.0,100.0,1.5,1,1,0,0,2
37.0,Female,159.4,59.7,23.5,3-5 times/week,Good,8.8,2.0,No,Low,0,2337.0,103.6,4.0,3,1,0,0,1
26.0,Other,174.6,93.9,30.8,3-5 times/week,Poor,8.0,5.0,No,High,0,3202.0,133.8,4.0,1,3,0,0,2
58.0,Male,179.6,100.3,31.1,3-5 times/week,Average,8.0,6.0,Yes,Low,0,2410.0,103.8,4.0,2,1,1,0,0
65.0,Female,158.4,62.2,24.8,3-5 times/week,Average,7.0,4.0,No,Low,0,1766.0,69.0,4.0,2,1,0,0,1
65.0,Male,173.9,85.6,28.3,Daily,Good,7.5,1.0,No,Moderate,1,2744.0,78.6,7.0,3,2,0,1,0
39.0,Female,162.1,82.8,31.5,Daily,Poor,6.9,6.0,No,Low,0,2762.0,126.4,7.0,1,1,0,0,1
44.0,Male,168.3,96.9,34.2,3-5 times/week,Poor,6.2,6.0,Yes,Low,1,3038.0,118.8,4.0,1,1,1,1,0
63.0,Other,157.2,63.0,25.5,1-2 times/week,Poor,7.3,3.0,No,Moderate,1,2406.0,98.3,1.5,1,2,0,1,2
18.0,Male,174.8,83.7,27.4,3-5 times/week,Good,6.8,10.0,Yes,Low,0,1735.0,44.0,4.0,3,1,1,0,0
36.0,Male,163.8,62.2,23.2,3-5 times/week,Excellent,7.5,3.0,No,Low,1,2638.0,64.1,4.0,4,1,0,1,0
66.0,Male,177.8,87.6,27.7,1-2 times/week,Good,5.7,7.0,No,Moderate,0,2777.0,94.3,1.5,3,2,0,0,0
33.0,Female,150.5,61.8,27.3,3-5 times/week,Good,6.3,3.0,No,Low,1,1914.0,51.8,4.0,3,1,0,1,1
41.0,Female,154.0,58.6,24.7,3-5 times/week,Poor,6.1,6.0,No,Low,0,2459.0,102.7,4.0,1,1,0,0,1
36.0,Male,171.3,64.8,22.1,1-2 times/week,Good,7.1,4.0,No,Low,0,3024.0,92.6,1.5,3,1,0,0,0
50.0,Female,160.2,63.1,24.6,3-5 times/week,Good,7.0,7.0,Yes,Moderate,0,1800.0,47.9,4.0,3,2,1,0,1
21.0,Other,156.8,103.3,42.0,1-2 times/week,Poor,4.9,5.0,Yes,High,0,3497.0,161.9,1.5,1,3,1,0,2
67.0,Female,181.2,73.5,22.4,3-5 times/week,Good,7.0,4.0,No,High,0,2503.0,76.9,4.0,3,3,0,0,1
34.0,Other,161.9,44.3,16.9,3-5 times/week,Good,6.9,5.0,No,Low,0,1790.0,51.4,4.0,3,1,0,0,2
61.0,Female,156.8,74.5,30.3,1-2 times/week,Poor,8.9,6.0,Yes,Moderate,0,2707.0,103.4,1.5,1,2,1,0,1
65.0,Other,171.1,78.5,26.8,Daily,Excellent,7.4,2.0,Yes,High,0,2181.0,49.8,7.0,4,3,1,0,2
41.0,Other,159.2,38.0,15.0,3-5 times/week,Excellent,7.5,5.0,No,High,0,2516.0,65.9,4.0,4,3,0,0,2
44.0,Female,152.4,59.0,25.4,1-2 times/week,Good,8.7,10.0,No,Low,1,1534.0,51.1,1.5,3,1,0,1,1
25.0,Female,159.5,57.2,22.5,Daily,Poor,6.9,1.0,No,Moderate,0,2787.0,111.2,7.0,1,2,0,0,1
64.0,Female,165.4,69.5,25.4,1-2 times/week,Excellent,9.0,8.0,No,High,1,1837.0,44.2,1.5,4,3,0,1,1
25.0,Female,164.9,95.7,35.2,3-5 times/week,Poor,8.6,4.0,No,High,0,3263.0,139.8,4.0,1,3,0,0,1
25.0,Female,163.4,90.8,34.0,3-5 times/week,Average,8.3,8.0,No,Low,0,2280.0,82.0,4.0,2,1,0,0,1
53.0,Male,183.1,69.4,20.7,Daily,Excellent,7.0,7.0,No,High,0,3104.0,67.2,7.0,4,3,0,0,0
27.0,Other,160.5,81.7,31.7,1-2 times/week,Average,8.7,4.0,No,Low,0,2224.0,80.1,1.5,2,1,0,0,2
42.0,Female,148.7,82.3,37.2,1-2 times/week,Poor,5.3,4.0,No,High,0,2774.0,115.6,1.5,1,3,0,0,1
22.0,Other,176.8,84.7,27.1,3-5 times/week,Good,7.0,8.0,Yes,High,0,3057.0,84.2,4.0,3,3,1,0,2
51.0,Male,162.8,67.3,25.4,3-5 times/week,Excellent,7.0,5.0,No,Moderate,0,2502.0,62.9,4.0,4,2,0,0,0
64.0,Other,158.5,81.9,32.6,1-2 times/week,Poor,6.9,6.0,No,Low,0,2463.0,97.4,1.5,1,1,0,0,2
30.0,Other,166.4,89.4,32.3,3-5 times/week,Average,7.6,9.0,No,Low,0,2573.0,86.6,4.0,2,1,0,0,2
45.0,Male,173.9,116.1,38.4,3-5 times/week,Poor,7.8,8.0,Yes,Low,0,3152.0,133.8,4.0,1,1,1,0,0
35.0,Other,176.7,77.4,24.8,3-5 times/week,Excellent,6.8,3.0,No,High,0,2105.0,54.7,4.0,4,3,0,0,2
44.0,Male,161.0,89.7,34.6,3-5 times/week,Excellent,8.2,2.0,No,Low,1,2128.0,48.3,4.0,4,1,0,1,0
47.0,Female,157.8,59.0,23.7,Daily,Good,7.5,9.0,No,Low,0,2425.0,70.0,7.0,3,1,0,0,1
30.0,Male,159.7,56.6,22.2,3-5 times/week,Good,7.0,2.0,No,Low,0,2879.0,79.2,4.0,3,1,0,0,0
43.0,Male,149.2,45.9,20.6,Daily,Good,6.2,2.0,Yes,Moderate,1,2431.0,62.3,7.0,3,2,1,1,0
52.0,Female,155.9,78.5,32.3,3-5 times/week,Poor,4.9,8.0,No,Low,1,2568.0,107.4,4.0,1,1,0,1,1
21.0,Other,164.3,78.3,29.0,3-5 times/week,Good,6.7,5.0,No,Low,0,2383.0,59.2,4.0,3,1,0,0,2
21.0,Other,157.9,58.1,23.3,Daily,Excellent,7.7,10.0,No,Low,0,1949.0,49.6,7.0,4,1,0,0,2
67.0,Male,167.7,92.0,32.7,3-5 times/week,Excellent,10.0,6.0,No,Moderate,0,1863.0,55.7,4.0,4,2,0,0,0
32.0,Other,152.3,62.2,26.8,3-5 times/week,Excellent,5.3,7.0,Yes,Low,0,2092.0,55.0,4.0,4,1,1,0,2
41.0,Female,158.3,59.9,23.9,Daily,Good,6.0,6.0,No,Low,1,2782.0,120.4,7.0,3,1,0,1,1
40.0,Female,167.0,91.8,32.9,None,Average,6.5,5.0,Yes,High,0,2639.0,92.7,0.0,2,3,1,0,1
45.0,Female,159.8,97.3,38.1,3-5 times/week,Good,4.8,6.0,No,Moderate,0,1794.0,57.5,4.0,3,2,0,0,1
29.0,Other,171.1,46.0,15.7,Daily,Average,8.6,3.0,Yes,Low,0,1951.0,45.3,7.0,2,1,1,0,2
56.0,Other,167.1,63.9,22.9,Daily,Average,6.2,9.0,No,High,0,3189.0,110.4,7.0,2,3,0,0,2
39.0,Female,151.6,56.5,24.6,3-5 times/week,Average,7.6,3.0,Yes,Moderate,0,2263.0,69.6,4.0,2,2,1,0,1
48.0,Other,156.0,53.3,21.9,3-5 times/week,Good,5.3,10.0,No,Low,0,1745.0,51.3,4.0,3,1,0,0,2
33.0,Male,170.8,62.7,21.5,3-5 times/week,Good,7.3,3.0,Yes,Low,0,2075.0,65.1,4.0,3,1,1,0,0
43.0,Male,174.0,79.9,26.4,3-5 times/week,Good,6.7,9.0,No,Low,0,2151.0,59.1,4.0,3,1,0,0,0
49.0,Other,166.5,59.3,21.4,Daily,Good,5.6,6.0,No,Low,1,2543.0,67.9,7.0,3,1,0,1,2
31.0,Other,175.1,90.4,29.5,3-5 times/week,Average,9.2,4.0,Yes,Low,0,2606.0,89.6,4.0,2,1,1,0,2
21.0,Male,175.6,96.5,31.3,Daily,Average,8.5,2.0,No,None,0,3203.0,119.4,7.0,2,0,0,0,0
58.0,Female,153.4,61.9,26.3,3-5 times/week,Good,8.7,7.0,No,High,0,2133.0,70.0,4.0,3,3,0,0,1
19.0,Female,155.7,68.6,28.3,3-5 times/week,Poor,7.0,8.0,No,Low,0,2149.0,95.3,4.0,1,1,0,0,1
49.0,Male,168.4,92.7,32.7,3-5 times/week,Average,8.6,6.0,No,Low,0,2662.0,95.1,4.0,2,1,0,0,0
42.0,Other,160.2,54.9,21.4,3-5 times/week,Average,7.2,1.0,No,High,0,2561.0,90.0,4.0,2,3,0,0,2
53.0,Female,161.7,39.2,15.0,1-2 times/week,Excellent,7.1,8.0,Yes,Low,0,1593.0,39.3,1.5,4,1,1,0,1
24.0,Female,157.5,67.0,27.0,1-2 times/week,Poor,7.0,1.0,No,Low,0,2839.0,113.6,1.5,1,1,0,0,1
41.0,Other,159.1,68.3,27.0,3-5 times/week,Average,7.7,7.0,No,Moderate,1,2963.0,102.9,4.0,2,2,0,1,2
18.0,Female,162.1,87.5,33.3,Daily,Average,6.3,8.0,No,Moderate,0,2775.0,88.0,7.0,2,2,0,0,1
30.0,Other,168.6,96.4,33.9,1-2 times/week,Good,6.2,9.0,No,High,0,3279.0,110.2,1.5,3,3,0,0,2
35.0,Other,155.8,38.6,15.9,1-2 times/week,Good,6.1,9.0,No,Low,0,2538.0,79.7,1.5,3,1,0,0,2
33.0,Male,172.1,62.5,21.1,Daily,Good,6.5,5.0,Yes,Low,0,2428.0,63.1,7.0,3,1,1,0,0
55.0,Female,161.5,50.6,19.4,Daily,Excellent,7.0,2.0,No,Low,1,2300.0,56.9,7.0,4,1,0,1,1
60.0,Other,172.4,44.6,15.0,3-5 times/week,Good,8.2,9.0,No,Low,0,1984.0,61.9,4.0,3,1,0,0,2
64.0,Other,155.3,59.1,24.5,3-5 times/week,Average,7.0,2.0,Yes,Moderate,0,2609.0,91.3,4.0,2,2,1,0,2
54.0,Female,157.4,46.3,18.7,None,Average,9.0,3.0,Yes,Low,0,2067.0,68.7,0.0,2,1,1,0,1
33.0,Female,161.2,60.8,23.4,3-5 times/week,Excellent,5.2,4.0,No,Low,0,1431.0,40.4,4.0,4,1,0,0,1
49.0,Other,161.0,66.4,25.6,Daily,Excellent,5.8,6.0,No,Moderate,0,2327.0,52.9,7.0,4,2,0,0,2
49.0,Male,164.2,91.4,33.9,3-5 times/week,Average,8.5,6.0,Yes,Low,0,2415.0,94.9,4.0,2,1,1,0,0
61.0,Other,164.2,108.9,40.4,Daily,Good,5.9,8.0,Yes,High,0,3248.0,139.7,7.0,3,3,1,0,2
36.0,Other,164.7,70.0,25.8,3-5 times/week,Good,7.6,1.0,No,High,0,2222.0,58.8,4.0,3,3,0,0,2
20.0,Female,165.6,68.6,25.0,3-5 times/week,Excellent,6.8,6.0,No,Low,0,1642.0,30.4,4.0,4,1,0,0,1
34.0,Female,153.4,44.7,19.0,3-5 times/week,Good,8.0,4.0,No,Low,0,2033.0,45.9,4.0,3,1,0,0,1
50.0,Other,162.0,50.7,19.3,Daily,Good,7.3,10.0,Yes,Low,0,2281.0,71.6,7.0,3,1,1,0,2
41.0,Female,168.2,102.1,36.1,3-5 times/week,Good,8.6,7.0,No,Low,0,1742.0,69.4,4.0,3,1,0,0,1
49.0,Female,155.1,80.8,33.6,3-5 times/week,Good,5.5,10.0,No,Low,0,1830.0,55.3,4.0,3,1,0,0,1
34.0,Female,161.5,62.9,24.1,Daily,Poor,6.3,7.0,No,Low,0,2898.0,121.2,7.0,1,1,0,0,1
42.0,Other,164.8,57.8,21.3,3-5 times/week,Good,4.0,1.0,No,Low,0,1800.0,48.4,4.0,3,1,0,0,2
47.0,Male,169.1,76.9,26.9,3-5 times/week,Poor,8.0,4.0,Yes,Moderate,0,2801.0,120.2,4.0,1,2,1,0,0
69.0,Female,159.5,38.9,15.3,Daily,Excellent,7.2,5.0,No,Low,0,2258.0,58.4,7.0,4,1,0,0,1
58.0,Female,154.5,67.6,28.3,3-5 times/week,Average,7.1,6.0,No,Low,0,2152.0,74.6,4.0,2,1,0,0,1
36.0,Male,180.9,107.3,32.8,3-5 times/week,Good,7.2,7.0,Yes,High,1,2504.0,68.9,4.0,3,3,1,1,0
46.0,Female,166.5,62.1,22.4,3-5 times/week,Average,7.3,9.0,No,Low,0,2116.0,70.9,4.0,2,1,0,0,1
33.0,Other,172.5,52.4,17.6,1-2 times/week,Excellent,7.1,1.0,No,Low,0,1898.0,34.3,1.5,4,1,0,0,2
46.0,Male,182.1,110.1,33.2,1-2 times/week,Average,6.7,1.0,No,Low,0,2898.0,92.3,1.5,2,1,0,0,0
40.0,Male,183.8,116.9,34.6,3-5 times/week,Excellent,8.6,10.0,No,High,0,2665.0,67.9,4.0,4,3,0,0,0
67.0,Other,175.4,97.5,31.7,3-5 times/week,Excellent,8.2,3.0,Yes,High,0,2177.0,54.7,4.0,4,3,1,0,2
63.0,Male,169.0,104.2,36.5,3-5 times/week,Average,5.5,9.0,Yes,Low,0,1714.0,62.4,4.0,2,1,1,0,0
54.0,Male,165.1,77.4,28.4,3-5 times/week,Average,6.7,6.0,No,Moderate,0,2972.0,87.1,4.0,2,2,0,0,0
45.0,Male,183.1,112.3,33.5,1-2 times/week,Poor,5.4,1.0,No,Moderate,0,2775.0,119.9,1.5,1,2,0,0,0
42.0,Male,175.6,80.8,26.2,3-5 times/week,Good,5.8,7.0,No,Low,0,2164.0,68.8,4.0,3,1,0,0,0
61.0,Other,158.0,93.6,37.5,1-2 times/week,Excellent,7.1,5.0,No,High,0,2014.0,46.4,1.5,4,3,0,0,2
21.0,Other,167.8,89.8,31.9,3-5 times/week,Average,9.3,2.0,No,Moderate,0,2400.0,84.1,4.0,2,2,0,0,2
30.0,Other,172.3,51.4,17.3,Daily,Good,6.0,10.0,Yes,High,0,2369.0,68.2,7.0,3,3,1,0,2
26.0,Other,161.1,60.0,23.1,3-5 times/week,Excellent,6.5,3.0,Yes,Low,0,2116.0,55.9,4.0,4,1,1,0,2
59.0,Female,179.0,87.5,27.3,3-5 times/week,Good,7.0,3.0,Yes,None,0,3099.0,84.8,4.0,3,0,1,0,1
50.0,Female,166.1,69.5,25.2,3-5 times/week,Poor,7.1,1.0,Yes,Low,1,2203.0,89.6,4.0,1,1,1,1,1
61.0,Other,171.1,77.9,26.6,1-2 times/week,Good,7.0,8.0,No,High,0,2784.0,80.7,1.5,3,3,0,0,2
50.0,Male,170.3,79.2,27.3,Daily,Good,8.1,1.0,No,High,0,2854.0,85.3,7.0,3,3,0,0,0
36.0,Female,158.5,69.6,27.7,1-2 times/week,Poor,8.6,10.0,No,High,1,2492.0,103.3,1.5,1,3,0,1,1
52.0,Male,166.4,66.7,24.1,3-5 times/week,Good,8.7,2.0,No,Low,0,2197.0,65.5,4.0,3,1,0,0,0
54.0,Male,170.9,87.9,30.1,3-5 times/week,Excellent,8.5,5.0,Yes,High,0,2010.0,49.1,4.0,4,3,1,0,0
29.0,Female,158.4,93.8,37.4,3-5 times/week,Average,6.6,9.0,No,Moderate,1,2337.0,89.7,4.0,2,2,0,1,1
45.0,Other,157.0,68.5,27.8,3-5 times/week,Average,7.0,7.0,No,Low,1,1788.0,60.6,4.0,2,1,0,1,2
65.0,Other,166.9,47.1,16.9,3-5 times/week,Excellent,7.9,4.0,No,Low,0,1623.0,35.6,4.0,4,1,0,0,2
32.0,Other,166.5,63.2,22.8,3-5 times/week,Excellent,8.9,5.0,Yes,High,0,1676.0,32.4,4.0,4,3,1,0,2
52.0,Female,158.6,70.9,28.2,1-2 times/week,Average,6.1,2.0,No,Low,0,1868.0,64.1,1.5,2,1,0,0,1
64.0,Male,183.2,91.3,44.3,3-5 times/week,Excellent,6.2,7.0,No,Low,0,2127.0,48.4,4.0,4,1,0,0,0
29.0,Female,167.1,83.2,29.8,1-2 times/week,Excellent,8.3,1.0,Yes,High,0,2241.0,51.0,1.5,4,3,1,0,1
19.0,Male,180.2,96.8,29.8,None,Average,8.5,3.0,Yes,Low,0,2223.0,72.5,0.0,2,1,1,0,0
53.0,Other,156.2,62.5,25.6,Daily,Excellent,7.5,6.0,No,Low,1,2100.0,49.5,7.0,4,1,0,1,2
34.0,Other,158.7,73.0,29.0,1-2 times/week,Excellent,7.7,4.0,No,Moderate,1,2133.0,63.4,1.5,4,2,0,1,2
38.0,Other,154.5,48.9,20.5,Daily,Poor,7.9,1.0,No,Low,0,3034.0,128.2,7.0,1,1,0,0,2
41.0,Male,168.3,81.9,28.9,Daily,Poor,6.0,3.0,No,High,0,3420.0,146.0,7.0,1,3,0,0,0
23.0,Female,157.9,58.3,23.4,1-2 times/week,Good,5.8,1.0,No,Low,0,2014.0,51.0,1.5,3,1,0,0,1
21.0,Male,162.2,59.7,22.7,3-5 times/week,Good,7.2,4.0,Yes,Moderate,1,2569.0,83.7,4.0,3,2,1,1,0
35.0,Male,172.7,92.8,31.1,3-5 times/week,Good,7.0,6.0,Yes,Low,0,2900.0,78.2,4.0,3,1,1,0,0
48.0,Other,158.0,77.4,31.0,3-5 times/week,Average,6.1,7.0,Yes,High,0,1861.0,75.0,4.0,2,3,1,0,2
34.0,Other,169.6,86.6,30.1,3-5 times/week,Excellent,6.2,3.0,No,High,1,2037.0,42.4,4.0,4,3,0,1,2
68.0,Male,176.0,98.5,31.8,Daily,Excellent,9.5,9.0,No,High,1,3208.0,123.4,7.0,4,3,0,1,0
37.0,Female,164.7,85.2,31.4,3-5 times/week,Good,8.9,4.0,Yes,Moderate,0,1791.0,45.7,4.0,3,2,1,0,1
35.0,Male,158.8,69.6,27.6,3-5 times/week,Poor,6.7,2.0,Yes,Moderate,0,3042.0,133.2,4.0,1,2,1,0,0
24.0,Male,172.9,66.7,22.3,3-5 times/week,Good,7.0,3.0,Yes,Moderate,0,2757.0,77.3,4.0,3,2,1,0,0
61.0,Male,166.9,74.4,26.7,1-2 times/week,Good,7.6,10.0,No,High,0,2533.0,67.3,1.5,3,3,0,0,0
34.0,Female,162.0,61.7,23.5,3-5 times/week,Good,6.8,6.0,No,Moderate,0,2375.0,74.3,4.0,3,2,0,0,1
51.0,Male,169.0,106.0,37.1,3-5 times/week,Good,7.9,3.0,Yes,High,0,2220.0,49.3,4.0,3,3,1,0,0
49.0,Other,159.4,53.4,21.0,Daily,Average,7.6,7.0,No,Low,0,2562.0,87.3,7.0,2,1,0,0,2
52.0,Male,161.6,51.2,19.6,Daily,Average,4.9,10.0,No,Low,0,2798.0,102.7,7.0,2,1,0,0,0
18.0,Other,165.5,65.7,24.0,3-5 times/week,Excellent,5.9,10.0,No,Low,0,1639.0,41.3,4.0,4,1,0,0,2
18.0,Male,171.6,90.1,30.6,Daily,Good,5.1,2.0,No,High,0,2935.0,97.9,7.0,3,3,0,0,0
63.0,Female,158.7,54.9,21.8,3-5 times/week,Good,7.9,7.0,No,Moderate,0,1795.0,37.9,4.0,3,2,0,0,1
48.0,Other,170.4,78.4,27.0,Daily,Average,4.6,4.0,No,Low,0,2603.0,89.8,7.0,2,1,0,0,2
21.0,Male,170.7,76.6,26.3,1-2 times/week,Average,7.9,2.0,Yes,Low,0,2789.0,99.0,1.5,2,1,1,0,0
22.0,Other,160.4,86.2,33.5,1-2 times/week,Poor,5.1,5.0,No,High,0,3130.0,138.6,1.5,1,3,0,0,2
36.0,Female,158.5,57.5,22.9,3-5 times/week,Excellent,6.4,7.0,Yes,Low,1,1200.0,29.1,4.0,4,1,1,1,1
19.0,Female,156.2,88.1,36.1,Daily,Poor,5.8,8.0,No,Moderate,1,2882.0,122.6,7.0,1,2,0,1,1
45.0,Female,166.0,42.4,15.4,Daily,Excellent,6.7,5.0,No,Low,0,2399.0,89.3,7.0,4,1,0,0,1
28.0,Other,165.3,70.5,25.8,3-5 times/week,Average,9.6,6.0,No,Low,0,2557.0,83.3,4.0,2,1,0,0,2
32.0,Female,151.9,34.6,15.0,3-5 times/week,Good,6.8,10.0,No,Low,0,1539.0,41.5,4.0,3,1,0,0,1
20.0,Male,175.3,47.3,15.4,1-2 times/week,Excellent,8.0,10.0,No,Moderate,0,2494.0,60.4,1.5,4,2,0,0,0
34.0,Female,164.7,76.2,28.1,3-5 times/week,Average,9.0,10.0,No,Moderate,1,2373.0,75.6,4.0,2,2,0,1,1
21.0,Other,169.2,95.9,33.5,3-5 times/week,Excellent,4.0,1.0,No,Moderate,0,2141.0,52.0,4.0,4,2,0,0,2
51.0,Male,167.0,117.7,42.2,Daily,Average,5.6,5.0,No,High,0,3006.0,102.6,7.0,2,3,0,0,0
18.0,Male,163.2,92.2,34.6,1-2 times/week,Poor,7.6,2.0,Yes,Low,1,3110.0,133.6,1.5,1,1,1,1,0
34.0,Female,155.2,84.1,34.9,3-5 times/week,Poor,8.8,10.0,No,Low,0,3181.0,140.1,4.0,1,1,0,0,1
32.0,Other,168.0,89.8,31.8,3-5 times/week,Excellent,6.4,7.0,No,Low,0,1846.0,35.7,4.0,4,1,0,0,2
50.0,Male,179.0,89.4,27.9,3-5 times/week,Good,7.1,7.0,No,Moderate,0,2750.0,77.8,4.0,3,2,0,0,0
44.0,Female,159.5,53.9,21.2,Daily,Good,9.4,1.0,No,Low,0,2152.0,72.3,7.0,3,1,0,0,1
65.0,Female,163.0,70.7,26.6,1-2 times/week,Good,6.8,6.0,No,Low,0,1745.0,53.1,1.5,3,1,0,0,1
22.0,Female,162.1,75.7,28.8,3-5 times/week,Average,7.3,2.0,No,Moderate,0,2378.0,81.6,4.0,2,2,0,0,1
27.0,Other,188.1,60.9,17.2,3-5 times/week,Good,7.2,9.0,No,Low,0,3061.0,75.0,4.0,3,1,0,0,2
35.0,Male,174.8,99.0,32.4,3-5 times/week,Good,9.4,2.0,No,Low,0,2449.0,71.3,4.0,3,1,0,0,0
65.0,Male,176.3,106.9,34.4,3-5 times/week,Good,7.5,10.0,Yes,Low,1,2602.0,70.5,4.0,3,1,1,1,0
18.0,Male,167.8,63.6,22.6,Daily,Excellent,7.3,9.0,Yes,Low,0,2641.0,61.9,7.0,4,1,1,0,0
22.0,Female,158.4,86.8,34.6,3-5 times/week,Good,7.0,6.0,No,Moderate,0,2577.0,97.5,4.0,3,2,0,0,1
28.0,Other,164.7,84.6,31.2,1-2 times/week,Good,8.7,2.0,No,Low,0,1806.0,55.6,1.5,3,1,0,0,2
36.0,Female,155.4,45.9,19.0,1-2 times/week,Good,7.0,2.0,No,Moderate,0,1836.0,37.5,1.5,3,2,0,0,1
60.0,Other,178.4,96.4,30.3,3-5 times/week,Average,8.5,9.0,No,Low,0,2853.0,101.0,4.0,2,1,0,0,2
42.0,Female,152.0,66.5,28.8,3-5 times/week,Good,7.9,4.0,No,Low,1,1371.0,47.1,4.0,3,1,0,1,1
52.0,Female,157.0,67.5,27.4,Daily,Average,7.5,3.0,No,Low,0,2462.0,79.6,7.0,2,1,0,0,1
24.0,Female,158.9,51.8,20.5,Daily,Excellent,6.7,3.0,Yes,High,0,2209.0,54.8,7.0,4,3,1,0,1
31.0,Female,157.7,64.4,25.9,3-5 times/week,Average,7.0,9.0,Yes,High,0,1939.0,71.9,4.0,2,3,1,0,1
23.0,Other,160.2,78.5,30.6,1-2 times/week,Average,7.0,9.0,No,High,0,2453.0,99.4,1.5,2,3,0,0,2
42.0,Other,155.5,53.0,21.9,3-5 times/week,Poor,7.0,7.0,No,Low,0,2963.0,118.0,4.0,1,1,0,0,2
40.0,Female,160.8,57.1,22.1,3-5 times/week,Good,8.2,3.0,No,Low,0,1467.0,51.6,4.0,3,1,0,0,1
38.0,Female,156.5,67.6,27.6,Daily,Excellent,5.2,9.0,Yes,Moderate,1,2099.0,48.9,7.0,4,2,1,1,1
25.0,Other,170.7,83.6,28.7,Daily,Good,7.0,1.0,No,High,1,2500.0,72.8,7.0,3,3,0,1,2
26.0,Female,161.0,56.0,21.6,1-2 times/week,Excellent,5.6,4.0,No,None,1,2302.0,53.6,1.5,4,0,0,1,1
27.0,Female,153.7,64.5,27.3,3-5 times/week,Good,4.7,6.0,No,High,1,2104.0,48.8,4.0,3,3,0,1,1
27.0,Other,180.2,48.7,15.0,1-2 times/week,Excellent,7.5,4.0,No,Low,0,2283.0,47.9,1.5,4,1,0,0,2
58.0,Male,180.7,96.3,29.5,3-5 times/week,Average,5.1,10.0,No,Low,0,2701.0,96.8,4.0,2,1,0,0,0
28.0,Other,147.4,62.4,28.7,3-5 times/week,Good,7.5,1.0,Yes,Moderate,0,2207.0,56.8,4.0,3,2,1,0,2
66.0,Male,164.2,69.6,25.8,3-5 times/week,Average,5.5,4.0,No,Low,0,2554.0,97.7,4.0,2,1,0,0,0
62.0,Male,161.9,78.9,30.1,1-2 times/week,Average,8.2,9.0,Yes,Moderate,1,3138.0,110.7,1.5,2,2,1,1,0
47.0,Male,168.4,68.6,24.2,3-5 times/week,Excellent,5.8,10.0,No,Low,0,1935.0,47.0,4.0,4,1,0,0,0
36.0,Other,183.7,102.6,30.4,1-2 times/week,Good,7.2,2.0,Yes,Moderate,0,2533.0,68.0,1.5,3,2,1,0,2
61.0,Female,170.2,82.3,28.4,3-5 times/week,Poor,8.5,9.0,Yes,Low,1,1667.0,41.7,4.0,1,1,1,1,1
44.0,Other,163.5,84.5,31.6,3-5 times/week,Average,7.4,10.0,No,Low,0,2645.0,84.2,4.0,2,1,0,0,2
63.0,Female,150.1,47.5,21.1,None,Excellent,7.4,7.0,No,Low,0,1757.0,42.5,0.0,4,1,0,0,1
23.0,Male,171.4,77.6,26.4,3-5 times/week,Poor,7.5,1.0,No,Low,0,3576.0,154.8,4.0,1,1,0,0,0
23.0,Female,163.1,72.6,27.3,Daily,Poor,7.6,8.0,No,High,0,3115.0,128.6,7.0,1,3,0,0,1
25.0,Male,173.7,70.3,23.3,Daily,Good,7.0,6.0,Yes,Low,0,2833.0,67.8,7.0,3,1,1,0,0
39.0,Female,160.0,75.0,29.3,1-2 times/week,Average,5.8,9.0,No,Moderate,0,2516.0,89.2,1.5,2,2,0,0,1
23.0,Female,163.1,67.8,25.5,Daily,Good,9.2,2.0,Yes,High,1,2412.0,70.3,7.0,3,3,1,1,1
57.0,Male,166.6,116.0,41.8,3-5 times/week,Poor,7.1,5.0,No,High,1,3290.0,142.2,4.0,1,3,0,1,0
49.0,Other,177.2,87.3,27.8,3-5 times/week,Good,7.8,2.0,No,High,0,2454.0,69.6,4.0,3,3,0,0,2
49.0,Female,174.9,96.1,31.4,3-5 times/week,Poor,5.2,6.0,No,Low,0,2661.0,120.7,4.0,1,1,0,0,1
51.0,Male,171.5,76.8,26.1,Daily,Excellent,5.4,5.0,No,Low,0,2133.0,53.0,7.0,4,1,0,0,0
48.0,Other,173.0,70.3,23.5,3-5 times/week,Average,8.4,10.0,No,Low,0,2393.0,86.7,4.0,2,1,0,0,2
57.0,Female,155.9,94.3,38.8,3-5 times/week,Good,5.4,6.0,Yes,High,1,2158.0,60.5,4.0,3,3,1,1,1
26.0,Female,148.0,84.1,38.4,3-5 times/week,Average,7.2,5.0,No,Moderate,0,2297.0,75.6,4.0,2,2,0,0,1
25.0,Other,153.7,76.3,32.3,Daily,Poor,8.2,4.0,No,High,0,3021.0,132.8,7.0,1,3,0,0,2
67.0,Female,170.7,89.5,30.7,3-5 times/week,Excellent,4.0,5.0,Yes,Low,1,1439.0,34.4,4.0,4,1,1,1,1
50.0,Other,163.3,81.1,30.4,Daily,Average,8.5,10.0,No,High,0,2911.0,102.9,7.0,2,3,0,0,2
34.0,Other,163.7,99.7,37.2,3-5 times/week,Good,5.4,5.0,Yes,Low,1,2013.0,58.1,4.0,3,1,1,1,2
52.0,Male,172.3,101.2,34.1,1-2 times/week,Poor,9.4,2.0,Yes,Low,1,3336.0,136.7,1.5,1,1,1,1,0
35.0,Male,172.1,89.2,30.1,3-5 times/week,Excellent,10.0,1.0,No,High,1,2514.0,69.8,4.0,4,3,0,1,0
18.0,Female,169.3,69.4,24.2,None,Average,6.0,9.0,No,None,0,1317.0,40.2,0.0,2,0,0,0,1
47.0,Other,172.3,90.8,30.6,1-2 times/week,Good,7.0,2.0,No,Low,0,2226.0,59.1,1.5,3,1,0,0,2
40.0,Female,156.7,74.4,30.3,1-2 times/week,Poor,5.4,8.0,No,Low,0,2450.0,105.1,1.5,1,1,0,0,1
69.0,Male,175.4,62.8,20.4,Daily,Excellent,9.4,5.0,No,Low,0,2430.0,58.4,7.0,4,1,0,0,0
31.0,Female,157.8,37.8,15.2,Daily,Good,6.2,1.0,No,Moderate,1,2343.0,73.5,7.0,3,2,0,1,1
54.0,Male,172.8,77.0,25.8,3-5 times/week,Average,4.3,7.0,No,Low,0,2601.0,95.1,4.0,2,1,0,0,0
47.0,Other,170.4,99.6,34.3,3-5 times/week,Poor,9.4,7.0,No,Low,0,2635.0,107.2,4.0,1,1,0,0,2
38.0,Male,175.8,62.7,20.3,1-2 times/week,Good,6.5,1.0,No,Low,1,2775.0,71.5,1.5,3,1,0,1,0
31.0,Female,157.7,78.3,31.5,3-5 times/week,Poor,7.4,8.0,Yes,Low,0,2329.0,98.8,4.0,1,1,1,0,1
59.0,Other,164.6,78.3,28.9,3-5 times/week,Poor,4.3,2.0,No,Moderate,0,2251.0,102.4,4.0,1,2,0,0,2
44.0,Male,185.2,66.9,19.5,1-2 times/week,Excellent,9.9,10.0,No,Low,0,2984.0,102.5,1.5,4,1,0,0,0
57.0,Male,150.3,82.0,36.3,1-2 times/week,Poor,6.2,10.0,No,High,1,3146.0,123.9,1.5,1,3,0,1,0
58.0,Other,152.1,48.8,21.1,3-5 times/week,Excellent,7.0,3.0,No,Low,0,1523.0,38.5,4.0,4,1,0,0,2
63.0,Other,169.0,72.5,25.4,3-5 times/week,Excellent,8.0,2.0,No,Moderate,0,2001.0,48.3,4.0,4,2,0,0,2
53.0,Male,185.0,103.0,30.1,3-5 times/week,Good,6.2,3.0,No,High,0,2678.0,79.9,4.0,3,3,0,0,0
54.0,Other,153.1,41.5,17.7,3-5 times/week,Excellent,6.6,5.0,No,Low,0,1693.0,42.1,4.0,4,1,0,0,2
62.0,Other,165.8,46.5,16.9,None,Excellent,7.7,4.0,No,Moderate,0,1786.0,47.8,0.0,4,2,0,0,2
61.0,Male,173.2,57.9,19.3,3-5 times/week,Excellent,8.3,4.0,Yes,Moderate,1,2271.0,56.3,4.0,4,2,1,1,0
55.0,Male,154.3,48.6,20.4,3-5 times/week,Average,8.0,6.0,No,Low,0,2606.0,89.3,4.0,2,1,0,0,0
24.0,Male,166.1,118.9,43.1,1-2 times/week,Poor,6.6,2.0,No,High,0,3311.0,140.7,1.5,1,3,0,0,0
66.0,Female,160.6,74.0,28.7,3-5 times/week,Poor,6.8,3.0,Yes,Low,0,2356.0,102.1,4.0,1,1,1,0,1
40.0,Female,150.6,59.6,26.3,3-5 times/week,Excellent,5.3,2.0,No,Low,0,1538.0,44.8,4.0,4,1,0,0,1
41.0,Male,170.0,69.9,24.2,3-5 times/week,Good,7.0,3.0,Yes,Low,0,2661.0,80.4,4.0,3,1,1,0,0
23.0,Other,165.0,98.3,36.1,1-2 times/week,Poor,6.7,1.0,No,Moderate,0,3400.0,147.8,1.5,1,2,0,0,2
47.0,Male,164.4,82.4,30.5,3-5 times/week,Excellent,6.2,3.0,No,Low,1,1605.0,34.6,4.0,4,1,0,1,0
61.0,Female,158.4,59.2,23.6,1-2 times/week,Excellent,4.6,5.0,No,Moderate,0,1561.0,38.5,1.5,4,2,0,0,1
56.0,Female,155.7,87.0,35.9,3-5 times/week,Poor,7.6,1.0,Yes,Low,0,2139.0,91.3,4.0,1,1,1,0,1
39.0,Male,160.9,86.5,33.4,Daily,Average,6.8,7.0,No,Low,0,3147.0,115.6,7.0,2,1,0,0,0
38.0,Female,174.2,85.6,28.2,Daily,Average,5.1,4.0,Yes,Low,0,2580.0,97.2,7.0,2,1,1,0,1
66.0,Male,174.0,93.3,30.8,3-5 times/week,Good,5.4,1.0,No,Low,0,2807.0,82.4,4.0,3,1,0,0,0
36.0,Other,172.8,62.7,21.0,3-5 times/week,Good,7.0,10.0,No,Low,0,2409.0,60.3,4.0,3,1,0,0,2
20.0,Male,163.8,60.1,22.4,3-5 times/week,Average,7.0,6.0,No,Low,0,2987.0,96.6,4.0,2,1,0,0,0
46.0,Female,161.3,71.0,27.3,3-5 times/week,Poor,6.4,2.0,Yes,Low,0,2256.0,97.9,4.0,1,1,1,0,1
63.0,Female,163.9,48.4,18.0,3-5 times/week,Average,7.3,6.0,No,Low,1,2177.0,69.9,4.0,2,1,0,1,1
69.0,Female,154.7,73.0,30.5,Daily,Poor,7.6,3.0,No,Low,0,2492.0,103.9,7.0,1,1,0,0,1
19.0,Female,163.0,59.0,22.2,3-5 times/week,Poor,8.0,4.0,No,Moderate,0,3392.0,150.2,4.0,1,2,0,0,1
42.0,Male,155.9,57.8,23.8,3-5 times/week,Good,6.8,10.0,No,Moderate,0,1670.0,56.0,4.0,3,2,0,0,0
39.0,Other,169.0,58.3,20.4,3-5 times/week,Good,4.4,9.0,No,Low,0,2421.0,75.2,4.0,3,1,0,0,2
24.0,Other,163.5,78.9,29.5,3-5 times/week,Excellent,5.8,7.0,No,Moderate,0,2148.0,59.0,4.0,4,2,0,0,2
24.0,Female,164.0,85.0,31.6,3-5 times/week,Poor,4.8,2.0,No,Low,0,2671.0,115.1,4.0,1,1,0,0,1
59.0,Other,167.0,76.1,27.3,1-2 times/week,Average,6.3,4.0,No,Low,0,2106.0,74.2,1.5,2,1,0,0,2
44.0,Male,172.7,102.6,34.4,3-5 times/week,Good,8.7,6.0,No,Low,0,3156.0,146.9,4.0,3,1,0,0,0
25.0,Male,171.4,69.0,23.5,3-5 times/week,Poor,7.8,10.0,No,Moderate,0,3562.0,162.0,4.0,1,2,0,0,0
56.0,Other,159.8,56.7,22.2,3-5 times/week,Poor,6.1,3.0,No,Low,0,1945.0,83.1,4.0,1,1,0,0,2
20.0,Other,152.0,77.6,33.6,1-2 times/week,Poor,6.0,8.0,No,High,0,2760.0,115.4,1.5,1,3,0,0,2
59.0,Male,176.5,108.1,34.7,3-5 times/week,Poor,5.8,7.0,No,High,0,3427.0,147.3,4.0,1,3,0,0,0
50.0,Other,183.5,90.9,27.0,3-5 times/week,Average,7.2,2.0,No,High,0,2620.0,98.3,4.0,2,3,0,0,2
54.0,Female,181.7,77.9,23.6,Daily,Poor,4.4,8.0,No,Moderate,0,3091.0,135.1,7.0,1,2,0,0,1
29.0,Female,158.1,61.2,24.5,3-5 times/week,Average,5.5,8.0,No,Moderate,1,2766.0,100.6,4.0,2,2,0,1,1
20.0,Male,165.7,79.9,29.1,Daily,Excellent,6.0,5.0,No,High,0,3034.0,70.3,7.0,4,3,0,0,0
44.0,Female,152.9,80.7,34.5,3-5 times/week,Poor,7.0,7.0,No,High,1,2596.0,108.4,4.0,1,3,0,1,1
55.0,Male,170.2,118.2,40.8,3-5 times/week,Poor,5.3,10.0,Yes,High,0,3472.0,141.2,4.0,1,3,1,0,0
32.0,Male,167.6,75.6,26.9,3-5 times/week,Good,6.4,6.0,No,Low,0,2793.0,84.8,4.0,3,1,0,0,0
43.0,Female,169.6,51.8,18.0,Daily,Good,6.8,6.0,No,Low,0,1908.0,42.4,7.0,3,1,0,0,1
53.0,Male,168.7,55.5,19.5,Daily,Good,8.4,8.0,Yes,High,0,2960.0,85.4,7.0,3,3,1,0,0
49.0,Other,175.3,107.2,34.9,3-5 times/week,Average,5.2,10.0,No,Moderate,0,2767.0,99.6,4.0,2,2,0,0,2
27.0,Other,165.7,88.1,32.1,Daily,Good,8.6,10.0,No,High,0,2611.0,81.5,7.0,3,3,0,0,2
62.0,Male,174.4,92.5,30.4,1-2 times/week,Good,7.7,3.0,No,Low,1,2360.0,66.8,1.5,3,1,0,1,0
34.0,Male,177.1,83.1,26.5,3-5 times/week,Excellent,6.5,6.0,Yes,Moderate,0,2568.0,64.1,4.0,4,2,1,0,0
65.0,Female,171.0,104.7,35.8,3-5 times/week,Good,6.6,6.0,Yes,High,1,2546.0,91.0,4.0,3,3,1,1,1
40.0,Female,179.1,94.6,29.5,3-5 times/week,Poor,5.2,9.0,No,High,0,3319.0,138.7,4.0,1,3,0,0,1
18.0,Male,173.2,87.9,29.3,1-2 times/week,Excellent,8.1,9.0,No,Moderate,0,2282.0,65.4,1.5,4,2,0,0,0
63.0,Other,170.2,96.8,33.4,3-5 times/week,Average,8.1,3.0,Yes,Moderate,1,2463.0,88.1,4.0,2,2,1,1,2
36.0,Male,174.3,117.6,38.7,3-5 times/week,Poor,5.9,3.0,No,Low,0,2992.0,122.6,4.0,1,1,0,0,0
62.0,Other,173.7,75.1,24.9,3-5 times/week,Excellent,9.3,7.0,No,Low,0,2061.0,48.0,4.0,4,1,0,0,2
61.0,Other,181.5,88.9,27.0,1-2 times/week,Excellent,7.4,10.0,No,Low,1,1608.0,54.2,1.5,4,1,0,1,2
54.0,Other,154.1,45.1,19.0,1-2 times/week,Average,7.6,10.0,No,Low,0,1946.0,70.6,1.5,2,1,0,0,2
63.0,Female,156.4,71.2,29.1,3-5 times/week,Good,8.8,6.0,No,High,0,1867.0,59.9,4.0,3,3,0,0,1
36.0,Other,176.6,97.3,31.2,3-5 times/week,Poor,4.0,9.0,Yes,Moderate,1,3287.0,128.7,4.0,1,2,1,1,2
68.0,Male,174.6,115.8,38.0,3-5 times/week,Average,7.6,6.0,No,Moderate,1,2914.0,107.7,4.0,2,2,0,1,0
23.0,Other,160.1,56.9,22.2,1-2 times/week,Average,7.1,5.0,Yes,Low,1,2393.0,92.2,1.5,2,1,1,1,2
31.0,Female,156.7,73.4,29.9,1-2 times/week,Poor,6.5,1.0,No,High,0,2774.0,119.1,1.5,1,3,0,0,1
36.0,Female,162.5,73.1,27.7,Daily,Good,7.0,4.0,No,Moderate,0,2017.0,59.2,7.0,3,2,0,0,1
23.0,Other,167.7,95.3,33.9,None,Excellent,5.9,7.0,No,Low,0,2171.0,56.6,0.0,4,1,0,0,2
69.0,Male,171.1,78.2,26.7,Daily,Good,5.9,10.0,No,Low,0,3282.0,83.3,7.0,3,1,0,0,0
35.0,Male,171.0,83.0,28.4,Daily,Poor,5.7,7.0,No,Low,0,3380.0,139.8,7.0,1,1,0,0,0
19.0,Female,145.0,51.3,24.4,3-5 times/week,Good,7.4,4.0,No,Moderate,0,2627.0,86.9,4.0,3,2,0,0,1
63.0,Female,154.6,66.2,27.7,3-5 times/week,Excellent,6.7,8.0,Yes,Moderate,1,1856.0,44.7,4.0,4,2,1,1,1
27.0,Male,171.8,90.0,30.5,1-2 times/week,Good,7.6,10.0,No,Moderate,1,2253.0,57.4,1.5,3,2,0,1,0
56.0,Female,149.9,54.8,24.4,3-5 times/week,Good,6.0,4.0,No,Low,0,2014.0,50.1,4.0,3,1,0,0,1
32.0,Male,184.5,94.6,27.8,1-2 times/week,Good,6.0,7.0,Yes,Low,0,2552.0,81.4,1.5,3,1,1,0,0
32.0,Female,158.7,50.6,20.1,3-5 times/week,Poor,8.1,4.0,No,Low,0,2690.0,117.6,4.0,1,1,0,0,1
42.0,Male,183.5,86.9,25.8,3-5 times/week,Good,8.1,10.0,Yes,Low,0,3067.0,81.1,4.0,3,1,1,0,0
54.0,Other,165.7,65.1,23.7,Daily,Good,7.0,6.0,No,Moderate,0,2213.0,65.6,7.0,3,2,0,0,2
40.0,Other,161.2,86.8,33.4,Daily,Average,5.5,2.0,No,High,0,2834.0,99.6,7.0,2,3,0,0,2
49.0,Female,160.0,103.7,40.5,1-2 times/week,Poor,6.9,9.0,No,Moderate,0,2822.0,123.6,1.5,1,2,0,0,1
34.0,Male,172.9,67.3,22.5,3-5 times/week,Excellent,6.6,5.0,No,Low,0,2138.0,60.4,4.0,4,1,0,0,0
36.0,Other,169.1,70.9,24.8,3-5 times/week,Excellent,6.0,2.0,Yes,Low,1,2293.0,62.2,4.0,4,1,1,1,2
47.0,Female,158.4,65.2,26.0,3-5 times/week,Excellent,8.8,8.0,No,High,1,1577.0,37.5,4.0,4,3,0,1,1
66.0,Other,160.2,68.8,26.8,3-5 times/week,Good,6.6,2.0,No,Low,1,1884.0,60.3,4.0,3,1,0,1,2
48.0,Other,172.7,75.8,25.4,3-5 times/week,Excellent,8.0,6.0,Yes,Low,0,1868.0,23.0,4.0,4,1,1,0,2
44.0,Other,152.6,88.3,37.9,1-2 times/week,Good,5.3,6.0,No,Moderate,0,2255.0,76.6,1.5,3,2,0,0,2
31.0,Male,171.3,73.7,25.1,1-2 times/week,Good,6.7,3.0,No,Low,0,1887.0,37.1,1.5,3,1,0,0,0
53.0,Female,154.1,84.3,35.5,3-5 times/week,Poor,6.7,1.0,No,Low,1,2182.0,102.6,4.0,1,1,0,1,1
66.0,Female,159.2,66.9,26.4,3-5 times/week,Good,5.3,5.0,Yes,Low,1,1582.0,45.1,4.0,3,1,1,1,1
26.0,Female,162.6,95.7,36.2,1-2 times/week,Good,8.4,2.0,No,High,0,2840.0,112.8,1.5,3,3,0,0,1
30.0,Male,186.0,84.8,24.5,Daily,Poor,7.2,10.0,No,Low,0,3535.0,149.6,7.0,1,1,0,0,0
58.0,Male,168.3,105.7,37.3,3-5 times/week,Poor,8.4,6.0,Yes,Low,0,3046.0,132.1,4.0,1,1,1,0,0
54.0,Other,169.5,96.5,33.6,1-2 times/week,Poor,7.4,1.0,No,Low,0,2933.0,123.2,1.5,1,1,0,0,2
54.0,Female,161.5,85.0,32.6,3-5 times/week,Good,6.4,8.0,Yes,Low,0,2112.0,55.6,4.0,3,1,1,0,1
46.0,Other,165.7,63.1,23.0,Daily,Good,8.0,2.0,No,Moderate,0,2273.0,56.7,7.0,3,2,0,0,2
54.0,Female,160.5,38.6,15.0,3-5 times/week,Good,6.0,5.0,Yes,Low,0,1716.0,53.1,4.0,3,1,1,0,1
43.0,Female,163.1,68.1,25.6,Daily,Good,4.5,9.0,No,Moderate,0,1915.0,60.7,7.0,3,2,0,0,1
20.0,Male,177.8,73.3,23.2,Daily,Good,8.5,9.0,No,Low,0,2844.0,79.4,7.0,3,1,0,0,0
63.0,Other,150.2,62.0,27.5,3-5 times/week,Good,6.3,6.0,No,Moderate,1,2103.0,58.9,4.0,3,2,0,1,2
24.0,Male,174.9,84.1,27.5,1-2 times/week,Excellent,8.2,10.0,No,Moderate,1,2240.0,51.0,1.5,4,2,0,1,0
63.0,Male,179.0,92.0,28.7,3-5 times/week,Poor,9.0,5.0,No,Low,0,2499.0,101.4,4.0,1,1,0,0,0
34.0,Other,160.5,88.9,34.5,Daily,Average,7.4,3.0,Yes,High,0,2364.0,83.6,7.0,2,3,1,0,2
26.0,Other,168.2,53.8,19.0,1-2 times/week,Good,7.2,10.0,Yes,Moderate,0,2069.0,60.8,1.5,3,2,1,0,2
47.0,Other,171.3,76.6,26.1,3-5 times/week,Average,5.8,9.0,Yes,Moderate,0,2730.0,93.9,4.0,2,2,1,0,2
56.0,Male,180.1,92.1,28.4,3-5 times/week,Poor,6.2,9.0,No,Moderate,0,2513.0,99.7,4.0,1,2,0,0,0
24.0,Male,183.3,58.5,17.4,3-5 times/week,Good,7.2,7.0,No,Low,0,2364.0,63.4,4.0,3,1,0,0,0
22.0,Male,181.3,80.9,24.6,Daily,Good,5.4,6.0,No,Moderate,1,2836.0,86.5,7.0,3,2,0,1,0
21.0,Male,168.8,76.4,26.8,1-2 times/week,Good,6.8,6.0,No,High,0,3010.0,82.2,1.5,3,3,0,0,0
37.0,Other,168.9,51.9,18.2,3-5 times/week,Good,7.2,2.0,No,High,1,2799.0,73.2,4.0,3,3,0,1,2
24.0,Female,158.6,41.8,16.6,3-5 times/week,Good,6.5,1.0,No,High,0,2193.0,65.0,4.0,3,3,0,0,1
68.0,Male,179.3,126.0,39.2,3-5 times/week,Good,7.9,8.0,Yes,High,0,2010.0,62.4,4.0,3,3,1,0,0
32.0,Female,161.2,58.7,22.6,Daily,Good,8.9,8.0,No,Low,0,1884.0,60.2,7.0,3,1,0,0,1
48.0,Male,182.3,107.3,32.3,3-5 times/week,Good,7.3,6.0,No,Low,0,2847.0,79.8,4.0,3,1,0,0,0
62.0,Other,162.4,75.2,28.5,3-5 times/week,Excellent,5.5,8.0,Yes,Low,0,1263.0,34.1,4.0,4,1,1,0,2
30.0,Other,173.5,68.3,22.7,1-2 times/week,Poor,4.1,6.0,No,Moderate,1,2942.0,128.9,1.5,1,2,0,1,2
38.0,Other,157.0,57.4,23.3,3-5 times/week,Good,6.2,7.0,No,Low,0,1871.0,47.8,4.0,3,1,0,0,2
58.0,Other,170.0,79.8,27.6,3-5 times/week,Good,7.0,10.0,No,Low,1,1539.0,37.8,4.0,3,1,0,1,2
29.0,Other,162.0,63.0,24.0,1-2 times/week,Good,7.0,6.0,No,Low,0,2137.0,72.7,1.5,3,1,0,0,2
64.0,Female,172.4,125.7,42.3,3-5 times/week,Good,7.0,10.0,Yes,Low,1,1987.0,70.0,4.0,3,1,1,1,1
49.0,Other,157.8,70.7,28.4,3-5 times/week,Excellent,4.9,1.0,No,Low,1,2118.0,55.6,4.0,4,1,0,1,2
50.0,Male,181.2,74.2,22.6,3-5 times/week,Excellent,8.8,9.0,No,Low,0,1940.0,47.2,4.0,4,1,0,0,0
26.0,Male,177.3,110.7,35.2,1-2 times/week,Excellent,8.8,3.0,Yes,Low,0,1896.0,47.0,1.5,4,1,1,0,0
68.0,Male,167.5,92.6,33.0,3-5 times/week,Average,6.6,10.0,No,Low,0,2040.0,76.0,4.0,2,1,0,0,0
38.0,Other,153.4,58.8,25.0,Daily,Average,6.2,1.0,No,Low,0,2524.0,90.6,7.0,2,1,0,0,2
27.0,Female,145.7,61.1,28.8,3-5 times/week,Excellent,6.8,8.0,No,Low,0,1288.0,37.4,4.0,4,1,0,0,1
49.0,Other,160.5,90.7,35.2,3-5 times/week,Average,6.2,9.0,No,Moderate,1,1904.0,51.9,4.0,2,2,0,1,2
28.0,Male,166.5,104.5,37.7,None,Excellent,6.3,5.0,No,High,0,3099.0,83.0,0.0,4,3,0,0,0
67.0,Male,158.5,65.3,26.0,1-2 times/week,Poor,4.9,6.0,No,High,0,3181.0,127.6,1.5,1,3,0,0,0
46.0,Other,150.1,66.9,29.7,3-5 times/week,Average,7.8,9.0,Yes,High,0,2700.0,98.7,4.0,2,3,1,0,2
61.0,Female,171.2,88.5,30.2,3-5 times/week,Good,6.8,2.0,No,Moderate,0,2076.0,68.6,4.0,3,2,0,0,1
46.0,Male,182.6,141.0,42.3,3-5 times/week,Poor,5.9,4.0,Yes,Low,1,2801.0,116.3,4.0,1,1,1,1,0
53.0,Other,173.2,76.8,25.6,3-5 times/week,Good,7.4,1.0,No,High,1,2475.0,77.8,4.0,3,3,0,1,2
41.0,Female,162.2,80.8,30.7,Daily,Excellent,8.8,9.0,Yes,Low,0,1867.0,36.5,7.0,4,1,1,0,1
27.0,Female,163.1,81.1,30.5,3-5 times/week,Poor,4.8,9.0,No,Low,1,2483.0,104.7,4.0,1,1,0,1,1
42.0,Other,177.9,59.2,18.7,3-5 times/week,Average,6.9,2.0,No,Low,1,2877.0,106.4,4.0,2,1,0,1,2
44.0,Male,174.0,96.6,31.9,3-5 times/week,Excellent,6.5,10.0,No,High,1,2632.0,67.1,4.0,4,3,0,1,0
53.0,Female,150.9,77.2,33.9,1-2 times/week,Good,5.3,9.0,Yes,High,1,2112.0,60.9,1.5,3,3,1,1,1
27.0,Female,162.3,67.7,25.7,Daily,Poor,7.5,6.0,No,Moderate,0,3099.0,128.1,7.0,1,2,0,0,1
38.0,Female,159.0,57.4,22.7,3-5 times/week,Poor,7.3,3.0,Yes,Moderate,0,2385.0,103.4,4.0,1,2,1,0,1
49.0,Other,160.0,56.8,22.2,Daily,Good,7.0,10.0,No,Moderate,0,2205.0,53.2,7.0,3,2,0,0,2
19.0,Other,161.1,76.3,29.4,3-5 times/week,Poor,6.5,6.0,No,Low,0,3085.0,132.1,4.0,1,1,0,0,2
54.0,Other,154.7,56.2,23.5,3-5 times/week,Poor,7.3,1.0,Yes,Moderate,0,2816.0,125.2,4.0,1,2,1,0,2
56.0,Other,156.3,78.2,32.0,Daily,Poor,8.1,8.0,Yes,Moderate,0,2594.0,103.7,7.0,1,2,1,0,2
22.0,Other,147.9,36.5,16.7,Daily,Good,4.4,6.0,No,Low,0,2523.0,78.2,7.0,3,1,0,0,2
61.0,Female,173.7,73.3,24.3,3-5 times/week,Average,7.6,9.0,Yes,Low,0,2187.0,78.5,4.0,2,1,1,0,1
37.0,Male,165.3,68.3,25.0,3-5 times/week,Average,6.7,8.0,No,High,0,3495.0,130.8,4.0,2,3,0,0,0
23.0,Other,172.2,66.4,22.4,3-5 times/week,Excellent,7.1,6.0,Yes,Moderate,0,2231.0,55.2,4.0,4,2,1,0,2
55.0,Male,174.7,95.5,31.3,Daily,Good,5.2,5.0,No,High,0,2850.0,80.0,7.0,3,3,0,0,0
64.0,Female,154.8,80.5,33.6,3-5 times/week,Average,8.3,9.0,No,High,1,2086.0,79.3,4.0,2,3,0,1,1
57.0,Other,170.8,63.0,21.6,3-5 times/week,Average,8.3,1.0,No,Low,0,2490.0,86.1,4.0,2,1,0,0,2
30.0,Male,163.3,81.1,30.4,3-5 times/week,Average,9.7,9.0,Yes,High,0,3027.0,95.7,4.0,2,3,1,0,0
59.0,Other,162.4,79.9,30.3,3-5 times/week,Poor,8.4,8.0,Yes,Low,0,2291.0,98.7,4.0,1,1,1,0,2
40.0,Female,159.0,67.0,26.5,3-5 times/week,Excellent,8.4,6.0,No,High,0,1873.0,42.2,4.0,4,3,0,0,1
45.0,Female,154.3,40.5,17.0,3-5 times/week,Good,7.3,6.0,No,Low,0,1827.0,50.7,4.0,3,1,0,0,1
66.0,Male,177.6,75.1,23.8,1-2 times/week,Excellent,6.4,6.0,Yes,Low,0,2154.0,51.0,1.5,4,1,1,0,0
46.0,Male,171.2,102.3,34.9,3-5 times/week,Good,8.0,5.0,No,Low,0,2545.0,70.7,4.0,3,1,0,0,0
32.0,Male,181.8,113.0,34.2,1-2 times/week,Average,5.4,10.0,Yes,Low,0,2841.0,107.1,1.5,2,1,1,0,0
36.0,Male,174.6,85.1,27.9,3-5 times/week,Excellent,6.5,5.0,No,Moderate,1,2281.0,56.5,4.0,4,2,0,1,0
61.0,Female,162.5,39.6,15.0,3-5 times/week,Excellent,7.7,1.0,No,Moderate,0,1684.0,52.4,4.0,4,2,0,0,1
60.0,Female,166.6,97.1,35.0,1-2 times/week,Poor,6.3,4.0,No,Moderate,0,2259.0,93.2,1.5,1,2,0,0,1
53.0,Male,167.6,78.7,28.0,3-5 times/week,Poor,7.7,4.0,No,High,0,2746.0,109.4,4.0,1,3,0,0,0
46.0,Female,166.5,90.4,32.6,3-5 times/week,Good,6.5,10.0,Yes,Low,0,2012.0,61.6,4.0,3,1,1,0,1
36.0,Other,158.7,75.8,30.1,3-5 times/week,Good,6.9,5.0,Yes,Low,0,1911.0,47.8,4.0,3,1,1,0,2
27.0,Female,157.5,73.2,29.5,3-5 times/week,Average,7.2,3.0,No,Moderate,0,2340.0,88.5,4.0,2,2,0,0,1
40.0,Male,180.8,61.8,18.9,3-5 times/week,Good,7.2,4.0,Yes,Low,0,1941.0,45.7,4.0,3,1,1,0,0
43.0,Male,181.6,93.0,28.2,1-2 times/week,Poor,6.4,6.0,No,Low,0,2655.0,112.7,1.5,1,1,0,0,0
32.0,Other,172.7,74.3,24.9,3-5 times/week,Poor,7.2,9.0,No,Moderate,0,2932.0,120.0,4.0,1,2,0,0,2
36.0,Female,149.5,60.3,27.0,3-5 times/week,Good,7.7,8.0,No,Low,0,1707.0,46.2,4.0,3,1,0,0,1
37.0,Female,158.3,56.4,22.5,3-5 times/week,Good,6.3,9.0,No,None,0,2203.0,63.0,4.0,3,0,0,0,1
43.0,Male,179.8,75.3,23.3,3-5 times/week,Excellent,6.0,6.0,Yes,None,0,1849.0,46.7,4.0,4,0,1,0,0
42.0,Female,164.0,61.6,22.9,1-2 times/week,Good,7.2,3.0,Yes,Low,0,2346.0,71.2,1.5,3,1,1,0,1
47.0,Male,174.3,95.1,31.3,3-5 times/week,Poor,7.8,4.0,Yes,Low,0,2943.0,125.2,4.0,1,1,1,0,0
62.0,Male,164.2,93.6,34.7,1-2 times/week,Average,5.5,3.0,No,High,1,2547.0,84.0,1.5,2,3,0,1,0
29.0,Other,169.9,88.3,30.6,3-5 times/week,Good,6.0,3.0,No,Low,0,2181.0,73.6,4.0,3,1,0,0,2
36.0,Male,163.9,95.4,35.5,3-5 times/week,Good,7.0,2.0,Yes,Moderate,0,2532.0,67.3,4.0,3,2,1,0,0
59.0,Male,172.6,115.9,38.9,Daily,Poor,7.9,3.0,No,High,0,3128.0,127.2,7.0,1,3,0,0,0
40.0,Female,147.5,69.0,31.7,Daily,Poor,7.5,3.0,Yes,High,1,2415.0,62.9,7.0,1,3,1,1,1
44.0,Female,161.2,69.1,26.6,3-5 times/week,Poor,6.9,5.0,No,Low,0,2944.0,127.6,4.0,1,1,0,0,1
26.0,Other,161.8,49.7,19.0,3-5 times/week,Good,6.6,6.0,Yes,Low,0,1743.0,44.8,4.0,3,1,1,0,2
61.0,Female,167.8,69.5,24.7,3-5 times/week,Good,6.2,1.0,No,Low,0,1730.0,52.6,4.0,3,1,0,0,1
51.0,Female,164.8,81.5,30.0,3-5 times/week,Average,7.1,4.0,Yes,Moderate,1,2164.0,78.3,4.0,2,2,1,1,1
24.0,Male,173.9,98.9,32.7,3-5 times/week,Poor,5.7,10.0,No,Low,0,3352.0,146.6,4.0,1,1,0,0,0
35.0,Female,166.9,45.1,16.2,3-5 times/week,Good,5.1,5.0,No,Moderate,0,2033.0,61.2,4.0,3,2,0,0,1
42.0,Other,191.3,128.1,35.0,None,Poor,6.5,7.0,Yes,Moderate,1,2957.0,125.6,0.0,1,2,1,1,2
60.0,Female,156.7,82.3,33.5,3-5 times/week,Average,6.0,9.0,Yes,Low,0,2048.0,80.2,4.0,2,1,1,0,1
34.0,Female,154.8,71.4,29.8,None,Good,7.9,4.0,Yes,High,0,2231.0,69.3,0.0,3,3,1,0,1
22.0,Female,164.4,40.5,15.0,Daily,Excellent,7.0,5.0,No,Low,1,2493.0,63.8,7.0,4,1,0,1,1
29.0,Female,145.0,39.1,18.6,None,Good,8.1,3.0,No,Low,1,2006.0,67.3,0.0,3,1,0,1,1
31.0,Other,167.8,56.9,20.2,Daily,Good,7.1,8.0,No,Low,0,2432.0,69.0,7.0,3,1,0,0,2
41.0,Other,162.9,93.9,35.4,3-5 times/week,Poor,6.0,2.0,No,Moderate,0,2943.0,130.0,4.0,1,2,0,0,2
30.0,Male,170.0,83.5,28.9,Daily,Excellent,4.7,10.0,Yes,Low,0,3310.0,145.4,7.0,4,1,1,0,0
41.0,Male,170.5,54.4,18.7,3-5 times/week,Good,6.0,10.0,No,Moderate,1,2113.0,58.2,4.0,3,2,0,1,0
56.0,Male,173.4,82.4,27.4,Daily,Average,6.7,2.0,Yes,Low,1,2906.0,103.4,7.0,2,1,1,1,0
26.0,Male,170.6,85.9,29.5,1-2 times/week,Good,6.8,3.0,Yes,High,0,3336.0,120.2,1.5,3,3,1,0,0
20.0,Female,157.9,80.3,32.2,Daily,Good,7.0,7.0,No,High,1,2690.0,82.5,7.0,3,3,0,1,1
64.0,Female,170.0,97.7,33.8,Daily,Average,6.2,7.0,Yes,Low,0,2186.0,67.8,7.0,2,1,1,0,1
49.0,Female,171.7,106.7,36.2,3-5 times/week,Good,5.1,2.0,Yes,Low,0,2321.0,66.4,4.0,3,1,1,0,1
27.0,Other,157.0,37.0,15.0,3-5 times/week,Excellent,7.1,3.0,No,Low,0,1617.0,36.3,4.0,4,1,0,0,2
47.0,Other,178.4,80.5,25.3,3-5 times/week,Good,6.8,6.0,Yes,Moderate,0,2296.0,77.6,4.0,3,2,1,0,2
22.0,Female,160.3,53.4,20.8,1-2 times/week,Good,7.5,2.0,Yes,Low,0,1952.0,52.2,1.5,3,1,1,0,1
46.0,Other,169.4,94.4,32.9,1-2 times/week,Poor,6.9,10.0,No,Low,0,3277.0,132.7,1.5,1,1,0,0,2
60.0,Male,187.7,126.1,35.8,3-5 times/week,Average,7.2,10.0,Yes,Low,0,2545.0,85.6,4.0,2,1,1,0,0
52.0,Male,167.4,84.3,30.1,1-2 times/week,Good,7.0,8.0,No,High,0,2782.0,78.0,1.5,3,3,0,0,0
57.0,Male,152.6,85.7,36.8,3-5 times/week,Good,7.4,1.0,Yes,High,0,2142.0,83.6,4.0,3,3,1,0,0
58.0,Female,164.3,93.4,34.6,1-2 times/week,Poor,8.7,1.0,No,High,0,2959.0,130.8,1.5,1,3,0,0,1
19.0,Female,165.1,91.9,33.7,1-2 times/week,Excellent,5.5,7.0,No,High,0,1812.0,50.3,1.5,4,3,0,0,1
32.0,Other,157.4,61.9,25.0,1-2 times/week,Average,5.7,9.0,No,High,0,2299.0,96.9,1.5,2,3,0,0,2
35.0,Female,169.1,79.2,27.7,3-5 times/week,Good,6.2,2.0,No,Moderate,0,2156.0,61.9,4.0,3,2,0,0,1
36.0,Male,176.2,67.1,21.6,Daily,Excellent,6.5,8.0,No,High,0,2701.0,51.6,7.0,4,3,0,0,0
48.0,Female,149.4,69.2,31.0,1-2 times/week,Average,7.5,5.0,No,Low,0,1914.0,71.4,1.5,2,1,0,0,1
34.0,Male,173.4,48.7,16.2,Daily,Poor,9.3,7.0,No,Low,0,2261.0,59.5,7.0,1,1,0,0,0
38.0,Male,179.2,104.4,32.5,Daily,Poor,5.3,1.0,No,Moderate,0,3429.0,151.2,7.0,1,2,0,0,0
43.0,Male,168.5,101.1,35.6,1-2 times/week,Average,5.5,6.0,No,Moderate,1,3072.0,109.1,1.5,2,2,0,1,0
56.0,Male,169.9,91.8,31.8,3-5 times/week,Excellent,7.3,7.0,Yes,High,0,2596.0,69.3,4.0,4,3,1,0,0
21.0,Female,169.5,87.6,30.5,3-5 times/week,Poor,7.0,7.0,No,Moderate,0,2657.0,111.2,4.0,1,2,0,0,1
19.0,Male,169.2,63.8,22.3,1-2 times/week,Good,6.4,9.0,No,High,0,2694.0,61.5,1.5,3,3,0,0,0
67.0,Female,156.7,78.1,31.8,3-5 times/week,Excellent,6.8,2.0,No,Low,0,1236.0,33.5,4.0,4,1,0,0,1
45.0,Male,183.6,69.4,20.6,3-5 times/week,Excellent,7.0,6.0,No,Low,0,2364.0,57.4,4.0,4,1,0,0,0
57.0,Other,162.3,43.5,16.5,3-5 times/week,Excellent,8.3,4.0,No,Low,0,1871.0,49.1,4.0,4,1,0,0,2
42.0,Female,169.3,49.3,17.2,Daily,Good,6.9,2.0,No,Moderate,1,2039.0,57.6,7.0,3,2,0,1,1
40.0,Female,162.6,80.9,30.6,None,Good,8.9,10.0,No,Low,1,1376.0,24.8,0.0,3,1,0,1,1
28.0,Male,182.2,123.5,37.2,3-5 times/week,Poor,6.0,5.0,No,High,0,3333.0,143.1,4.0,1,3,0,0,0
33.0,Male,167.8,88.7,31.5,3-5 times/week,Average,6.9,7.0,No,Low,0,2589.0,86.3,4.0,2,1,0,0,0
27.0,Other,162.5,42.2,16.0,1-2 times/week,Good,6.8,1.0,No,Low,0,2201.0,72.5,1.5,3,1,0,0,2
47.0,Female,159.5,110.9,43.6,3-5 times/week,Poor,6.9,5.0,No,High,1,3096.0,120.6,4.0,1,3,0,1,1
35.0,Male,163.8,94.4,35.2,3-5 times/week,Poor,7.3,9.0,No,High,0,3969.0,173.3,4.0,1,3,0,0,0
43.0,Other,174.4,92.8,30.5,Daily,Good,7.0,8.0,No,High,1,2777.0,76.2,7.0,3,3,0,1,2
40.0,Other,153.3,65.1,27.7,1-2 times/week,Good,8.2,6.0,Yes,High,1,2329.0,66.3,1.5,3,3,1,1,2
35.0,Male,180.7,66.3,20.3,Daily,Good,8.5,4.0,No,Low,1,3110.0,115.7,7.0,3,1,0,1,0
30.0,Male,188.2,140.3,39.6,1-2 times/week,Excellent,6.7,8.0,No,High,0,3217.0,71.3,1.5,4,3,0,0,0
38.0,Male,164.9,69.1,25.4,3-5 times/week,Excellent,7.0,9.0,Yes,Low,0,1513.0,41.1,4.0,4,1,1,0,0
46.0,Male,165.2,72.3,26.5,3-5 times/week,Excellent,7.0,4.0,No,High,0,2480.0,56.0,4.0,4,3,0,0,0
57.0,Female,169.5,91.6,31.9,Daily,Good,6.9,10.0,Yes,Low,0,1963.0,62.5,7.0,3,1,1,0,1
35.0,Male,171.4,80.2,27.3,3-5 times/week,Poor,7.3,9.0,Yes,Moderate,0,3241.0,137.1,4.0,1,2,1,0,0
30.0,Male,176.9,76.7,24.5,Daily,Excellent,8.8,9.0,Yes,Low,0,2663.0,68.2,7.0,4,1,1,0,0
21.0,Male,160.6,89.2,34.6,1-2 times/week,Average,8.1,10.0,No,High,0,3030.0,110.6,1.5,2,3,0,0,0
61.0,Female,147.7,51.5,23.6,Daily,Poor,6.9,9.0,No,Low,1,2460.0,96.4,7.0,1,1,0,1,1
68.0,Male,166.9,66.0,23.7,3-5 times/week,Excellent,7.5,9.0,Yes,Moderate,0,2477.0,64.2,4.0,4,2,1,0,0
27.0,Other,167.0,109.3,39.2,3-5 times/week,Poor,9.3,1.0,No,High,1,2964.0,122.9,4.0,1,3,0,1,2
54.0,Male,166.0,102.8,37.3,3-5 times/week,Average,7.3,8.0,No,High,0,2701.0,94.3,4.0,2,3,0,0,0
33.0,Other,158.6,62.4,24.8,1-2 times/week,Excellent,5.6,4.0,No,Low,1,1854.0,35.6,1.5,4,1,0,1,2
30.0,Female,169.9,57.4,19.9,3-5 times/week,Excellent,7.5,8.0,Yes,Low,0,2313.0,62.1,4.0,4,1,1,0,1
49.0,Other,164.0,77.5,28.8,3-5 times/week,Excellent,5.8,9.0,No,Moderate,0,2186.0,50.0,4.0,4,2,0,0,2
49.0,Other,177.3,111.0,35.3,3-5 times/week,Good,6.3,7.0,Yes,Low,0,1798.0,45.7,4.0,3,1,1,0,2
34.0,Male,154.4,53.9,44.3,3-5 times/week,Excellent,7.2,8.0,Yes,Low,0,1945.0,42.7,4.0,4,1,1,0,0
32.0,Other,159.5,56.0,22.0,3-5 times/week,Excellent,8.4,7.0,No,Moderate,0,1733.0,36.1,4.0,4,2,0,0,2
62.0,Female,152.4,48.1,20.7,3-5 times/week,Excellent,8.0,1.0,No,Moderate,0,1650.0,47.7,4.0,4,2,0,0,1
31.0,Other,174.8,77.6,25.4,3-5 times/week,Poor,9.4,7.0,No,Low,0,2836.0,115.4,4.0,1,1,0,0,2
38.0,Male,180.7,89.8,27.5,3-5 times/week,Good,5.8,6.0,No,Low,0,2278.0,70.5,4.0,3,1,0,0,0
39.0,Male,179.2,122.0,38.0,3-5 times/week,Average,7.8,5.0,No,Low,0,2561.0,94.3,4.0,2,1,0,0,0
55.0,Other,173.7,105.9,35.1,3-5 times/week,Poor,7.0,6.0,No,Low,0,2960.0,132.4,4.0,1,1,0,0,2
59.0,Other,167.9,50.5,17.9,Daily,Excellent,7.0,5.0,No,Low,0,2326.0,63.1,7.0,4,1,0,0,2
58.0,Female,146.7,37.4,17.4,1-2 times/week,Excellent,6.2,3.0,No,Low,0,1622.0,35.2,1.5,4,1,0,0,1
54.0,Female,165.1,57.8,21.2,1-2 times/week,Excellent,8.5,1.0,No,Low,0,1674.0,44.5,1.5,4,1,0,0,1
60.0,Female,170.1,85.4,29.5,3-5 times/week,Excellent,5.7,3.0,Yes,Low,0,1947.0,54.5,4.0,4,1,1,0,1
66.0,Female,168.4,94.7,33.4,1-2 times/week,Good,6.1,4.0,No,High,0,2410.0,64.4,1.5,3,3,0,0,1
31.0,Other,163.2,106.0,39.8,3-5 times/week,Poor,6.4,8.0,Yes,High,1,3261.0,131.1,4.0,1,3,1,1,2
37.0,Other,172.1,90.0,30.4,3-5 times/week,Poor,8.7,7.0,Yes,High,0,3635.0,149.4,4.0,1,3,1,0,2
64.0,Other,159.1,77.7,30.7,3-5 times/week,Average,6.3,6.0,Yes,Low,0,1996.0,73.1,4.0,2,1,1,0,2
48.0,Male,167.4,79.9,28.5,3-5 times/week,Average,7.0,10.0,No,Moderate,0,2805.0,91.3,4.0,2,2,0,0,0
69.0,Female,162.9,74.3,28.0,3-5 times/week,Good,4.8,8.0,Yes,Moderate,0,2331.0,71.4,4.0,3,2,1,0,1
41.0,Male,173.0,79.3,26.5,3-5 times/week,Good,8.2,5.0,No,High,0,2892.0,92.9,4.0,3,3,0,0,0
32.0,Other,172.6,87.9,29.5,1-2 times/week,Excellent,6.9,6.0,No,Moderate,0,2199.0,57.1,1.5,4,2,0,0,2
25.0,Male,171.9,59.7,20.2,3-5 times/week,Good,7.0,9.0,No,Low,0,2761.0,74.6,4.0,3,1,0,0,0
29.0,Female,156.8,74.7,30.4,1-2 times/week,Poor,6.2,1.0,No,High,0,3050.0,129.3,1.5,1,3,0,0,1
51.0,Female,161.1,95.2,36.7,3-5 times/week,Poor,7.0,1.0,No,Moderate,0,2645.0,110.4,4.0,1,2,0,0,1
51.0,Male,171.8,86.5,29.3,3-5 times/week,Good,8.8,10.0,No,Moderate,0,2464.0,83.5,4.0,3,2,0,0,0
57.0,Male,156.5,62.2,25.4,3-5 times/week,Good,7.3,10.0,No,Moderate,0,2364.0,58.9,4.0,3,2,0,0,0
57.0,Male,173.9,67.4,22.3,3-5 times/week,Excellent,6.6,9.0,Yes,Low,0,2313.0,52.3,4.0,4,1,1,0,0
39.0,Male,170.5,92.4,31.8,3-5 times/week,Good,6.5,1.0,No,Low,0,2834.0,79.9,4.0,3,1,0,0,0
35.0,Female,156.6,85.6,34.9,3-5 times/week,Average,8.0,10.0,No,Low,1,2017.0,64.8,4.0,2,1,0,1,1
34.0,Female,169.0,83.1,29.1,3-5 times/week,Average,5.6,1.0,Yes,Moderate,0,2780.0,99.0,4.0,2,2,1,0,1
44.0,Male,162.5,76.0,28.8,1-2 times/week,Poor,6.9,7.0,No,Low,0,3298.0,138.1,1.5,1,1,0,0,0
18.0,Female,163.0,83.4,31.4,3-5 times/week,Poor,7.4,6.0,No,Moderate,0,2560.0,98.2,4.0,1,2,0,0,1
19.0,Other,163.0,60.0,22.6,3-5 times/week,Good,7.8,9.0,Yes,Low,0,2249.0,63.6,4.0,3,1,1,0,2
56.0,Male,184.1,82.4,24.3,3-5 times/week,Good,6.0,10.0,No,Low,1,2823.0,104.1,4.0,3,1,0,1,0
50.0,Other,163.0,47.0,17.7,Daily,Average,7.9,9.0,No,Low,0,2825.0,99.1,7.0,2,1,0,0,2
51.0,Other,156.0,36.5,15.0,Daily,Excellent,6.1,2.0,No,Low,1,2054.0,52.9,7.0,4,1,0,1,2
63.0,Male,164.9,77.0,28.3,1-2 times/week,Excellent,8.8,10.0,Yes,Low,0,2442.0,55.7,1.5,4,1,1,0,0
66.0,Male,179.7,76.5,23.7,Daily,Good,7.0,8.0,No,Low,0,2662.0,76.1,7.0,3,1,0,0,0
58.0,Other,178.3,112.5,35.4,1-2 times/week,Good,7.8,6.0,No,High,0,2471.0,64.5,1.5,3,3,0,0,2
63.0,Male,169.2,69.0,24.1,Daily,Excellent,6.0,7.0,No,High,0,2780.0,74.4,7.0,4,3,0,0,0
38.0,Other,146.2,72.5,33.9,Daily,Average,7.7,6.0,No,Low,0,2917.0,98.7,7.0,2,1,0,0,2
22.0,Male,168.8,87.5,30.7,3-5 times/week,Excellent,5.1,2.0,No,Low,0,2415.0,63.7,4.0,4,1,0,0,0
39.0,Other,161.3,93.4,35.9,Daily,Good,8.6,7.0,No,High,1,2402.0,69.7,7.0,3,3,0,1,2
62.0,Male,175.8,99.5,32.2,3-5 times/week,Good,4.8,1.0,No,Moderate,1,2918.0,78.0,4.0,3,2,0,1,0
29.0,Male,180.7,124.7,38.2,1-2 times/week,Poor,7.2,7.0,No,Low,1,3505.0,153.8,1.5,1,1,0,1,0
68.0,Male,180.8,90.5,27.7,3-5 times/week,Good,8.8,7.0,No,Low,0,2554.0,75.7,4.0,3,1,0,0,0
56.0,Other,160.7,52.2,20.2,Daily,Poor,8.4,1.0,No,High,0,3347.0,151.8,7.0,1,3,0,0,2
28.0,Female,167.7,81.3,28.9,3-5 times/week,Good,6.5,1.0,No,Low,0,1957.0,44.5,4.0,3,1,0,0,1
33.0,Female,148.2,37.3,17.0,3-5 times/week,Poor,4.8,3.0,No,Low,0,2419.0,97.6,4.0,1,1,0,0,1
60.0,Male,183.4,107.6,32.0,3-5 times/week,Excellent,6.7,10.0,No,Low,0,2484.0,58.2,4.0,4,1,0,0,0
33.0,Other,160.1,60.7,23.7,3-5 times/week,Good,5.4,8.0,No,Low,0,1617.0,34.9,4.0,3,1,0,0,2
50.0,Male,174.0,46.0,15.2,Daily,Excellent,7.8,6.0,Yes,Low,0,2153.0,53.7,7.0,4,1,1,0,0
51.0,Male,171.4,50.2,17.1,Daily,Good,8.6,3.0,Yes,Low,0,2497.0,73.5,7.0,3,1,1,0,0
50.0,Female,164.7,68.9,25.4,1-2 times/week,Excellent,5.6,1.0,No,Low,1,1307.0,36.3,1.5,4,1,0,1,1
64.0,Other,151.2,49.2,21.5,3-5 times/week,Poor,7.9,6.0,No,Low,0,2594.0,114.0,4.0,1,1,0,0,2
65.0,Other,147.8,63.6,29.1,3-5 times/week,Good,6.4,1.0,Yes,Low,0,1640.0,40.1,4.0,3,1,1,0,2
38.0,Male,164.7,64.3,23.7,3-5 times/week,Average,7.2,6.0,No,Moderate,0,3105.0,132.4,4.0,2,2,0,0,0
26.0,Female,160.7,88.1,34.1,3-5 times/week,Poor,10.0,7.0,Yes,High,0,2924.0,123.4,4.0,1,3,1,0,1
61.0,Other,183.3,57.5,17.1,3-5 times/week,Excellent,8.9,4.0,No,Low,0,1242.0,31.7,4.0,4,1,0,0,2
53.0,Female,155.8,79.9,32.9,1-2 times/week,Poor,7.0,4.0,Yes,High,1,2512.0,97.8,1.5,1,3,1,1,1
20.0,Other,151.5,61.1,26.6,3-5 times/week,Good,6.3,2.0,No,High,0,2279.0,52.9,4.0,3,3,0,0,2
44.0,Female,164.2,40.4,15.0,3-5 times/week,Good,8.5,6.0,No,Low,0,1200.0,40.9,4.0,3,1,0,0,1
37.0,Male,166.2,68.5,24.8,3-5 times/week,Excellent,7.4,5.0,No,Low,0,2236.0,65.0,4.0,4,1,0,0,0
19.0,Other,171.2,67.1,22.9,Daily,Excellent,6.3,10.0,No,Low,0,2536.0,62.2,7.0,4,1,0,0,2
32.0,Other,177.3,82.7,26.3,3-5 times/week,Good,8.1,10.0,No,Low,0,2634.0,67.9,4.0,3,1,0,0,2
48.0,Other,164.0,63.2,23.5,Daily,Average,5.5,8.0,No,Low,0,2711.0,92.5,7.0,2,1,0,0,2
61.0,Female,145.9,44.7,21.0,3-5 times/week,Average,7.6,3.0,No,Low,0,1674.0,51.6,4.0,2,1,0,0,1
46.0,Female,162.8,39.8,15.0,3-5 times/week,Excellent,9.8,2.0,No,Low,0,1200.0,20.6,4.0,4,1,0,0,1
38.0,Other,160.1,85.4,33.3,1-2 times/week,Excellent,7.1,6.0,No,Low,0,2938.0,120.2,1.5,4,1,0,0,2
39.0,Male,160.6,58.0,22.5,1-2 times/week,Good,8.2,8.0,Yes,Low,1,3034.0,77.3,1.5,3,1,1,1,0
35.0,Female,168.4,88.2,31.1,3-5 times/week,Excellent,7.0,6.0,No,Low,0,1922.0,48.7,4.0,4,1,0,0,1
43.0,Male,165.1,73.6,27.0,Daily,Poor,7.8,5.0,No,Low,0,3004.0,125.4,7.0,1,1,0,0,0
41.0,Male,181.0,95.0,29.0,3-5 times/week,Poor,7.7,2.0,Yes,Moderate,0,3458.0,140.9,4.0,1,2,1,0,0
25.0,Female,152.6,35.6,15.3,1-2 times/week,Average,6.8,2.0,Yes,Low,0,1881.0,71.5,1.5,2,1,1,0,1
49.0,Other,175.4,72.0,23.4,1-2 times/week,Excellent,7.8,5.0,Yes,High,0,2734.0,61.0,1.5,4,3,1,0,2
55.0,Male,171.9,114.9,38.9,1-2 times/week,Average,6.6,9.0,No,High,0,3115.0,114.7,1.5,2,3,0,0,0
18.0,Other,167.5,81.4,29.0,Daily,Excellent,5.7,9.0,No,High,0,2464.0,65.0,7.0,4,3,0,0,2
43.0,Other,154.1,69.3,29.2,Daily,Good,5.3,5.0,No,Moderate,0,2887.0,94.0,7.0,3,2,0,0,2
61.0,Male,164.2,47.2,17.5,3-5 times/week,Good,7.1,9.0,No,Low,0,2082.0,57.0,4.0,3,1,0,0,0
65.0,Female,152.8,51.6,22.1,3-5 times/week,Good,6.3,1.0,No,Low,0,1977.0,65.1,4.0,3,1,0,0,1
25.0,Female,160.9,66.0,25.5,3-5 times/week,Good,8.2,5.0,No,Low,0,1954.0,49.6,4.0,3,1,0,0,1
69.0,Female,167.0,83.4,29.9,3-5 times/week,Good,8.1,6.0,No,Low,1,2017.0,53.7,4.0,3,1,0,1,1
24.0,Male,172.9,103.4,34.6,3-5 times/week,Poor,4.3,6.0,No,Low,0,3301.0,140.3,4.0,1,1,0,0,0
69.0,Female,156.0,59.1,24.3,3-5 times/week,Poor,7.3,7.0,No,Moderate,0,2290.0,87.5,4.0,1,2,0,0,1
31.0,Other,162.6,75.9,28.7,3-5 times/week,Average,4.1,1.0,No,Low,0,2395.0,88.6,4.0,2,1,0,0,2
57.0,Other,166.1,73.1,26.5,Daily,Good,7.9,4.0,No,High,0,3129.0,85.6,7.0,3,3,0,0,2
36.0,Other,163.6,74.7,27.9,3-5 times/week,Good,5.6,2.0,No,Low,0,2187.0,65.3,4.0,3,1,0,0,2
23.0,Other,147.8,64.2,29.4,3-5 times/week,Excellent,7.5,6.0,No,High,1,2303.0,55.8,4.0,4,3,0,1,2
51.0,Other,163.5,49.5,18.5,Daily,Excellent,8.9,5.0,Yes,Low,0,1720.0,30.6,7.0,4,1,1,0,2
35.0,Other,175.7,92.9,30.1,1-2 times/week,Good,6.5,2.0,No,Moderate,0,2241.0,69.2,1.5,3,2,0,0,2
27.0,Female,163.9,59.6,22.2,3-5 times/week,Excellent,7.5,3.0,Yes,High,0,2058.0,53.2,4.0,4,3,1,0,1
33.0,Male,185.2,115.2,33.6,1-2 times/week,Average,5.4,8.0,Yes,Moderate,0,2950.0,110.2,1.5,2,2,1,0,0
38.0,Female,168.4,70.9,25.0,1-2 times/week,Excellent,6.1,2.0,Yes,Low,1,1529.0,33.5,1.5,4,1,1,1,1
69.0,Other,159.4,61.5,24.2,Daily,Good,7.0,2.0,Yes,Low,0,2312.0,68.2,7.0,3,1,1,0,2
49.0,Female,155.3,75.5,31.3,3-5 times/week,Good,8.5,2.0,No,Low,1,2027.0,55.9,4.0,3,1,0,1,1
48.0,Male,176.7,115.2,36.9,3-5 times/week,Good,7.0,3.0,No,High,0,2657.0,68.4,4.0,3,3,0,0,0
57.0,Male,171.0,93.9,32.1,1-2 times/week,Good,5.8,4.0,No,Low,0,2606.0,105.1,1.5,3,1,0,0,0
41.0,Male,164.5,80.4,29.7,Daily,Good,7.1,9.0,No,High,0,2805.0,75.9,7.0,3,3,0,0,0
53.0,Female,160.2,75.5,29.4,3-5 times/week,Good,5.4,6.0,No,Low,1,1200.0,36.8,4.0,3,1,0,1,1
65.0,Female,177.6,63.1,20.0,3-5 times/week,Good,6.9,7.0,Yes,Low,1,1200.0,24.3,4.0,3,1,1,1,1
33.0,Female,152.0,61.0,26.4,3-5 times/week,Excellent,6.9,3.0,No,High,0,2237.0,47.7,4.0,4,3,0,0,1
65.0,Other,160.5,80.1,31.1,3-5 times/week,Average,6.0,7.0,No,Moderate,1,2667.0,93.9,4.0,2,2,0,1,2
38.0,Other,167.9,59.8,21.2,Daily,Excellent,6.3,5.0,No,Moderate,0,2717.0,67.9,7.0,4,2,0,0,2
44.0,Male,173.5,102.9,34.2,3-5 times/week,Excellent,5.2,1.0,Yes,Low,0,2269.0,57.5,4.0,4,1,1,0,0
33.0,Other,163.7,56.0,20.9,1-2 times/week,Average,6.3,1.0,No,Moderate,0,2572.0,88.0,1.5,2,2,0,0,2
46.0,Female,165.4,64.8,23.7,Daily,Good,7.1,8.0,Yes,Low,0,2166.0,79.1,7.0,3,1,1,0,1
22.0,Male,173.6,88.6,29.4,1-2 times/week,Average,6.9,3.0,Yes,Low,0,2737.0,93.8,1.5,2,1,1,0,0
34.0,Other,154.7,42.4,17.7,Daily,Good,7.5,5.0,No,Low,0,2203.0,57.1,7.0,3,1,0,0,2
58.0,Female,154.5,52.5,22.0,1-2 times/week,Good,6.8,3.0,No,Low,0,1816.0,54.3,1.5,3,1,0,0,1
20.0,Female,160.9,61.1,23.6,3-5 times/week,Poor,7.3,4.0,Yes,Moderate,0,2946.0,125.3,4.0,1,2,1,0,1
69.0,Female,155.3,77.9,32.3,1-2 times/week,Average,5.5,7.0,No,Low,0,2015.0,79.7,1.5,2,1,0,0,1
41.0,Female,169.9,69.3,24.0,3-5 times/week,Good,5.1,9.0,Yes,Low,0,2114.0,62.4,4.0,3,1,1,0,1
39.0,Male,161.4,50.8,19.5,Daily,Excellent,6.3,9.0,No,Moderate,0,1428.0,35.3,7.0,4,2,0,0,0
54.0,Female,174.2,45.5,15.0,3-5 times/week,Good,6.6,5.0,Yes,Low,0,1517.0,52.2,4.0,3,1,1,0,1
63.0,Other,165.5,67.9,24.8,3-5 times/week,Good,8.1,5.0,Yes,Low,0,2348.0,59.0,4.0,3,1,1,0,2
61.0,Female,171.7,58.7,19.9,Daily,Good,5.2,4.0,No,High,0,2162.0,66.6,7.0,3,3,0,0,1
61.0,Female,163.9,80.1,29.8,1-2 times/week,Average,6.2,5.0,No,High,1,2221.0,78.3,1.5,2,3,0,1,1
58.0,Other,162.3,75.3,28.6,3-5 times/week,Poor,9.3,7.0,Yes,Low,0,2611.0,121.2,4.0,1,1,1,0,2
39.0,Female,161.9,87.5,33.4,3-5 times/week,Good,5.9,10.0,No,Low,0,1980.0,65.2,4.0,3,1,0,0,1
61.0,Male,169.1,110.7,38.7,None,Poor,8.2,9.0,Yes,Low,1,3109.0,140.0,0.0,1,1,1,1,0
25.0,Other,169.9,85.2,29.5,3-5 times/week,Average,5.6,9.0,No,High,0,2805.0,106.4,4.0,2,3,0,0,2
66.0,Male,156.4,72.6,29.7,3-5 times/week,Good,8.1,7.0,Yes,None,0,2801.0,80.8,4.0,3,0,1,0,0
35.0,Male,185.7,89.0,25.8,3-5 times/week,Good,7.0,5.0,No,High,0,3247.0,99.1,4.0,3,3,0,0,0
20.0,Female,162.7,64.1,24.2,None,Excellent,6.0,8.0,No,High,0,2151.0,55.7,0.0,4,3,0,0,1
41.0,Female,149.2,57.7,25.9,1-2 times/week,Excellent,8.3,1.0,No,Low,0,1787.0,48.3,1.5,4,1,0,0,1
20.0,Female,159.8,53.4,20.9,3-5 times/week,Good,7.5,8.0,Yes,High,0,2259.0,61.6,4.0,3,3,1,0,1
42.0,Other,164.8,47.5,17.5,Daily,Excellent,7.7,4.0,No,High,0,2583.0,63.3,7.0,4,3,0,0,2
31.0,Male,168.1,107.9,38.2,3-5 times/week,Good,5.1,2.0,No,Low,1,2693.0,74.5,4.0,3,1,0,1,0
61.0,Male,175.8,97.4,31.5,Daily,Poor,6.4,7.0,No,Low,0,3115.0,137.3,7.0,1,1,0,0,0
41.0,Other,161.8,43.7,16.7,Daily,Excellent,5.3,4.0,No,Low,0,2248.0,54.4,7.0,4,1,0,0,2
34.0,Female,145.0,63.3,30.1,1-2 times/week,Excellent,5.4,4.0,No,High,0,2104.0,53.6,1.5,4,3,0,0,1
59.0,Female,172.8,70.8,23.7,1-2 times/week,Excellent,7.1,10.0,No,Low,0,1711.0,35.0,1.5,4,1,0,0,1
24.0,Female,165.4,51.2,18.7,3-5 times/week,Excellent,6.9,9.0,No,Moderate,0,2172.0,40.0,4.0,4,2,0,0,1
54.0,Female,168.5,65.0,22.9,1-2 times/week,Excellent,4.3,6.0,Yes,Moderate,0,2492.0,54.6,1.5,4,2,1,0,1
67.0,Male,176.9,112.0,35.8,1-2 times/week,Good,4.6,1.0,Yes,High,0,2828.0,77.4,1.5,3,3,1,0,0
52.0,Female,162.9,46.7,17.6,Daily,Average,6.1,3.0,No,High,0,2298.0,79.7,7.0,2,3,0,0,1
48.0,Female,161.2,58.5,22.5,3-5 times/week,Excellent,8.9,6.0,Yes,Low,0,1537.0,38.2,4.0,4,1,1,0,1
29.0,Other,161.3,59.1,22.7,3-5 times/week,Good,7.8,2.0,No,Low,0,1651.0,57.3,4.0,3,1,0,0,2
19.0,Female,158.7,62.2,24.7,Daily,Good,5.5,5.0,No,Low,1,1579.0,50.6,7.0,3,1,0,1,1
22.0,Female,154.9,67.7,28.2,1-2 times/week,Average,7.3,3.0,No,Moderate,0,2650.0,93.1,1.5,2,2,0,0,1
47.0,Female,161.9,84.4,32.2,1-2 times/week,Average,8.1,8.0,Yes,Low,0,1960.0,70.8,1.5,2,1,1,0,1
67.0,Female,158.8,59.0,23.4,3-5 times/week,Good,8.0,3.0,No,Low,0,1541.0,52.4,4.0,3,1,0,0,1
39.0,Female,167.5,76.9,27.4,3-5 times/week,Average,7.5,9.0,No,High,0,2424.0,82.2,4.0,2,3,0,0,1
62.0,Other,170.5,66.6,22.9,3-5 times/week,Average,6.8,7.0,No,Low,0,2291.0,86.6,4.0,2,1,0,0,2
57.0,Female,159.1,68.1,26.9,3-5 times/week,Good,7.0,5.0,No,High,0,2121.0,59.0,4.0,3,3,0,0,1
47.0,Other,156.3,70.8,29.0,3-5 times/week,Average,7.4,10.0,No,Low,0,2787.0,117.8,4.0,2,1,0,0,2
19.0,Other,175.5,108.7,35.3,3-5 times/week,Good,5.1,1.0,No,Low,0,2190.0,69.1,4.0,3,1,0,0,2
21.0,Male,166.9,69.6,25.0,Daily,Good,8.6,4.0,Yes,High,0,2551.0,74.5,7.0,3,3,1,0,0
54.0,Male,172.4,99.6,33.5,3-5 times/week,Average,6.1,8.0,No,Low,0,2856.0,105.0,4.0,2,1,0,0,0
42.0,Other,162.2,54.5,20.7,3-5 times/week,Good,7.5,1.0,No,Low,0,1691.0,60.5,4.0,3,1,0,0,2
69.0,Other,168.3,76.5,27.0,Daily,Average,6.9,7.0,No,Low,1,2481.0,71.5,7.0,2,1,0,1,2
64.0,Male,174.8,87.4,28.6,3-5 times/week,Good,7.8,3.0,No,Low,1,1965.0,61.3,4.0,3,1,0,1,0
54.0,Other,159.4,66.3,26.1,3-5 times/week,Poor,7.2,7.0,No,Low,1,2904.0,118.2,4.0,1,1,0,1,2
31.0,Female,154.9,88.1,36.7,3-5 times/week,Poor,6.4,7.0,No,Low,1,2309.0,108.0,4.0,1,1,0,1,1
69.0,Other,170.8,77.9,26.7,3-5 times/week,Good,7.0,5.0,Yes,Moderate,0,2512.0,93.1,4.0,3,2,1,0,2
31.0,Female,165.2,85.1,31.2,Daily,Poor,9.4,10.0,Yes,Low,0,2681.0,113.3,7.0,1,1,1,0,1
22.0,Female,162.8,93.8,35.4,3-5 times/week,Good,8.2,2.0,No,Low,0,1876.0,50.5,4.0,3,1,0,0,1
55.0,Other,167.3,107.8,38.5,3-5 times/week,Average,8.1,10.0,No,Low,0,2305.0,85.4,4.0,2,1,0,0,2
37.0,Female,162.8,61.0,23.0,3-5 times/week,Average,5.9,5.0,No,High,0,2371.0,95.0,4.0,2,3,0,0,1
26.0,Other,158.6,52.8,21.0,Daily,Poor,7.4,5.0,No,Low,1,2827.0,122.9,7.0,1,1,0,1,2
28.0,Female,163.7,87.4,32.6,3-5 times/week,Poor,7.7,9.0,Yes,Low,0,2663.0,108.1,4.0,1,1,1,0,1
33.0,Male,159.6,70.0,27.5,1-2 times/week,Excellent,7.7,5.0,Yes,Low,0,2054.0,54.2,1.5,4,1,1,0,0
37.0,Male,165.0,68.6,25.2,1-2 times/week,Good,8.7,6.0,No,Low,1,2518.0,72.7,1.5,3,1,0,1,0
49.0,Other,182.7,125.5,37.6,1-2 times/week,Poor,7.9,8.0,Yes,Moderate,0,3154.0,136.6,1.5,1,2,1,0,2
31.0,Other,165.6,87.2,31.8,3-5 times/week,Average,7.3,7.0,No,Moderate,0,2029.0,80.3,4.0,2,2,0,0,2
20.0,Other,161.5,39.1,15.0,3-5 times/week,Excellent,7.7,6.0,Yes,Low,0,2086.0,45.8,4.0,4,1,1,0,2
26.0,Female,165.8,69.5,25.3,1-2 times/week,Poor,7.9,1.0,Yes,Moderate,0,2461.0,101.3,1.5,1,2,1,0,1
39.0,Female,162.9,64.2,24.2,1-2 times/week,Good,6.2,1.0,No,Low,0,1699.0,49.5,1.5,3,1,0,0,1
56.0,Female,160.8,62.3,24.1,3-5 times/week,Good,8.9,6.0,No,Low,0,1322.0,45.3,4.0,3,1,0,0,1
26.0,Male,171.1,89.0,30.4,3-5 times/week,Average,6.4,6.0,No,Low,0,2986.0,111.3,4.0,2,1,0,0,0
63.0,Other,166.3,76.1,27.5,3-5 times/week,Excellent,5.8,9.0,Yes,Low,0,1455.0,29.3,4.0,4,1,1,0,2
27.0,Female,161.6,59.8,22.9,1-2 times/week,Good,4.7,5.0,No,Low,0,2016.0,60.2,1.5,3,1,0,0,1
24.0,Male,180.5,125.4,38.5,3-5 times/week,Poor,5.9,3.0,No,Moderate,0,3626.0,147.4,4.0,1,2,0,0,0
53.0,Other,167.0,57.5,20.6,3-5 times/week,Good,6.2,5.0,No,Moderate,0,2780.0,75.7,4.0,3,2,0,0,2
64.0,Male,174.6,100.3,32.9,Daily,Average,7.2,6.0,No,Low,1,3431.0,119.3,7.0,2,1,0,1,0
42.0,Other,166.7,63.1,22.7,3-5 times/week,Good,5.9,10.0,No,Low,0,2788.0,89.1,4.0,3,1,0,0,2
35.0,Other,159.3,107.3,42.3,3-5 times/week,Poor,9.7,10.0,No,High,0,3381.0,145.7,4.0,1,3,0,0,2
25.0,Other,160.7,58.4,22.6,3-5 times/week,Excellent,8.8,2.0,No,Moderate,0,2313.0,49.8,4.0,4,2,0,0,2
45.0,Female,166.6,64.9,23.4,3-5 times/week,Average,6.4,7.0,No,Low,0,1926.0,64.3,4.0,2,1,0,0,1
48.0,Other,176.1,56.1,18.1,3-5 times/week,Average,8.2,3.0,No,Low,0,2342.0,83.8,4.0,2,1,0,0,2
51.0,Other,171.3,105.1,35.8,1-2 times/week,Poor,8.5,5.0,Yes,Low,0,3244.0,134.2,1.5,1,1,1,0,2
46.0,Other,170.2,89.2,30.8,1-2 times/week,Excellent,5.8,1.0,Yes,High,0,2901.0,111.9,1.5,4,3,1,0,2
60.0,Female,157.8,66.5,26.7,Daily,Excellent,6.3,9.0,Yes,Low,1,1542.0,37.8,7.0,4,1,1,1,1
69.0,Female,157.1,45.2,18.3,Daily,Poor,5.7,5.0,No,Low,0,2810.0,115.8,7.0,1,1,0,0,1
49.0,Male,167.4,94.4,33.7,3-5 times/week,Poor,7.0,5.0,No,Low,0,3046.0,134.4,4.0,1,1,0,0,0
42.0,Female,161.5,71.7,27.5,3-5 times/week,Poor,6.7,5.0,No,Moderate,0,3044.0,133.4,4.0,1,2,0,0,1
22.0,Male,187.4,112.4,32.0,3-5 times/week,Good,9.3,8.0,No,High,0,2893.0,85.9,4.0,3,3,0,0,0
19.0,Other,158.6,64.9,25.8,3-5 times/week,Poor,6.0,3.0,Yes,High,0,2984.0,129.6,4.0,1,3,1,0,2
32.0,Male,183.7,51.6,15.3,3-5 times/week,Good,7.0,1.0,Yes,High,0,3110.0,91.6,4.0,3,3,1,0,0
20.0,Male,186.9,89.1,25.5,3-5 times/week,Average,6.5,5.0,No,Moderate,0,3253.0,116.5,4.0,2,2,0,0,0
60.0,Other,167.0,85.3,30.6,3-5 times/week,Excellent,7.0,10.0,No,Moderate,0,1761.0,48.6,4.0,4,2,0,0,2
52.0,Other,175.6,69.1,22.4,3-5 times/week,Good,7.4,6.0,No,Low,1,2132.0,69.5,4.0,3,1,0,1,2
48.0,Female,160.3,67.1,26.1,Daily,Good,6.8,1.0,No,High,0,2224.0,68.1,7.0,3,3,0,0,1
29.0,Female,159.0,57.4,22.7,3-5 times/week,Excellent,6.7,8.0,No,Low,0,1239.0,25.0,4.0,4,1,0,0,1
19.0,Female,162.8,85.6,32.3,3-5 times/week,Good,4.3,4.0,No,High,0,2473.0,66.2,4.0,3,3,0,0,1
33.0,Male,183.1,74.8,22.3,Daily,Good,4.4,2.0,No,Low,0,2610.0,87.6,7.0,3,1,0,0,0
47.0,Male,164.4,76.2,28.2,1-2 times/week,Average,7.0,6.0,No,Moderate,0,2762.0,102.4,1.5,2,2,0,0,0
64.0,Male,168.6,101.5,35.7,Daily,Average,5.7,6.0,No,Moderate,0,2524.0,90.5,7.0,2,2,0,0,0
41.0,Female,156.9,58.8,23.9,3-5 times/week,Excellent,6.8,6.0,No,High,0,2041.0,56.9,4.0,4,3,0,0,1
22.0,Female,179.6,109.7,34.0,3-5 times/week,Good,6.7,8.0,No,Low,0,2253.0,67.3,4.0,3,1,0,0,1
34.0,Female,158.0,83.1,33.3,3-5 times/week,Average,7.0,8.0,No,Low,0,2486.0,85.5,4.0,2,1,0,0,1
58.0,Other,159.5,84.2,33.1,1-2 times/week,Poor,5.6,8.0,No,Low,0,2281.0,107.5,1.5,1,1,0,0,2
27.0,Other,174.4,73.3,24.1,3-5 times/week,Excellent,6.1,6.0,No,Moderate,0,2560.0,71.6,4.0,4,2,0,0,2
34.0,Male,176.9,62.9,20.1,Daily,Poor,8.0,7.0,Yes,Low,0,2675.0,71.8,7.0,1,1,1,0,0
58.0,Female,163.9,80.1,29.8,3-5 times/week,Poor,5.6,9.0,Yes,High,0,2156.0,54.7,4.0,1,3,1,0,1
68.0,Other,154.2,76.8,32.3,1-2 times/week,Poor,5.2,6.0,No,High,0,3474.0,151.0,1.5,1,3,0,0,2
59.0,Male,172.7,95.1,31.9,3-5 times/week,Average,7.4,8.0,No,High,0,3194.0,113.2,4.0,2,3,0,0,0
45.0,Other,172.6,71.5,24.0,3-5 times/week,Poor,7.1,1.0,No,Low,0,2783.0,116.6,4.0,1,1,0,0,2
68.0,Female,153.7,57.9,24.5,3-5 times/week,Poor,7.9,6.0,No,Moderate,0,2427.0,106.1,4.0,1,2,0,0,1
20.0,Male,156.3,73.3,30.0,3-5 times/week,Average,10.0,10.0,No,Moderate,0,2898.0,96.0,4.0,2,2,0,0,0
24.0,Male,179.0,85.9,26.8,1-2 times/week,Excellent,5.1,8.0,No,Low,0,2221.0,60.1,1.5,4,1,0,0,0
57.0,Male,175.9,110.1,35.6,1-2 times/week,Average,6.9,4.0,Yes,Low,0,2926.0,109.5,1.5,2,1,1,0,0
55.0,Female,163.4,63.3,23.7,3-5 times/week,Poor,6.7,9.0,No,Low,0,2630.0,110.4,4.0,1,1,0,0,1
46.0,Other,182.5,100.6,30.2,3-5 times/week,Good,7.3,1.0,Yes,Low,0,2084.0,58.1,4.0,3,1,1,0,2
61.0,Male,169.4,80.1,27.9,3-5 times/week,Excellent,7.3,5.0,No,Moderate,0,2402.0,70.1,4.0,4,2,0,0,0
62.0,Male,170.8,81.1,27.8,Daily,Good,4.6,8.0,Yes,Moderate,0,2385.0,44.3,7.0,3,2,1,0,0
55.0,Female,163.1,93.6,35.2,3-5 times/week,Average,7.8,6.0,No,Moderate,1,2414.0,74.7,4.0,2,2,0,1,1
23.0,Other,159.7,74.7,29.3,1-2 times/week,Poor,6.6,3.0,No,Low,0,2869.0,118.3,1.5,1,1,0,0,2
26.0,Male,175.7,93.2,30.2,1-2 times/week,Average,7.4,10.0,No,Moderate,0,2597.0,82.6,1.5,2,2,0,0,0
38.0,Female,162.1,72.5,27.6,Daily,Poor,5.5,2.0,No,Low,0,2534.0,108.9,7.0,1,1,0,0,1
59.0,Male,175.6,107.6,34.9,3-5 times/week,Poor,7.7,4.0,No,High,0,3124.0,137.9,4.0,1,3,0,0,0
23.0,Female,156.3,74.5,30.5,3-5 times/week,Excellent,6.5,6.0,Yes,High,0,1621.0,39.2,4.0,4,3,1,0,1
57.0,Male,173.4,107.6,35.8,3-5 times/week,Poor,7.6,9.0,Yes,Low,0,2816.0,101.5,4.0,1,1,1,0,0
50.0,Male,174.9,66.1,21.6,3-5 times/week,Good,7.6,9.0,No,High,0,2787.0,76.8,4.0,3,3,0,0,0
48.0,Female,168.5,51.4,18.1,Daily,Excellent,7.0,6.0,No,Low,0,2063.0,45.3,7.0,4,1,0,0,1
39.0,Female,164.7,91.1,33.6,Daily,Poor,8.1,6.0,No,High,1,3401.0,140.1,7.0,1,3,0,1,1
42.0,Male,171.1,76.7,26.2,Daily,Average,7.8,7.0,No,Moderate,0,3386.0,127.6,7.0,2,2,0,0,0
19.0,Female,161.0,73.6,28.4,3-5 times/week,Average,8.4,6.0,Yes,Moderate,0,2143.0,72.8,4.0,2,2,1,0,1
69.0,Male,178.9,90.6,28.3,3-5 times/week,Poor,7.0,10.0,No,High,0,3030.0,133.2,4.0,1,3,0,0,0
67.0,Male,167.9,78.9,28.0,3-5 times/week,Good,7.6,6.0,Yes,High,0,2428.0,69.4,4.0,3,3,1,0,0
40.0,Other,174.9,71.9,23.5,1-2 times/week,Good,5.8,5.0,No,Moderate,1,2256.0,56.3,1.5,3,2,0,1,2
40.0,Male,167.9,69.6,24.7,3-5 times/week,Good,6.7,5.0,Yes,High,1,2680.0,76.1,4.0,3,3,1,1,0
67.0,Female,157.2,76.4,30.9,Daily,Good,6.9,6.0,No,Low,0,1905.0,66.2,7.0,3,1,0,0,1
26.0,Other,155.0,66.5,27.7,1-2 times/week,Good,7.3,7.0,No,Moderate,0,1786.0,53.7,1.5,3,2,0,0,2
25.0,Female,157.5,51.1,20.6,3-5 times/week,Good,7.5,6.0,No,Low,0,1541.0,40.8,4.0,3,1,0,0,1
48.0,Female,153.9,53.5,22.6,3-5 times/week,Excellent,6.4,5.0,Yes,High,0,1799.0,30.0,4.0,4,3,1,0,1
20.0,Female,166.8,75.4,27.1,1-2 times/week,Good,6.6,2.0,Yes,Low,0,2223.0,60.1,1.5,3,1,1,0,1
64.0,Male,159.0,62.9,24.9,3-5 times/week,Good,6.8,10.0,Yes,Moderate,0,2383.0,64.9,4.0,3,2,1,0,0
47.0,Other,171.8,110.1,37.3,1-2 times/week,Average,6.4,9.0,No,Low,0,2721.0,109.1,1.5,2,1,0,0,2
44.0,Male,173.9,76.8,25.4,3-5 times/week,Good,7.2,9.0,No,Moderate,0,2512.0,77.3,4.0,3,2,0,0,0
35.0,Other,165.8,84.1,30.6,None,Poor,7.6,5.0,Yes,Low,0,3090.0,124.9,0.0,1,1,1,0,2
42.0,Female,157.5,65.0,26.2,3-5 times/week,Excellent,5.2,5.0,Yes,Low,1,1536.0,39.8,4.0,4,1,1,1,1
67.0,Male,172.1,75.2,25.4,3-5 times/week,Good,8.1,4.0,No,High,0,2513.0,64.6,4.0,3,3,0,0,0
57.0,Female,161.2,95.4,36.7,3-5 times/week,Good,5.7,9.0,No,High,0,2243.0,72.2,4.0,3,3,0,0,1
39.0,Other,177.9,91.5,28.9,3-5 times/week,Good,6.5,6.0,No,Low,0,2223.0,62.9,4.0,3,1,0,0,2
47.0,Female,159.2,78.3,30.9,3-5 times/week,Good,8.5,6.0,Yes,Low,1,1838.0,42.0,4.0,3,1,1,1,1
37.0,Other,165.7,81.3,29.6,3-5 times/week,Poor,7.0,1.0,Yes,Low,0,2792.0,116.8,4.0,1,1,1,0,2
28.0,Female,166.9,63.0,22.6,3-5 times/week,Good,6.2,2.0,No,Low,0,2140.0,42.5,4.0,3,1,0,0,1
37.0,Female,154.9,73.7,30.7,1-2 times/week,Average,7.5,5.0,No,Low,0,1894.0,60.4,1.5,2,1,0,0,1
35.0,Male,173.6,117.8,39.1,3-5 times/week,Average,6.1,4.0,Yes,Moderate,0,3182.0,109.2,4.0,2,2,1,0,0
44.0,Other,145.0,31.5,15.0,Daily,Excellent,7.5,1.0,No,Low,1,1608.0,35.1,7.0,4,1,0,1,2
41.0,Other,168.2,88.6,31.3,1-2 times/week,Poor,9.1,1.0,No,Low,0,2985.0,128.5,1.5,1,1,0,0,2
39.0,Male,161.3,64.8,24.9,3-5 times/week,Average,6.9,6.0,No,Moderate,0,2511.0,95.5,4.0,2,2,0,0,0
47.0,Male,175.9,90.7,29.3,3-5 times/week,Average,8.6,9.0,No,Moderate,0,2822.0,103.1,4.0,2,2,0,0,0
43.0,Male,175.5,110.0,35.7,3-5 times/week,Excellent,7.1,8.0,Yes,High,1,3014.0,116.1,4.0,4,3,1,1,0
34.0,Female,159.4,76.2,30.0,3-5 times/week,Good,7.6,7.0,Yes,Low,1,1855.0,61.5,4.0,3,1,1,1,1
60.0,Other,174.4,67.8,22.3,3-5 times/week,Average,7.0,3.0,No,Low,0,2198.0,76.2,4.0,2,1,0,0,2
38.0,Male,172.2,67.9,22.9,1-2 times/week,Good,7.0,1.0,No,Low,0,2349.0,68.9,1.5,3,1,0,0,0
59.0,Male,175.1,85.5,27.9,3-5 times/week,Poor,5.9,5.0,No,Low,0,2788.0,119.8,4.0,1,1,0,0,0
41.0,Male,172.3,73.0,24.6,3-5 times/week,Average,4.8,8.0,Yes,Moderate,0,3002.0,102.4,4.0,2,2,1,0,0
19.0,Other,163.8,79.7,29.7,3-5 times/week,Average,6.7,8.0,No,Low,0,2202.0,77.6,4.0,2,1,0,0,2
43.0,Other,153.2,80.7,34.4,3-5 times/week,Poor,7.0,8.0,No,High,0,2522.0,108.5,4.0,1,3,0,0,2
26.0,Male,181.4,94.1,44.3,3-5 times/week,Good,5.0,2.0,No,Low,0,3072.0,114.3,4.0,3,1,0,0,0
40.0,Female,161.5,67.6,25.9,3-5 times/week,Poor,4.9,2.0,No,Low,0,2781.0,123.7,4.0,1,1,0,0,1
40.0,Other,156.5,69.8,28.5,3-5 times/week,Average,8.2,6.0,No,High,0,2401.0,90.6,4.0,2,3,0,0,2
51.0,Other,163.0,54.7,20.6,Daily,Average,6.4,3.0,No,Low,0,2394.0,89.6,7.0,2,1,0,0,2
45.0,Other,171.6,71.6,24.3,Daily,Good,9.4,1.0,No,High,0,2980.0,89.7,7.0,3,3,0,0,2
62.0,Male,172.0,84.6,28.6,3-5 times/week,Average,7.0,1.0,No,Moderate,1,3126.0,117.1,4.0,2,2,0,1,0
65.0,Male,169.7,96.8,33.6,1-2 times/week,Average,8.1,10.0,No,High,0,2577.0,93.5,1.5,2,3,0,0,0
45.0,Male,175.8,92.7,30.0,3-5 times/week,Good,6.7,4.0,No,Low,0,2394.0,74.5,4.0,3,1,0,0,0
37.0,Female,149.1,65.8,29.6,None,Poor,5.3,6.0,No,Low,0,2311.0,90.8,0.0,1,1,0,0,1
24.0,Male,155.4,47.8,19.8,3-5 times/week,Good,4.7,6.0,No,Low,0,2732.0,73.5,4.0,3,1,0,0,0
23.0,Male,167.8,88.7,31.5,3-5 times/week,Average,6.1,1.0,No,Moderate,1,2889.0,99.7,4.0,2,2,0,1,0
31.0,Other,171.5,50.9,17.3,Daily,Excellent,7.1,6.0,No,Low,0,1963.0,43.8,7.0,4,1,0,0,2
67.0,Male,172.7,115.7,38.8,3-5 times/week,Average,4.6,6.0,Yes,Low,0,2855.0,100.0,4.0,2,1,1,0,0
25.0,Female,157.5,79.6,32.1,3-5 times/week,Good,7.0,5.0,No,Low,0,1879.0,50.2,4.0,3,1,0,0,1
32.0,Female,151.8,76.0,33.0,3-5 times/week,Poor,6.4,1.0,Yes,Low,1,2534.0,104.6,4.0,1,1,1,1,1
29.0,Male,170.0,76.3,26.4,3-5 times/week,Poor,7.7,8.0,No,Low,0,3042.0,129.3,4.0,1,1,0,0,0
51.0,Other,159.6,60.9,23.9,Daily,Good,6.2,9.0,No,Low,0,2497.0,67.7,7.0,3,1,0,0,2
24.0,Other,181.7,74.0,22.4,1-2 times/week,Poor,8.9,7.0,No,Low,0,2434.0,101.1,1.5,1,1,0,0,2
19.0,Other,169.5,100.3,34.9,1-2 times/week,Average,5.5,1.0,No,High,1,3293.0,105.1,1.5,2,3,0,1,2
56.0,Other,178.8,62.0,19.4,Daily,Excellent,8.5,9.0,No,Low,0,1747.0,37.2,7.0,4,1,0,0,2
57.0,Other,172.8,104.8,35.1,Daily,Average,8.4,1.0,No,Low,0,2970.0,108.0,7.0,2,1,0,0,2
34.0,Female,163.2,104.9,39.4,Daily,Good,7.2,10.0,Yes,High,1,2824.0,74.6,7.0,3,3,1,1,1
32.0,Male,170.3,107.6,37.1,1-2 times/week,Excellent,6.8,6.0,No,Moderate,0,2903.0,70.6,1.5,4,2,0,0,0
61.0,Male,161.7,57.8,22.1,Daily,Average,6.7,1.0,No,Moderate,0,3361.0,119.2,7.0,2,2,0,0,0
42.0,Other,165.2,99.1,36.3,3-5 times/week,Excellent,6.5,10.0,No,High,0,2395.0,59.1,4.0,4,3,0,0,2
37.0,Male,171.1,84.3,28.8,1-2 times/week,Poor,11.0,4.0,No,Moderate,0,3257.0,145.8,1.5,1,2,0,0,0
49.0,Male,174.5,104.4,34.3,3-5 times/week,Average,7.7,6.0,No,Low,0,2827.0,100.1,4.0,2,1,0,0,0
61.0,Female,171.7,66.9,22.7,3-5 times/week,Good,8.0,3.0,Yes,Moderate,1,2157.0,74.7,4.0,3,2,1,1,1
26.0,Female,159.6,64.2,25.2,3-5 times/week,Good,6.0,2.0,Yes,Low,0,1838.0,51.9,4.0,3,1,1,0,1
55.0,Other,178.5,52.9,16.6,3-5 times/week,Average,6.1,10.0,No,Moderate,0,2450.0,88.8,4.0,2,2,0,0,2
42.0,Other,169.9,79.1,27.4,1-2 times/week,Good,6.9,5.0,No,Low,0,2183.0,56.9,1.5,3,1,0,0,2
41.0,Male,177.1,93.5,29.8,3-5 times/week,Poor,6.0,4.0,No,Low,0,2771.0,122.4,4.0,1,1,0,0,0
18.0,Female,159.8,54.4,21.3,3-5 times/week,Good,7.7,2.0,No,Low,1,2253.0,62.4,4.0,3,1,0,1,1
51.0,Other,178.5,89.2,28.0,1-2 times/week,Excellent,7.5,1.0,No,Low,1,1691.0,45.9,1.5,4,1,0,1,2
53.0,Female,159.3,51.8,20.4,3-5 times/week,Poor,7.6,1.0,No,Moderate,0,2284.0,96.0,4.0,1,2,0,0,1
38.0,Female,163.0,41.7,15.7,1-2 times/week,Good,7.6,10.0,No,Low,0,1701.0,44.9,1.5,3,1,0,0,1
41.0,Male,192.9,103.4,27.8,3-5 times/week,Poor,6.1,2.0,No,Low,0,2629.0,123.5,4.0,1,1,0,0,0
25.0,Female,154.2,35.7,15.0,Daily,Excellent,7.0,8.0,No,High,0,2265.0,59.0,7.0,4,3,0,0,1
58.0,Other,167.2,95.3,34.1,3-5 times/week,Average,8.8,6.0,No,High,0,2426.0,93.5,4.0,2,3,0,0,2
18.0,Other,157.4,65.7,26.5,3-5 times/week,Excellent,8.0,6.0,Yes,Low,1,2424.0,50.6,4.0,4,1,1,1,2
33.0,Male,173.5,93.6,31.1,Daily,Poor,10.0,7.0,Yes,Low,1,3001.0,130.9,7.0,1,1,1,1,0
68.0,Other,158.9,56.1,22.2,3-5 times/week,Average,7.9,2.0,Yes,Low,1,2732.0,90.6,4.0,2,1,1,1,2
22.0,Female,148.6,57.0,25.8,3-5 times/week,Good,8.9,10.0,Yes,Low,0,1979.0,64.6,4.0,3,1,1,0,1
34.0,Other,166.5,89.0,32.1,3-5 times/week,Good,8.0,6.0,No,Low,0,3145.0,131.1,4.0,3,1,0,0,2
52.0,Female,161.4,70.9,27.2,Daily,Poor,5.4,2.0,No,Moderate,0,2842.0,114.8,7.0,1,2,0,0,1
29.0,Male,170.2,103.4,35.7,1-2 times/week,Poor,8.2,1.0,No,Moderate,1,3412.0,139.7,1.5,1,2,0,1,0
34.0,Other,161.0,64.8,25.0,Daily,Good,6.4,6.0,No,Low,1,2127.0,54.3,7.0,3,1,0,1,2
68.0,Female,168.9,54.8,19.2,3-5 times/week,Excellent,6.7,2.0,No,Low,1,1825.0,41.2,4.0,4,1,0,1,1
69.0,Male,173.9,104.6,34.6,3-5 times/week,Poor,6.5,7.0,No,Low,0,2262.0,96.8,4.0,1,1,0,0,0
43.0,Male,150.6,54.9,24.2,1-2 times/week,Average,7.0,9.0,No,High,0,2335.0,80.4,1.5,2,3,0,0,0
64.0,Female,159.3,71.3,28.1,Daily,Poor,6.5,2.0,No,High,0,2965.0,119.8,7.0,1,3,0,0,1
64.0,Male,164.3,92.6,34.3,3-5 times/week,Good,5.8,6.0,No,High,0,2462.0,78.1,4.0,3,3,0,0,0
24.0,Male,165.6,72.1,26.3,None,Average,7.3,3.0,Yes,Low,0,2876.0,112.0,0.0,2,1,1,0,0
39.0,Female,168.7,89.4,31.4,3-5 times/week,Good,6.6,2.0,No,Low,0,2047.0,65.6,4.0,3,1,0,0,1
48.0,Male,172.0,70.1,23.7,1-2 times/week,Excellent,7.7,10.0,No,Low,0,2897.0,69.6,1.5,4,1,0,0,0
46.0,Male,172.7,59.9,20.1,Daily,Good,4.4,1.0,No,Low,0,2939.0,90.8,7.0,3,1,0,0,0
35.0,Female,167.3,58.2,20.8,Daily,Excellent,6.0,2.0,No,Moderate,0,2601.0,95.7,7.0,4,2,0,0,1
46.0,Female,157.9,72.8,10.700000000000003,3-5 times/week,Poor,6.1,3.0,No,Low,0,2934.0,114.0,4.0,1,1,0,0,1
69.0,Male,145.0,51.9,24.7,Daily,Good,4.1,3.0,No,Low,0,1567.0,42.4,7.0,3,1,0,0,0
69.0,Female,165.6,90.8,33.1,3-5 times/week,Average,4.2,1.0,No,Low,0,2045.0,81.1,4.0,2,1,0,0,1
28.0,Male,169.3,86.6,30.2,3-5 times/week,Excellent,6.9,10.0,No,Low,0,2647.0,55.3,4.0,4,1,0,0,0
48.0,Other,167.2,73.2,26.2,Daily,Poor,9.1,6.0,Yes,High,0,3111.0,128.3,7.0,1,3,1,0,2
45.0,Female,167.9,65.4,23.2,3-5 times/week,Good,7.8,10.0,No,Low,0,2437.0,112.5,4.0,3,1,0,0,1
21.0,Other,160.8,64.9,25.1,3-5 times/week,Poor,6.4,2.0,No,Low,0,2719.0,108.9,4.0,1,1,0,0,2
67.0,Other,153.9,35.5,15.0,3-5 times/week,Average,7.0,2.0,Yes,Low,0,2301.0,72.2,4.0,2,1,1,0,2
61.0,Other,161.2,79.3,30.5,3-5 times/week,Good,7.0,9.0,No,Low,0,2413.0,80.2,4.0,3,1,0,0,2
69.0,Male,158.8,70.1,27.8,3-5 times/week,Good,7.3,2.0,Yes,Moderate,1,2091.0,53.1,4.0,3,2,1,1,0
34.0,Other,159.0,98.8,39.1,3-5 times/week,Poor,7.0,1.0,Yes,None,1,2364.0,92.1,4.0,1,0,1,1,2
55.0,Other,162.4,86.0,32.6,Daily,Average,9.1,1.0,No,High,0,3111.0,108.6,7.0,2,3,0,0,2
60.0,Other,185.3,80.0,23.3,Daily,Poor,7.1,9.0,No,Low,0,3068.0,125.5,7.0,1,1,0,0,2
22.0,Male,170.6,100.1,34.4,3-5 times/week,Excellent,5.7,6.0,No,Low,1,1584.0,38.0,4.0,4,1,0,1,0
21.0,Female,166.2,64.4,23.3,Daily,Good,6.8,10.0,No,Moderate,0,2305.0,60.4,7.0,3,2,0,0,1
32.0,Other,151.0,56.3,24.7,Daily,Poor,7.5,3.0,No,Low,0,2409.0,104.5,7.0,1,1,0,0,2
61.0,Male,169.0,110.5,38.7,3-5 times/week,Average,6.0,9.0,Yes,Moderate,0,2417.0,86.2,4.0,2,2,1,0,0
40.0,Male,168.1,66.7,23.6,3-5 times/week,Excellent,6.9,4.0,No,High,0,2712.0,59.2,4.0,4,3,0,0,0
61.0,Other,177.1,80.6,25.7,3-5 times/week,Excellent,8.9,3.0,Yes,High,0,2157.0,57.1,4.0,4,3,1,0,2
39.0,Male,159.1,82.3,32.5,Daily,Good,7.9,1.0,Yes,High,1,3067.0,99.9,7.0,3,3,1,1,0
20.0,Female,158.8,68.6,27.2,3-5 times/week,Good,6.1,5.0,Yes,Low,0,1948.0,71.5,4.0,3,1,1,0,1
65.0,Male,173.7,83.3,27.6,1-2 times/week,Good,7.7,3.0,No,High,0,2479.0,79.8,1.5,3,3,0,0,0
58.0,Other,167.6,46.1,16.4,3-5 times/week,Good,6.4,10.0,No,Low,0,2526.0,69.7,4.0,3,1,0,0,2
43.0,Male,159.8,84.0,32.9,1-2 times/week,Good,6.5,6.0,No,Moderate,0,2461.0,70.5,1.5,3,2,0,0,0
54.0,Female,163.9,54.8,20.4,3-5 times/week,Excellent,7.0,5.0,No,Low,0,1816.0,56.6,4.0,4,1,0,0,1
42.0,Other,169.4,77.2,26.9,3-5 times/week,Good,9.5,9.0,No,Low,0,2105.0,53.1,4.0,3,1,0,0,2
57.0,Female,152.4,40.9,17.6,3-5 times/week,Excellent,8.2,6.0,No,Low,0,1856.0,30.6,4.0,4,1,0,0,1
54.0,Other,165.8,86.3,31.4,3-5 times/week,Average,6.6,3.0,No,Low,1,2183.0,67.8,4.0,2,1,0,1,2
43.0,Other,160.5,63.9,24.8,3-5 times/week,Poor,5.4,6.0,No,Moderate,0,2595.0,108.8,4.0,1,2,0,0,2
22.0,Other,156.0,72.5,29.8,3-5 times/week,Poor,7.3,6.0,No,Low,0,2889.0,124.7,4.0,1,1,0,0,2
50.0,Female,171.2,112.8,38.5,3-5 times/week,Poor,7.3,8.0,No,High,1,2959.0,114.1,4.0,1,3,0,1,1
34.0,Female,162.4,57.0,21.6,3-5 times/week,Average,9.0,10.0,No,Moderate,1,2252.0,81.9,4.0,2,2,0,1,1
43.0,Male,169.8,69.2,24.0,3-5 times/week,Good,5.6,4.0,No,High,0,2572.0,58.5,4.0,3,3,0,0,0
29.0,Other,153.3,48.4,20.6,Daily,Poor,6.7,4.0,No,Moderate,1,2636.0,122.6,7.0,1,2,0,1,2
56.0,Female,159.2,85.9,33.9,Daily,Poor,7.0,4.0,Yes,High,1,3049.0,117.0,7.0,1,3,1,1,1
34.0,Other,170.6,97.8,33.6,1-2 times/week,Excellent,6.7,8.0,Yes,Low,0,1859.0,47.3,1.5,4,1,1,0,2
61.0,Other,163.8,63.9,23.8,1-2 times/week,Excellent,7.3,7.0,No,Moderate,0,2898.0,109.4,1.5,4,2,0,0,2
56.0,Male,165.6,115.5,42.1,3-5 times/week,Poor,6.9,4.0,No,Low,0,2917.0,128.2,4.0,1,1,0,0,0
36.0,Male,166.8,114.6,41.2,3-5 times/week,Poor,4.6,7.0,Yes,High,0,3325.0,136.6,4.0,1,3,1,0,0
36.0,Other,169.6,77.7,27.0,3-5 times/week,Poor,8.5,8.0,No,Moderate,0,3093.0,138.7,4.0,1,2,0,0,2
34.0,Female,163.5,95.7,35.8,3-5 times/week,Poor,8.5,8.0,No,Low,1,3202.0,145.5,4.0,1,1,0,1,1
66.0,Other,162.0,82.4,31.4,3-5 times/week,Poor,7.3,4.0,Yes,Low,1,3158.0,130.8,4.0,1,1,1,1,2
61.0,Female,160.6,53.9,20.9,3-5 times/week,Excellent,5.8,2.0,No,Low,1,2114.0,49.9,4.0,4,1,0,1,1
29.0,Female,166.1,71.7,26.0,3-5 times/week,Good,8.0,5.0,No,Moderate,0,1997.0,63.0,4.0,3,2,0,0,1
40.0,Female,158.5,77.4,30.8,Daily,Average,6.3,6.0,No,High,0,2016.0,69.2,7.0,2,3,0,0,1
36.0,Male,171.9,105.2,35.6,3-5 times/week,Poor,9.2,1.0,Yes,High,1,3378.0,152.1,4.0,1,3,1,1,0
68.0,Female,161.2,73.8,28.4,3-5 times/week,Excellent,8.7,9.0,No,Low,0,1241.0,45.5,4.0,4,1,0,0,1
57.0,Female,147.5,55.7,25.6,3-5 times/week,Excellent,7.0,6.0,Yes,Low,0,1859.0,42.6,4.0,4,1,1,0,1
45.0,Female,154.5,75.0,31.4,3-5 times/week,Average,7.3,8.0,No,High,0,2244.0,95.6,4.0,2,3,0,0,1
55.0,Male,174.2,100.4,33.1,Daily,Poor,5.8,1.0,No,Low,1,3442.0,154.7,7.0,1,1,0,1,0
18.0,Female,159.2,68.4,27.0,3-5 times/week,Good,5.4,4.0,Yes,Low,0,2649.0,71.7,4.0,3,1,1,0,1
65.0,Female,151.5,42.7,18.6,Daily,Excellent,5.5,10.0,Yes,None,0,1708.0,41.8,7.0,4,0,1,0,1
59.0,Male,175.2,95.8,31.2,Daily,Excellent,6.3,2.0,Yes,High,0,2782.0,71.0,7.0,4,3,1,0,0
69.0,Other,173.0,88.3,29.5,3-5 times/week,Poor,7.0,2.0,Yes,None,0,2525.0,108.9,4.0,1,0,1,0,2
32.0,Female,160.8,58.4,22.6,1-2 times/week,Average,9.3,7.0,Yes,Low,0,2295.0,87.5,1.5,2,1,1,0,1
47.0,Male,171.5,73.2,24.9,3-5 times/week,Good,7.7,9.0,No,Low,0,2197.0,64.8,4.0,3,1,0,0,0
61.0,Other,165.4,75.8,27.7,3-5 times/week,Average,7.0,1.0,No,Low,0,2635.0,106.3,4.0,2,1,0,0,2
65.0,Other,172.1,106.0,35.8,1-2 times/week,Good,8.0,8.0,No,Low,0,3086.0,115.9,1.5,3,1,0,0,2
50.0,Other,164.0,85.3,31.7,Daily,Average,9.0,6.0,No,High,0,2805.0,97.5,7.0,2,3,0,0,2
52.0,Female,157.4,67.4,27.2,Daily,Poor,6.5,6.0,Yes,High,0,3115.0,133.6,7.0,1,3,1,0,1
42.0,Male,174.1,79.4,26.2,Daily,Excellent,7.6,7.0,No,High,0,3069.0,72.3,7.0,4,3,0,0,0
44.0,Other,168.2,103.3,36.5,1-2 times/week,Poor,4.8,6.0,No,Low,1,2873.0,129.3,1.5,1,1,0,1,2
66.0,Male,167.6,56.7,20.2,Daily,Good,8.2,2.0,No,Low,0,2536.0,76.3,7.0,3,1,0,0,0
41.0,Other,173.6,65.1,21.6,3-5 times/week,Excellent,8.3,6.0,No,Moderate,0,2291.0,57.3,4.0,4,2,0,0,2
66.0,Female,152.3,74.9,32.3,3-5 times/week,Poor,6.2,10.0,No,Low,0,2106.0,89.3,4.0,1,1,0,0,1
67.0,Female,164.5,57.4,10.700000000000003,Daily,Excellent,8.1,2.0,No,Low,0,1738.0,33.7,7.0,4,1,0,0,1
27.0,Female,145.0,73.0,34.7,1-2 times/week,Poor,6.6,1.0,Yes,High,0,2920.0,114.1,1.5,1,3,1,0,1
21.0,Female,160.3,79.7,31.0,1-2 times/week,Poor,8.6,6.0,No,High,0,3101.0,128.7,1.5,1,3,0,0,1
40.0,Other,165.4,56.4,20.6,3-5 times/week,Excellent,5.9,4.0,Yes,Low,0,1698.0,44.2,4.0,4,1,1,0,2
55.0,Female,158.0,91.1,36.5,3-5 times/week,Good,6.2,6.0,Yes,Low,1,2163.0,69.8,4.0,3,1,1,1,1
40.0,Female,167.7,61.3,21.8,Daily,Excellent,6.9,6.0,No,Low,0,2416.0,77.6,7.0,4,1,0,0,1
49.0,Other,167.6,51.1,18.2,1-2 times/week,Average,7.5,7.0,No,High,0,2076.0,77.2,1.5,2,3,0,0,2
50.0,Male,175.1,87.1,28.4,3-5 times/week,Average,7.2,6.0,No,Moderate,0,2736.0,96.5,4.0,2,2,0,0,0
67.0,Female,157.5,47.9,19.3,3-5 times/week,Excellent,7.2,6.0,No,Low,0,1336.0,23.8,4.0,4,1,0,0,1
31.0,Female,172.5,103.6,34.8,3-5 times/week,Average,6.3,2.0,No,Moderate,0,2106.0,79.5,4.0,2,2,0,0,1
61.0,Other,158.5,68.6,27.3,3-5 times/week,Poor,7.0,6.0,No,Low,1,2762.0,117.0,4.0,1,1,0,1,2
69.0,Female,159.6,81.8,32.1,1-2 times/week,Poor,7.4,9.0,No,Moderate,0,2479.0,112.1,1.5,1,2,0,0,1
22.0,Female,163.3,58.4,21.9,3-5 times/week,Average,8.8,9.0,No,High,0,2576.0,82.3,4.0,2,3,0,0,1
18.0,Other,175.5,88.7,28.8,1-2 times/week,Excellent,7.2,2.0,No,Moderate,0,2219.0,56.6,1.5,4,2,0,0,2
54.0,Other,151.8,63.8,27.7,1-2 times/week,Average,9.4,6.0,Yes,Low,0,2243.0,85.8,1.5,2,1,1,0,2
49.0,Male,166.9,66.0,23.7,1-2 times/week,Poor,6.8,10.0,No,High,0,3772.0,165.1,1.5,1,3,0,0,0
51.0,Other,178.6,97.3,30.5,Daily,Poor,7.0,6.0,Yes,Low,0,3083.0,139.9,7.0,1,1,1,0,2
57.0,Female,163.8,69.5,25.9,1-2 times/week,Excellent,7.3,7.0,No,Low,1,1775.0,34.2,1.5,4,1,0,1,1
46.0,Other,163.3,85.1,31.9,3-5 times/week,Average,8.4,7.0,No,High,1,2987.0,104.7,4.0,2,3,0,1,2
50.0,Other,167.5,59.2,21.1,1-2 times/week,Good,7.2,6.0,No,Low,0,1595.0,41.3,1.5,3,1,0,0,2
57.0,Male,164.8,81.2,29.9,3-5 times/week,Average,8.5,5.0,No,High,0,3732.0,142.6,4.0,2,3,0,0,0
26.0,Other,178.0,106.8,33.7,3-5 times/week,Poor,7.8,10.0,No,Low,1,2854.0,109.3,4.0,1,1,0,1,2
37.0,Female,159.1,78.7,31.1,3-5 times/week,Good,7.1,6.0,No,High,1,2389.0,57.2,4.0,3,3,0,1,1
42.0,Female,150.7,56.1,24.7,3-5 times/week,Good,7.3,3.0,Yes,Low,0,1747.0,52.1,4.0,3,1,1,0,1
21.0,Male,180.3,97.8,30.1,3-5 times/week,Average,7.2,2.0,No,Moderate,1,2783.0,88.8,4.0,2,2,0,1,0
28.0,Male,175.0,81.2,26.5,3-5 times/week,Good,5.4,1.0,No,Low,0,2142.0,54.7,4.0,3,1,0,0,0
40.0,Male,161.0,80.1,30.9,1-2 times/week,Excellent,6.6,3.0,No,High,0,2513.0,55.6,1.5,4,3,0,0,0
64.0,Other,174.5,83.7,27.5,3-5 times/week,Poor,6.3,10.0,No,Low,0,2957.0,126.3,4.0,1,1,0,0,2
35.0,Female,159.7,89.3,35.0,1-2 times/week,Average,7.0,4.0,No,Low,0,2490.0,91.7,1.5,2,1,0,0,1
68.0,Other,165.6,72.9,26.6,3-5 times/week,Good,5.4,6.0,No,Moderate,0,2221.0,66.4,4.0,3,2,0,0,2
61.0,Other,178.8,90.8,28.4,3-5 times/week,Excellent,8.1,7.0,No,Low,0,2019.0,51.5,4.0,4,1,0,0,2
39.0,Female,163.6,47.9,17.9,3-5 times/week,Good,5.4,1.0,No,Low,1,1507.0,35.6,4.0,3,1,0,1,1
46.0,Male,159.5,74.5,29.3,3-5 times/week,Poor,7.8,8.0,No,Low,0,3845.0,169.6,4.0,1,1,0,0,0
51.0,Female,163.2,71.6,26.9,3-5 times/week,Poor,7.0,4.0,No,Low,0,1749.0,67.1,4.0,1,1,0,0,1
57.0,Male,171.5,97.6,33.2,3-5 times/week,Poor,10.0,3.0,No,High,1,2836.0,118.4,4.0,1,3,0,1,0
33.0,Male,163.7,63.5,23.7,1-2 times/week,Poor,5.1,2.0,Yes,Low,0,3129.0,123.0,1.5,1,1,1,0,0
62.0,Other,167.5,85.0,30.3,3-5 times/week,Good,6.9,1.0,No,High,0,3156.0,129.4,4.0,3,3,0,0,2
27.0,Female,172.1,80.0,27.0,Daily,Average,6.4,8.0,No,Low,0,2718.0,104.9,7.0,2,1,0,0,1
24.0,Other,160.0,80.4,31.4,3-5 times/week,Good,7.0,2.0,No,Low,0,1966.0,69.7,4.0,3,1,0,0,2
40.0,Female,165.6,78.2,28.5,3-5 times/week,Good,7.9,2.0,No,High,0,1939.0,67.0,4.0,3,3,0,0,1
48.0,Male,176.0,109.3,35.3,3-5 times/week,Good,7.0,7.0,No,Moderate,1,2815.0,73.7,4.0,3,2,0,1,0
39.0,Other,156.8,60.7,24.7,Daily,Excellent,7.0,10.0,No,High,0,2557.0,59.3,7.0,4,3,0,0,2
65.0,Male,173.4,66.7,22.2,Daily,Excellent,9.7,8.0,No,Low,0,2390.0,56.5,7.0,4,1,0,0,0
34.0,Male,174.7,76.6,25.1,Daily,Poor,5.3,8.0,Yes,Moderate,0,3484.0,152.6,7.0,1,2,1,0,0
31.0,Female,162.1,54.1,20.6,1-2 times/week,Average,5.4,7.0,No,Moderate,1,2448.0,87.9,1.5,2,2,0,1,1
38.0,Female,156.1,36.6,15.0,1-2 times/week,Average,7.5,4.0,Yes,Moderate,1,1728.0,36.6,1.5,2,2,1,1,1
43.0,Other,168.7,68.0,23.9,1-2 times/week,Poor,7.2,7.0,No,Moderate,0,2779.0,127.9,1.5,1,2,0,0,2
56.0,Male,178.7,93.2,29.2,Daily,Excellent,5.7,10.0,No,Moderate,0,2369.0,51.6,7.0,4,2,0,0,0
39.0,Other,170.0,92.8,32.1,1-2 times/week,Poor,7.7,10.0,Yes,Moderate,0,3227.0,131.3,1.5,1,2,1,0,2
20.0,Male,174.0,76.0,25.1,1-2 times/week,Poor,5.6,6.0,No,Low,1,3024.0,126.2,1.5,1,1,0,1,0
54.0,Other,178.9,87.4,27.3,Daily,Excellent,7.0,7.0,Yes,Low,0,2333.0,62.6,7.0,4,1,1,0,2
19.0,Female,156.0,51.1,21.0,1-2 times/week,Good,4.1,1.0,No,High,0,2108.0,58.9,1.5,3,3,0,0,1
54.0,Female,163.1,66.5,25.0,Daily,Excellent,6.3,5.0,Yes,Low,0,1855.0,39.2,7.0,4,1,1,0,1
61.0,Female,155.4,44.4,18.4,Daily,Average,7.5,5.0,No,None,1,2618.0,86.3,7.0,2,0,0,1,1
59.0,Male,170.7,85.7,29.4,3-5 times/week,Good,6.5,5.0,No,High,0,3115.0,102.4,4.0,3,3,0,0,0
34.0,Other,165.3,51.1,18.7,Daily,Average,7.8,6.0,No,High,1,2641.0,102.5,7.0,2,3,0,1,2
48.0,Female,164.4,57.0,21.1,3-5 times/week,Average,8.3,5.0,No,Moderate,0,2609.0,93.6,4.0,2,2,0,0,1
63.0,Male,168.5,94.3,33.2,3-5 times/week,Poor,6.4,1.0,No,Low,0,3302.0,145.0,4.0,1,1,0,0,0
53.0,Other,162.9,51.2,19.3,Daily,Excellent,7.4,7.0,No,Low,1,2137.0,42.0,7.0,4,1,0,1,2
52.0,Male,164.0,97.9,36.4,3-5 times/week,Good,6.0,5.0,No,High,0,2791.0,87.3,4.0,3,3,0,0,0
26.0,Male,173.0,113.1,37.8,3-5 times/week,Average,8.7,7.0,No,Moderate,0,2780.0,102.7,4.0,2,2,0,0,0
34.0,Female,155.8,77.4,31.9,Daily,Excellent,4.4,5.0,Yes,High,0,2214.0,45.6,7.0,4,3,1,0,1
67.0,Other,151.9,55.4,24.0,3-5 times/week,Excellent,6.2,7.0,No,Low,0,1890.0,37.2,4.0,4,1,0,0,2
41.0,Male,171.5,66.2,22.5,1-2 times/week,Poor,7.0,2.0,No,Low,0,3169.0,127.2,1.5,1,1,0,0,0
63.0,Other,160.7,60.9,23.6,3-5 times/week,Good,10.0,9.0,No,High,0,2653.0,81.3,4.0,3,3,0,0,2
56.0,Male,165.9,76.2,27.7,1-2 times/week,Good,7.3,1.0,No,Moderate,0,2720.0,79.3,1.5,3,2,0,0,0
24.0,Female,159.5,78.9,31.0,Daily,Good,6.1,8.0,No,Low,0,1915.0,62.1,7.0,3,1,0,0,1
49.0,Male,167.0,88.7,31.8,3-5 times/week,Good,8.4,6.0,No,Low,0,2874.0,126.3,4.0,3,1,0,0,0
57.0,Other,149.2,62.8,28.2,3-5 times/week,Average,8.2,1.0,No,Low,1,1947.0,70.5,4.0,2,1,0,1,2
20.0,Other,164.6,71.5,26.4,1-2 times/week,Good,7.3,8.0,Yes,Low,1,2672.0,79.4,1.5,3,1,1,1,2
18.0,Other,166.2,50.5,18.3,3-5 times/week,Good,7.2,4.0,No,Low,1,2574.0,58.3,4.0,3,1,0,1,2
24.0,Male,174.5,97.4,32.0,3-5 times/week,Poor,7.1,7.0,Yes,High,0,3675.0,150.5,4.0,1,3,1,0,0
38.0,Other,167.9,89.1,31.6,1-2 times/week,Excellent,7.3,6.0,Yes,Low,0,2638.0,60.5,1.5,4,1,1,0,2
37.0,Other,156.9,68.9,28.0,3-5 times/week,Poor,8.1,6.0,Yes,Low,0,2573.0,105.7,4.0,1,1,1,0,2
38.0,Male,182.0,93.4,28.2,3-5 times/week,Excellent,7.4,4.0,Yes,Low,0,2848.0,71.0,4.0,4,1,1,0,0
55.0,Female,149.3,60.2,27.0,3-5 times/week,Good,9.8,5.0,Yes,Low,0,2204.0,63.9,4.0,3,1,1,0,1
41.0,Female,163.0,67.8,25.5,Daily,Excellent,8.9,6.0,No,High,0,2026.0,49.7,7.0,4,3,0,0,1
51.0,Other,175.0,112.7,36.8,1-2 times/week,Good,6.9,3.0,No,Low,1,2257.0,55.1,1.5,3,1,0,1,2
60.0,Male,178.4,95.8,30.1,3-5 times/week,Average,6.3,3.0,No,Low,0,3037.0,108.8,4.0,2,1,0,0,0
50.0,Male,167.3,65.8,23.5,3-5 times/week,Poor,9.6,8.0,No,Low,1,1926.0,55.0,4.0,1,1,0,1,0
68.0,Male,166.1,67.6,24.5,3-5 times/week,Good,8.7,1.0,Yes,Low,0,2645.0,69.9,4.0,3,1,1,0,0
25.0,Male,179.3,117.3,36.5,3-5 times/week,Average,6.2,2.0,No,Low,0,2887.0,95.9,4.0,2,1,0,0,0
33.0,Female,167.1,70.4,25.2,3-5 times/week,Good,7.5,10.0,No,High,0,2390.0,60.8,4.0,3,3,0,0,1
63.0,Other,172.9,58.0,19.4,3-5 times/week,Average,9.8,2.0,No,High,0,2807.0,96.3,4.0,2,3,0,0,2
36.0,Female,165.7,95.0,34.6,1-2 times/week,Average,6.1,9.0,No,Moderate,0,2398.0,85.2,1.5,2,2,0,0,1
63.0,Other,163.1,57.7,21.7,Daily,Average,9.7,3.0,Yes,Low,1,2567.0,103.3,7.0,2,1,1,1,2
48.0,Female,173.4,88.1,29.3,1-2 times/week,Excellent,8.3,10.0,Yes,Low,0,1782.0,35.2,1.5,4,1,1,0,1
58.0,Other,161.2,60.8,23.4,Daily,Good,9.7,6.0,No,Low,0,2706.0,74.2,7.0,3,1,0,0,2
26.0,Female,158.1,72.7,29.1,3-5 times/week,Average,7.6,6.0,No,Low,0,2463.0,90.8,4.0,2,1,0,0,1
30.0,Male,178.5,73.9,23.2,Daily,Good,7.3,2.0,No,High,0,2957.0,88.1,7.0,3,3,0,0,0
45.0,Other,152.0,58.0,25.1,3-5 times/week,Poor,7.6,6.0,Yes,Low,0,2798.0,115.3,4.0,1,1,1,0,2
34.0,Other,156.5,62.2,25.4,1-2 times/week,Excellent,6.9,7.0,No,Low,0,1971.0,42.1,1.5,4,1,0,0,2
44.0,Female,171.0,76.6,26.2,Daily,Average,6.3,3.0,No,Low,0,2534.0,92.6,7.0,2,1,0,0,1
30.0,Female,148.9,41.5,18.7,Daily,Good,6.1,7.0,Yes,Moderate,0,1944.0,58.4,7.0,3,2,1,0,1
44.0,Other,167.5,64.5,23.0,3-5 times/week,Excellent,8.0,7.0,No,Low,0,1983.0,45.6,4.0,4,1,0,0,2
41.0,Female,156.9,36.9,15.0,Daily,Excellent,6.1,7.0,No,Moderate,0,1579.0,35.9,7.0,4,2,0,0,1
23.0,Other,161.1,72.4,27.9,3-5 times/week,Excellent,7.6,8.0,Yes,High,0,2236.0,60.1,4.0,4,3,1,0,2
44.0,Female,152.9,59.4,25.4,3-5 times/week,Excellent,6.9,1.0,No,Low,0,1705.0,39.3,4.0,4,1,0,0,1
20.0,Male,169.5,85.0,29.6,3-5 times/week,Good,6.9,10.0,No,High,1,2299.0,59.3,4.0,3,3,0,1,0
47.0,Female,173.3,67.9,22.6,3-5 times/week,Good,7.9,6.0,Yes,Low,0,1883.0,49.6,4.0,3,1,1,0,1
21.0,Female,164.0,61.1,22.7,3-5 times/week,Good,6.8,3.0,No,Low,0,2186.0,60.8,4.0,3,1,0,0,1
37.0,Other,160.8,51.5,19.9,Daily,Excellent,9.2,2.0,No,None,0,1822.0,43.3,7.0,4,0,0,0,2
18.0,Other,155.0,80.7,33.6,3-5 times/week,Poor,7.0,2.0,No,Low,0,2782.0,132.5,4.0,1,1,0,0,2
46.0,Other,169.8,44.1,15.3,3-5 times/week,Excellent,7.1,7.0,Yes,Low,0,2275.0,63.5,4.0,4,1,1,0,2
40.0,Female,161.2,89.1,34.3,1-2 times/week,Poor,7.3,9.0,No,Low,0,2745.0,130.1,1.5,1,1,0,0,1
38.0,Other,160.4,40.7,15.8,3-5 times/week,Excellent,7.4,5.0,Yes,Low,0,1678.0,37.7,4.0,4,1,1,0,2
19.0,Other,162.7,65.9,24.9,Daily,Excellent,9.2,7.0,No,Moderate,0,3558.0,152.7,7.0,4,2,0,0,2
24.0,Female,158.8,70.6,28.0,3-5 times/week,Good,7.8,2.0,No,Moderate,0,2382.0,85.5,4.0,3,2,0,0,1
57.0,Other,175.0,109.3,35.7,3-5 times/week,Average,6.9,6.0,No,Low,0,2834.0,99.2,4.0,2,1,0,0,2
64.0,Other,156.3,52.8,21.6,1-2 times/week,Good,7.1,1.0,No,High,0,2100.0,54.2,1.5,3,3,0,0,2
27.0,Female,164.7,40.7,15.0,3-5 times/week,Excellent,7.7,4.0,No,Low,0,1624.0,48.6,4.0,4,1,0,0,1
57.0,Other,169.1,79.2,27.7,Daily,Average,7.6,3.0,No,Moderate,0,3094.0,105.6,7.0,2,2,0,0,2
65.0,Female,155.1,74.8,31.1,3-5 times/week,Average,7.2,2.0,No,Low,1,2366.0,80.1,4.0,2,1,0,1,1
30.0,Other,170.4,58.1,20.0,Daily,Poor,9.2,7.0,Yes,High,0,3130.0,129.7,7.0,1,3,1,0,2
53.0,Other,161.4,77.6,29.8,3-5 times/week,Good,9.0,5.0,No,Moderate,0,1201.0,29.5,4.0,3,2,0,0,2
44.0,Female,158.6,75.2,29.9,3-5 times/week,Average,7.2,3.0,No,High,0,2305.0,80.8,4.0,2,3,0,0,1
64.0,Female,165.7,53.5,19.5,3-5 times/week,Good,8.7,1.0,No,High,1,1974.0,53.2,4.0,3,3,0,1,1
53.0,Other,176.8,72.5,23.2,3-5 times/week,Poor,7.2,4.0,No,Moderate,0,3159.0,142.8,4.0,1,2,0,0,2
68.0,Male,171.6,114.8,39.0,3-5 times/week,Poor,8.3,7.0,No,High,0,3498.0,139.0,4.0,1,3,0,0,0
36.0,Male,167.3,103.3,36.9,3-5 times/week,Poor,7.5,8.0,No,High,0,3343.0,144.2,4.0,1,3,0,0,0
33.0,Female,157.5,85.6,34.5,3-5 times/week,Average,6.7,1.0,No,Moderate,0,2148.0,71.9,4.0,2,2,0,0,1
52.0,Other,177.8,103.7,32.8,3-5 times/week,Poor,7.3,6.0,No,Low,0,2273.0,101.1,4.0,1,1,0,0,2
23.0,Female,163.1,61.4,23.1,3-5 times/week,Good,8.6,2.0,No,Low,0,2117.0,56.5,4.0,3,1,0,0,1
22.0,Other,166.4,68.7,24.8,3-5 times/week,Poor,8.7,9.0,Yes,High,0,2911.0,126.5,4.0,1,3,1,0,2
48.0,Other,170.5,84.3,29.0,1-2 times/week,Excellent,6.6,6.0,No,High,1,2371.0,56.8,1.5,4,3,0,1,2
33.0,Male,159.1,103.5,40.9,3-5 times/week,Poor,8.3,10.0,No,Moderate,0,3647.0,157.4,4.0,1,2,0,0,0
27.0,Male,166.7,59.7,21.5,3-5 times/week,Excellent,6.0,10.0,No,Low,0,2128.0,50.4,4.0,4,1,0,0,0
30.0,Female,153.3,60.6,25.8,1-2 times/week,Excellent,8.5,7.0,No,Moderate,0,2646.0,92.3,1.5,4,2,0,0,1
56.0,Other,160.8,71.4,27.6,3-5 times/week,Excellent,8.1,6.0,Yes,High,1,1969.0,50.3,4.0,4,3,1,1,2
21.0,Female,169.4,64.0,22.3,1-2 times/week,Good,8.6,4.0,No,High,0,2212.0,55.1,1.5,3,3,0,0,1
25.0,Female,167.6,84.3,30.0,3-5 times/week,Poor,9.2,7.0,No,Moderate,0,3221.0,135.0,4.0,1,2,0,0,1
30.0,Male,173.7,70.0,23.2,1-2 times/week,Average,5.8,7.0,No,Low,0,2368.0,78.9,1.5,2,1,0,0,0
29.0,Female,167.9,111.9,39.7,3-5 times/week,Poor,4.4,8.0,No,Low,0,3154.0,146.5,4.0,1,1,0,0,1
29.0,Female,160.0,51.2,20.0,3-5 times/week,Good,7.0,3.0,Yes,Low,0,2238.0,55.8,4.0,3,1,1,0,1
21.0,Other,161.1,79.9,30.8,3-5 times/week,Average,6.0,3.0,No,High,0,2344.0,87.4,4.0,2,3,0,0,2
61.0,Other,183.0,50.2,15.0,1-2 times/week,Good,8.7,2.0,Yes,High,0,2117.0,68.2,1.5,3,3,1,0,2
30.0,Female,148.1,47.4,21.6,3-5 times/week,Poor,9.4,8.0,No,Low,0,2763.0,111.3,4.0,1,1,0,0,1
63.0,Female,163.3,57.1,21.4,Daily,Good,7.4,5.0,Yes,High,0,1931.0,60.1,7.0,3,3,1,0,1
28.0,Other,158.1,57.2,22.9,3-5 times/week,Good,7.4,5.0,Yes,Low,0,1962.0,47.6,4.0,3,1,1,0,2
21.0,Female,160.0,77.1,30.1,3-5 times/week,Average,7.0,8.0,No,Moderate,0,2693.0,100.2,4.0,2,2,0,0,1
61.0,Female,164.2,86.3,32.0,3-5 times/week,Poor,4.6,10.0,No,High,0,2403.0,114.2,4.0,1,3,0,0,1
65.0,Other,177.6,47.3,15.0,Daily,Excellent,8.2,4.0,No,Low,0,2400.0,48.8,7.0,4,1,0,0,2
54.0,Other,162.9,39.8,15.0,3-5 times/week,Excellent,7.2,6.0,No,Low,0,1882.0,52.8,4.0,4,1,0,0,2
20.0,Other,160.6,49.0,19.0,3-5 times/week,Good,7.3,2.0,No,Low,1,1915.0,50.6,4.0,3,1,0,1,2
44.0,Male,182.7,92.8,27.8,Daily,Good,6.6,10.0,Yes,Low,1,2611.0,65.6,7.0,3,1,1,1,0
38.0,Other,159.2,38.0,15.0,Daily,Average,8.3,6.0,No,Low,0,2403.0,85.5,7.0,2,1,0,0,2
37.0,Male,166.1,63.7,23.1,Daily,Average,6.5,6.0,No,Low,0,2451.0,89.0,7.0,2,1,0,0,0
37.0,Female,151.2,46.0,20.1,1-2 times/week,Excellent,8.0,4.0,No,Low,0,1488.0,44.9,1.5,4,1,0,0,1
54.0,Female,172.7,110.4,37.0,3-5 times/week,Good,4.9,6.0,Yes,Low,1,2099.0,57.5,4.0,3,1,1,1,1
69.0,Male,170.7,68.8,23.6,3-5 times/week,Good,8.2,8.0,Yes,Low,0,2254.0,68.6,4.0,3,1,1,0,0
63.0,Female,158.3,81.7,32.6,Daily,Average,8.2,1.0,Yes,Moderate,0,2584.0,91.2,7.0,2,2,1,0,1
61.0,Male,172.1,57.2,19.3,3-5 times/week,Poor,6.2,2.0,No,Low,0,3135.0,138.7,4.0,1,1,0,0,0
44.0,Other,163.2,65.0,24.4,1-2 times/week,Good,7.2,4.0,No,High,0,2194.0,64.7,1.5,3,3,0,0,2
54.0,Female,159.2,59.1,23.3,1-2 times/week,Excellent,4.3,4.0,Yes,High,0,1959.0,54.5,1.5,4,3,1,0,1
36.0,Male,181.1,94.5,28.8,3-5 times/week,Average,8.4,6.0,No,Low,0,3049.0,108.1,4.0,2,1,0,0,0
27.0,Female,173.2,64.5,21.5,1-2 times/week,Good,6.8,10.0,No,Low,0,2312.0,57.0,1.5,3,1,0,0,1
23.0,Male,169.6,72.8,25.3,3-5 times/week,Poor,7.9,5.0,Yes,Low,0,3144.0,135.5,4.0,1,1,1,0,0
22.0,Male,175.6,96.2,31.2,3-5 times/week,Good,6.8,6.0,Yes,Low,0,3191.0,92.0,4.0,3,1,1,0,0
56.0,Male,163.9,86.8,32.3,None,Excellent,5.7,8.0,No,High,0,2508.0,50.5,0.0,4,3,0,0,0
61.0,Other,163.5,97.0,36.3,3-5 times/week,Average,8.8,6.0,No,Moderate,0,2603.0,98.5,4.0,2,2,0,0,2
51.0,Male,172.0,83.4,28.2,Daily,Good,7.3,9.0,Yes,Moderate,0,3349.0,123.7,7.0,3,2,1,0,0
69.0,Female,156.7,54.5,22.2,3-5 times/week,Good,7.6,6.0,Yes,Moderate,0,2024.0,54.1,4.0,3,2,1,0,1
55.0,Male,174.3,114.5,37.7,3-5 times/week,Poor,7.4,1.0,No,Moderate,1,2743.0,122.0,4.0,1,2,0,1,0
49.0,Female,163.1,68.9,25.9,3-5 times/week,Average,5.7,8.0,No,High,0,2619.0,100.1,4.0,2,3,0,0,1
38.0,Male,179.0,89.4,27.9,3-5 times/week,Average,6.1,9.0,No,Low,0,3048.0,106.6,4.0,2,1,0,0,0
47.0,Other,175.6,97.4,31.6,Daily,Poor,6.1,8.0,No,Low,0,3127.0,137.4,7.0,1,1,0,0,2
52.0,Other,181.6,67.6,20.5,3-5 times/week,Excellent,7.4,10.0,No,Moderate,0,2320.0,64.0,4.0,4,2,0,0,2
23.0,Female,165.5,75.0,27.4,3-5 times/week,Excellent,8.1,6.0,No,Low,0,1752.0,43.1,4.0,4,1,0,0,1
45.0,Male,172.4,101.6,34.2,1-2 times/week,Average,5.1,8.0,Yes,None,1,2538.0,85.2,1.5,2,0,1,1,0
22.0,Male,174.2,107.4,35.4,3-5 times/week,Poor,8.0,3.0,No,Low,0,3414.0,152.6,4.0,1,1,0,0,0
40.0,Male,177.0,114.7,36.6,3-5 times/week,Average,7.0,6.0,Yes,Low,0,2398.0,96.1,4.0,2,1,1,0,0
46.0,Other,167.7,86.3,30.7,3-5 times/week,Poor,7.6,8.0,Yes,Low,0,2529.0,105.1,4.0,1,1,1,0,2
37.0,Male,175.5,101.6,33.0,3-5 times/week,Poor,6.4,8.0,Yes,Low,0,3240.0,128.3,4.0,1,1,1,0,0
63.0,Other,157.3,62.1,25.1,3-5 times/week,Good,5.7,4.0,Yes,Moderate,0,1564.0,41.8,4.0,3,2,1,0,2
56.0,Female,169.2,93.9,32.8,1-2 times/week,Poor,7.8,2.0,No,Low,0,2426.0,99.5,1.5,1,1,0,0,1
31.0,Male,171.6,65.4,22.2,3-5 times/week,Excellent,7.8,9.0,No,Low,0,2733.0,74.7,4.0,4,1,0,0,0
57.0,Other,165.7,88.4,32.2,1-2 times/week,Average,5.9,5.0,Yes,Low,0,2356.0,82.3,1.5,2,1,1,0,2
45.0,Other,153.7,73.5,31.1,3-5 times/week,Average,5.6,7.0,No,Low,1,2306.0,80.9,4.0,2,1,0,1,2
65.0,Female,159.2,80.6,31.8,Daily,Poor,7.0,2.0,No,Moderate,0,2509.0,108.2,7.0,1,2,0,0,1
19.0,Male,169.3,100.9,35.2,3-5 times/week,Average,5.3,6.0,Yes,Low,0,2306.0,79.1,4.0,2,1,1,0,0
37.0,Other,174.7,45.8,15.0,3-5 times/week,Excellent,7.9,4.0,No,Low,1,2317.0,56.4,4.0,4,1,0,1,2
53.0,Female,172.3,87.0,29.3,3-5 times/week,Good,8.2,10.0,No,Low,1,2353.0,104.3,4.0,3,1,0,1,1
65.0,Female,145.0,72.5,34.5,3-5 times/week,Good,7.9,5.0,No,High,0,2532.0,116.5,4.0,3,3,0,0,1
40.0,Male,173.3,64.9,21.6,3-5 times/week,Excellent,7.5,3.0,No,Low,0,2070.0,67.7,4.0,4,1,0,0,0
66.0,Other,177.4,96.9,30.8,3-5 times/week,Average,8.0,9.0,No,Low,0,1962.0,56.6,4.0,2,1,0,0,2
46.0,Female,177.9,92.7,29.3,1-2 times/week,Average,6.4,4.0,No,High,0,3274.0,111.0,1.5,2,3,0,0,1
50.0,Male,173.8,115.4,38.2,3-5 times/week,Poor,8.1,9.0,No,Moderate,0,3325.0,142.9,4.0,1,2,0,0,0
27.0,Other,150.6,81.4,35.9,3-5 times/week,Good,6.0,3.0,No,Low,1,2272.0,71.9,4.0,3,1,0,1,2
34.0,Other,152.6,55.0,23.6,3-5 times/week,Good,6.0,3.0,No,High,0,2434.0,77.8,4.0,3,3,0,0,2
43.0,Other,162.8,59.9,22.6,3-5 times/week,Good,8.6,1.0,No,High,0,1978.0,50.1,4.0,3,3,0,0,2
31.0,Other,170.2,87.2,30.1,3-5 times/week,Good,7.7,4.0,Yes,High,0,2434.0,71.5,4.0,3,3,1,0,2
62.0,Other,162.5,48.1,18.2,3-5 times/week,Good,6.4,7.0,No,High,0,2430.0,55.9,4.0,3,3,0,0,2
36.0,Other,181.6,103.2,31.3,3-5 times/week,Excellent,8.1,7.0,Yes,Moderate,1,2463.0,69.4,4.0,4,2,1,1,2
48.0,Female,167.3,60.2,21.5,3-5 times/week,Average,8.2,3.0,No,Moderate,0,2293.0,89.3,4.0,2,2,0,0,1
53.0,Other,161.1,92.4,35.6,3-5 times/week,Average,6.6,6.0,No,Moderate,0,2485.0,92.0,4.0,2,2,0,0,2
61.0,Female,156.8,57.8,23.5,3-5 times/week,Good,7.2,8.0,No,Low,0,2139.0,67.5,4.0,3,1,0,0,1
65.0,Female,159.7,66.1,25.9,3-5 times/week,Good,7.9,4.0,Yes,Moderate,0,1840.0,50.0,4.0,3,2,1,0,1
62.0,Other,158.0,53.7,21.5,Daily,Average,7.0,10.0,Yes,Low,0,2350.0,84.7,7.0,2,1,1,0,2
67.0,Other,174.4,78.5,25.8,1-2 times/week,Good,5.5,3.0,No,Moderate,0,2541.0,72.9,1.5,3,2,0,0,2
52.0,Female,160.5,66.7,25.9,3-5 times/week,Good,5.7,8.0,No,Low,1,2117.0,64.7,4.0,3,1,0,1,1
43.0,Male,164.8,82.0,30.2,1-2 times/week,Poor,4.8,3.0,No,Moderate,1,3406.0,146.3,1.5,1,2,0,1,0
68.0,Male,158.4,85.3,34.0,Daily,Poor,5.1,8.0,No,Low,0,3290.0,140.1,7.0,1,1,0,0,0
26.0,Male,175.4,72.0,23.4,Daily,Good,5.9,3.0,No,Low,0,2785.0,72.0,7.0,3,1,0,0,0
68.0,Male,175.2,75.2,24.5,Daily,Good,6.9,10.0,No,High,0,2944.0,101.9,7.0,3,3,0,0,0
23.0,Male,169.6,84.9,29.5,1-2 times/week,Good,4.6,7.0,No,Low,0,2599.0,74.4,1.5,3,1,0,0,0
64.0,Other,169.9,91.8,31.8,1-2 times/week,Poor,7.5,1.0,No,Low,0,2903.0,123.9,1.5,1,1,0,0,2
60.0,Other,168.8,81.8,28.7,1-2 times/week,Good,7.0,2.0,Yes,Low,0,1803.0,50.7,1.5,3,1,1,0,2
24.0,Other,162.8,72.6,27.4,3-5 times/week,Average,7.1,3.0,No,Low,0,2950.0,96.4,4.0,2,1,0,0,2
25.0,Female,168.1,73.2,25.9,1-2 times/week,Poor,9.4,4.0,No,Low,0,2512.0,100.8,1.5,1,1,0,0,1
59.0,Other,170.4,48.5,16.7,3-5 times/week,Average,5.5,3.0,No,Low,0,2481.0,81.1,4.0,2,1,0,0,2
20.0,Male,170.9,88.2,30.2,1-2 times/week,Poor,6.1,8.0,No,High,0,3418.0,129.7,1.5,1,3,0,0,0
61.0,Female,156.8,65.9,26.8,3-5 times/week,Good,7.9,9.0,No,Low,0,1930.0,56.2,4.0,3,1,0,0,1
67.0,Other,176.9,80.1,25.6,1-2 times/week,Good,6.3,2.0,No,None,0,2370.0,63.7,1.5,3,0,0,0,2
63.0,Female,159.5,70.7,27.8,1-2 times/week,Average,7.3,9.0,No,High,0,2569.0,99.8,1.5,2,3,0,0,1
35.0,Female,159.4,81.8,32.2,1-2 times/week,Good,5.6,2.0,No,Moderate,0,2614.0,76.5,1.5,3,2,0,0,1
53.0,Male,176.2,77.6,25.0,1-2 times/week,Excellent,7.1,9.0,No,Moderate,0,1749.0,35.4,1.5,4,2,0,0,0
52.0,Female,159.5,55.7,21.9,3-5 times/week,Average,6.6,7.0,Yes,Low,0,2368.0,77.3,4.0,2,1,1,0,1
25.0,Male,188.1,94.8,26.8,3-5 times/week,Good,5.6,2.0,No,Low,1,2474.0,72.4,4.0,3,1,0,1,0
32.0,Male,169.9,99.0,34.3,3-5 times/week,Average,7.1,1.0,Yes,Low,1,1980.0,65.8,4.0,2,1,1,1,0
22.0,Other,155.5,72.5,30.0,3-5 times/week,Poor,7.4,6.0,No,Low,0,2587.0,104.4,4.0,1,1,0,0,2
59.0,Other,163.5,61.5,23.0,3-5 times/week,Good,5.9,7.0,No,Moderate,0,1477.0,42.3,4.0,3,2,0,0,2
62.0,Other,188.8,100.9,28.3,3-5 times/week,Poor,4.4,4.0,No,Low,0,3000.0,129.7,4.0,1,1,0,0,2
69.0,Female,161.0,52.9,20.4,Daily,Excellent,7.2,1.0,No,Low,0,1735.0,41.7,7.0,4,1,0,0,1
32.0,Other,173.2,67.8,22.6,3-5 times/week,Excellent,9.7,5.0,No,Moderate,0,2509.0,61.9,4.0,4,2,0,0,2
35.0,Other,166.4,104.7,37.8,3-5 times/week,Good,6.9,10.0,No,High,0,2221.0,64.5,4.0,3,3,0,0,2
57.0,Female,159.3,64.2,25.3,1-2 times/week,Excellent,7.9,1.0,No,Low,0,1424.0,33.7,1.5,4,1,0,0,1
53.0,Male,175.9,65.3,21.1,3-5 times/week,Average,7.0,10.0,No,Low,0,2916.0,97.4,4.0,2,1,0,0,0
40.0,Male,177.8,92.3,29.2,3-5 times/week,Excellent,6.7,1.0,Yes,High,0,2542.0,67.1,4.0,4,3,1,0,0
59.0,Other,153.1,76.2,32.5,3-5 times/week,Good,6.0,8.0,No,Low,0,2289.0,71.3,4.0,3,1,0,0,2
43.0,Other,176.1,90.2,29.1,3-5 times/week,Excellent,6.5,6.0,No,Low,1,1996.0,45.6,4.0,4,1,0,1,2
28.0,Female,156.0,44.5,18.3,Daily,Excellent,6.8,5.0,No,Low,0,2111.0,46.0,7.0,4,1,0,0,1
52.0,Male,169.3,96.0,33.5,1-2 times/week,Poor,5.8,4.0,Yes,Moderate,0,2997.0,125.2,1.5,1,2,1,0,0
57.0,Male,166.7,53.9,19.4,3-5 times/week,Poor,7.9,4.0,No,Low,0,2514.0,69.3,4.0,1,1,0,0,0
28.0,Other,158.8,56.7,22.5,3-5 times/week,Excellent,6.7,5.0,No,Low,1,1911.0,61.4,4.0,4,1,0,1,2
55.0,Male,178.9,123.5,38.6,1-2 times/week,Average,5.8,6.0,Yes,Moderate,1,3250.0,120.3,1.5,2,2,1,1,0
37.0,Male,159.3,63.9,25.2,3-5 times/week,Good,6.6,9.0,Yes,Moderate,0,2937.0,84.5,4.0,3,2,1,0,0
62.0,Male,184.5,117.1,34.4,3-5 times/week,Poor,5.8,2.0,Yes,Low,0,3027.0,127.5,4.0,1,1,1,0,0
21.0,Other,171.5,105.6,35.9,1-2 times/week,Excellent,8.3,10.0,Yes,Low,0,1985.0,52.1,1.5,4,1,1,0,2
20.0,Female,162.1,39.4,15.0,1-2 times/week,Excellent,8.2,6.0,Yes,Low,0,1867.0,44.1,1.5,4,1,1,0,1
38.0,Other,185.1,56.2,16.4,3-5 times/week,Good,8.3,4.0,No,Low,1,2160.0,63.3,4.0,3,1,0,1,2
40.0,Other,174.9,101.3,33.1,1-2 times/week,Excellent,6.6,3.0,Yes,High,0,2196.0,59.8,1.5,4,3,1,0,2
67.0,Male,177.0,85.8,27.4,1-2 times/week,Poor,7.6,9.0,No,Low,0,3121.0,125.0,1.5,1,1,0,0,0
38.0,Female,174.6,87.2,28.6,3-5 times/week,Good,7.6,8.0,No,Moderate,0,2364.0,61.8,4.0,3,2,0,0,1
26.0,Female,165.9,71.3,25.9,1-2 times/week,Excellent,7.8,10.0,No,Low,0,1808.0,36.1,1.5,4,1,0,0,1
61.0,Male,173.2,103.2,34.4,Daily,Poor,6.5,6.0,Yes,High,0,3907.0,163.6,7.0,1,3,1,0,0
45.0,Female,166.8,67.6,24.3,1-2 times/week,Good,6.1,3.0,No,Low,0,2376.0,65.5,1.5,3,1,0,0,1
54.0,Other,177.8,116.0,36.7,3-5 times/week,Poor,7.3,9.0,Yes,Low,1,2688.0,115.7,4.0,1,1,1,1,2
44.0,Male,171.2,116.7,39.8,3-5 times/week,Poor,7.0,6.0,No,Low,1,2780.0,121.9,4.0,1,1,0,1,0
66.0,Male,179.9,107.8,33.3,3-5 times/week,Average,7.2,2.0,No,Low,0,3028.0,133.6,4.0,2,1,0,0,0
69.0,Other,172.5,65.5,22.0,3-5 times/week,Good,6.8,6.0,No,Low,0,2262.0,71.5,4.0,3,1,0,0,2
53.0,Other,172.9,71.1,23.8,3-5 times/week,Average,7.0,5.0,No,Low,0,2078.0,75.0,4.0,2,1,0,0,2
37.0,Other,153.3,84.6,36.0,1-2 times/week,Good,5.2,8.0,No,Moderate,0,3011.0,104.2,1.5,3,2,0,0,2
39.0,Other,161.0,63.5,24.5,1-2 times/week,Good,9.0,3.0,Yes,Moderate,0,2439.0,94.8,1.5,3,2,1,0,2
46.0,Male,169.8,81.3,28.2,Daily,Good,9.6,1.0,Yes,High,0,3000.0,108.3,7.0,3,3,1,0,0
18.0,Female,156.6,55.9,22.8,3-5 times/week,Good,4.6,6.0,No,None,0,2107.0,69.5,4.0,3,0,0,0,1
50.0,Male,170.1,113.4,39.2,3-5 times/week,Average,8.2,8.0,No,Moderate,0,2956.0,109.0,4.0,2,2,0,0,0
35.0,Male,164.1,66.5,24.7,3-5 times/week,Good,7.7,6.0,No,Low,0,2405.0,70.2,4.0,3,1,0,0,0
51.0,Other,168.6,77.3,27.2,3-5 times/week,Excellent,7.4,1.0,Yes,Low,0,1231.0,24.4,4.0,4,1,1,0,2
50.0,Other,163.8,68.1,25.4,3-5 times/week,Good,7.4,4.0,No,Low,0,2372.0,64.3,4.0,3,1,0,0,2
60.0,Other,177.6,94.6,30.0,3-5 times/week,Poor,6.9,8.0,No,High,0,3331.0,136.9,4.0,1,3,0,0,2
42.0,Other,164.4,64.3,23.8,3-5 times/week,Average,5.3,5.0,Yes,Low,0,2640.0,91.3,4.0,2,1,1,0,2
62.0,Male,175.1,77.3,25.2,1-2 times/week,Excellent,7.1,10.0,No,Low,0,2094.0,53.9,1.5,4,1,0,0,0
35.0,Female,154.8,65.2,27.2,3-5 times/week,Good,5.3,4.0,No,Low,0,1590.0,33.4,4.0,3,1,0,0,1
52.0,Male,171.4,109.0,37.1,3-5 times/week,Poor,7.0,7.0,No,Low,0,3062.0,133.1,4.0,1,1,0,0,0
65.0,Other,164.6,110.0,40.6,Daily,Poor,5.3,5.0,Yes,Moderate,1,2605.0,100.1,7.0,1,2,1,1,2
62.0,Male,168.3,46.5,16.4,3-5 times/week,Good,8.7,8.0,No,Low,0,2403.0,78.5,4.0,3,1,0,0,0
38.0,Female,166.0,75.0,27.2,Daily,Good,5.1,9.0,No,Low,0,2621.0,89.9,7.0,3,1,0,0,1
55.0,Other,165.2,77.0,28.2,1-2 times/week,Excellent,7.2,8.0,No,Moderate,1,1642.0,39.3,1.5,4,2,0,1,2
19.0,Other,154.8,57.0,23.8,3-5 times/week,Excellent,7.0,6.0,Yes,High,0,1964.0,47.3,4.0,4,3,1,0,2
62.0,Female,148.2,67.4,30.7,1-2 times/week,Poor,7.5,1.0,No,Moderate,1,2527.0,110.2,1.5,1,2,0,1,1
57.0,Male,169.5,101.7,35.4,3-5 times/week,Average,8.9,5.0,No,High,0,2911.0,109.9,4.0,2,3,0,0,0
49.0,Other,169.1,66.1,23.1,Daily,Good,6.9,6.0,No,Low,0,2198.0,71.4,7.0,3,1,0,0,2
37.0,Female,163.9,66.9,24.9,1-2 times/week,Good,7.2,1.0,No,Low,0,1546.0,51.7,1.5,3,1,0,0,1
66.0,Male,170.9,59.6,20.4,3-5 times/week,Good,6.8,6.0,No,High,0,2696.0,80.4,4.0,3,3,0,0,0
69.0,Female,167.3,103.8,37.1,1-2 times/week,Poor,7.9,1.0,No,High,0,2798.0,112.4,1.5,1,3,0,0,1
39.0,Male,181.0,121.2,37.0,3-5 times/week,Poor,4.2,3.0,Yes,High,0,3357.0,145.5,4.0,1,3,1,0,0
29.0,Other,156.8,84.6,34.4,Daily,Average,5.7,8.0,Yes,Low,0,2645.0,93.6,7.0,2,1,1,0,2
40.0,Other,170.0,43.3,15.0,3-5 times/week,Excellent,7.7,5.0,Yes,Moderate,0,1886.0,45.1,4.0,4,2,1,0,2
24.0,Female,165.1,58.6,21.5,3-5 times/week,Excellent,7.0,9.0,Yes,Low,0,1765.0,37.2,4.0,4,1,1,0,1
33.0,Female,162.8,68.6,25.9,Daily,Average,5.9,7.0,No,Low,1,2558.0,86.8,7.0,2,1,0,1,1
54.0,Other,167.2,98.7,35.3,3-5 times/week,Poor,8.3,5.0,No,Moderate,0,2519.0,106.6,4.0,1,2,0,0,2
45.0,Other,177.3,85.2,27.1,3-5 times/week,Poor,6.7,2.0,No,Moderate,0,2993.0,130.8,4.0,1,2,0,0,2
56.0,Male,173.9,69.3,22.9,Daily,Good,6.9,9.0,No,Low,0,2510.0,69.3,7.0,3,1,0,0,0
18.0,Other,166.0,52.9,19.2,3-5 times/week,Poor,8.1,10.0,No,Low,0,2883.0,120.6,4.0,1,1,0,0,2
41.0,Other,176.5,75.7,24.3,Daily,Good,8.3,5.0,Yes,Low,0,2204.0,72.4,7.0,3,1,1,0,2
20.0,Other,156.5,68.6,28.0,Daily,Good,6.4,6.0,Yes,Low,0,1980.0,53.2,7.0,3,1,1,0,2
25.0,Female,161.5,69.4,26.6,1-2 times/week,Good,8.6,7.0,No,High,0,2440.0,84.0,1.5,3,3,0,0,1
45.0,Male,189.7,115.2,32.0,3-5 times/week,Poor,7.1,2.0,Yes,Low,0,3050.0,130.6,4.0,1,1,1,0,0
19.0,Female,164.3,47.8,17.7,3-5 times/week,Good,6.8,10.0,Yes,Low,0,1288.0,30.6,4.0,3,1,1,0,1
54.0,Other,163.5,76.7,28.7,3-5 times/week,Good,5.5,10.0,No,Moderate,0,2574.0,106.9,4.0,3,2,0,0,2
46.0,Female,149.5,64.6,28.9,1-2 times/week,Excellent,10.0,2.0,No,Moderate,1,2060.0,48.3,1.5,4,2,0,1,1
31.0,Male,175.4,62.5,20.3,3-5 times/week,Good,4.3,5.0,No,Moderate,0,3015.0,85.2,4.0,3,2,0,0,0
60.0,Other,171.5,80.3,27.3,3-5 times/week,Excellent,5.9,4.0,Yes,Low,0,2206.0,52.0,4.0,4,1,1,0,2
37.0,Female,159.8,67.2,26.3,3-5 times/week,Average,5.9,2.0,No,Low,0,2114.0,71.5,4.0,2,1,0,0,1
35.0,Other,168.5,46.6,16.4,1-2 times/week,Excellent,8.2,5.0,No,Moderate,0,2177.0,55.5,1.5,4,2,0,0,2
63.0,Other,155.6,61.3,25.3,3-5 times/week,Good,7.3,2.0,No,Moderate,0,2864.0,119.4,4.0,3,2,0,0,2
26.0,Male,173.7,72.7,24.1,3-5 times/week,Good,7.4,9.0,No,Moderate,0,2771.0,84.9,4.0,3,2,0,0,0
48.0,Other,169.8,89.7,31.1,3-5 times/week,Good,6.4,1.0,Yes,Low,0,2143.0,48.3,4.0,3,1,1,0,2
60.0,Female,155.8,75.5,31.1,3-5 times/week,Poor,6.4,2.0,No,Low,1,2084.0,93.0,4.0,1,1,0,1,1
20.0,Other,168.0,57.9,20.5,3-5 times/week,Excellent,7.9,2.0,No,Moderate,0,2858.0,64.6,4.0,4,2,0,0,2
33.0,Other,176.9,90.4,28.9,1-2 times/week,Excellent,6.9,1.0,No,Moderate,0,2091.0,46.4,1.5,4,2,0,0,2
26.0,Female,163.5,71.4,26.7,3-5 times/week,Excellent,6.0,9.0,Yes,Moderate,0,2426.0,67.9,4.0,4,2,1,0,1
46.0,Other,175.8,55.3,17.9,Daily,Excellent,6.8,1.0,Yes,Low,0,2674.0,66.1,7.0,4,1,1,0,2
64.0,Male,185.3,93.4,27.2,1-2 times/week,Excellent,8.2,6.0,No,Moderate,0,2249.0,49.5,1.5,4,2,0,0,0
25.0,Other,172.8,60.0,20.1,3-5 times/week,Good,8.1,5.0,No,Low,0,2188.0,59.3,4.0,3,1,0,0,2
54.0,Other,162.7,92.9,35.1,3-5 times/week,Good,5.7,9.0,No,Moderate,1,2878.0,117.1,4.0,3,2,0,1,2
66.0,Other,175.6,98.7,32.0,1-2 times/week,Average,7.1,4.0,Yes,Moderate,0,2640.0,91.1,1.5,2,2,1,0,2
69.0,Female,165.4,55.5,20.3,3-5 times/week,Excellent,7.1,10.0,Yes,None,0,1617.0,28.5,4.0,4,0,1,0,1
56.0,Male,167.2,80.0,28.6,1-2 times/week,Average,7.3,7.0,No,Low,0,2375.0,84.5,1.5,2,1,0,0,0
62.0,Other,165.2,65.5,24.0,3-5 times/week,Good,7.7,3.0,Yes,Low,0,1668.0,54.2,4.0,3,1,1,0,2
21.0,Other,154.6,62.6,26.2,3-5 times/week,Poor,6.5,10.0,No,Low,0,2789.0,131.3,4.0,1,1,0,0,2
62.0,Other,161.7,92.3,35.3,Daily,Good,8.0,7.0,No,Low,1,1999.0,56.7,7.0,3,1,0,1,2
20.0,Other,160.5,51.0,19.8,3-5 times/week,Good,8.3,6.0,No,High,1,2512.0,78.8,4.0,3,3,0,1,2
45.0,Other,164.8,64.1,23.6,Daily,Average,6.1,3.0,No,High,0,2908.0,103.4,7.0,2,3,0,0,2
61.0,Female,164.2,82.0,30.4,3-5 times/week,Average,8.5,7.0,Yes,Low,0,2254.0,72.2,4.0,2,1,1,0,1
49.0,Male,173.5,92.7,30.8,1-2 times/week,Average,6.8,4.0,No,Moderate,0,2695.0,95.2,1.5,2,2,0,0,0
56.0,Female,162.2,77.1,29.3,3-5 times/week,Excellent,7.0,6.0,Yes,Low,0,2139.0,51.8,4.0,4,1,1,0,1
37.0,Other,165.7,95.0,34.6,3-5 times/week,Average,6.6,3.0,Yes,Low,1,2699.0,102.2,4.0,2,1,1,1,2
53.0,Male,170.5,99.1,34.1,3-5 times/week,Poor,7.0,3.0,Yes,High,1,3765.0,169.2,4.0,1,3,1,1,0
57.0,Female,151.7,74.3,32.3,3-5 times/week,Average,6.7,3.0,Yes,Low,0,2090.0,83.5,4.0,2,1,1,0,1
63.0,Male,162.5,51.2,19.4,3-5 times/week,Excellent,7.3,9.0,No,Moderate,1,1829.0,56.5,4.0,4,2,0,1,0
57.0,Female,145.0,53.0,25.2,3-5 times/week,Excellent,5.1,6.0,No,Low,1,1802.0,42.6,4.0,4,1,0,1,1
28.0,Male,165.8,55.3,20.1,3-5 times/week,Average,6.8,7.0,No,Low,0,2936.0,99.1,4.0,2,1,0,0,0
45.0,Male,161.8,102.9,39.3,3-5 times/week,Poor,7.3,2.0,Yes,Low,1,2963.0,122.4,4.0,1,1,1,1,0
46.0,Other,171.6,101.3,34.4,3-5 times/week,Poor,7.4,8.0,No,High,0,3197.0,129.2,4.0,1,3,0,0,2
23.0,Other,163.0,81.8,30.8,Daily,Poor,7.0,3.0,Yes,Low,0,3587.0,131.2,7.0,1,1,1,0,2
50.0,Other,170.8,86.9,29.8,Daily,Average,5.0,6.0,No,Moderate,1,3026.0,108.9,7.0,2,2,0,1,2
43.0,Other,169.2,47.5,16.6,Daily,Excellent,6.5,9.0,No,Low,0,2358.0,49.9,7.0,4,1,0,0,2
57.0,Female,158.7,75.8,30.1,Daily,Good,6.6,8.0,Yes,Moderate,0,2219.0,74.7,7.0,3,2,1,0,1
33.0,Female,157.3,59.1,23.9,3-5 times/week,Good,9.1,10.0,No,Low,1,1685.0,48.5,4.0,3,1,0,1,1
32.0,Female,180.0,76.1,23.5,3-5 times/week,Excellent,6.2,10.0,Yes,High,0,2320.0,62.7,4.0,4,3,1,0,1
54.0,Male,164.7,86.3,31.8,3-5 times/week,Average,9.7,10.0,No,Low,0,2977.0,108.7,4.0,2,1,0,0,0
62.0,Other,170.2,58.8,20.3,Daily,Good,8.3,6.0,No,Moderate,0,2466.0,73.6,7.0,3,2,0,0,2
37.0,Female,159.1,51.6,20.4,1-2 times/week,Average,7.7,7.0,No,Low,1,2115.0,82.0,1.5,2,1,0,1,1
69.0,Male,165.4,90.6,33.1,1-2 times/week,Good,4.0,1.0,No,Low,0,3139.0,140.0,1.5,3,1,0,0,0
29.0,Other,168.6,118.0,41.5,1-2 times/week,Good,7.0,4.0,No,High,1,2493.0,72.1,1.5,3,3,0,1,2
45.0,Female,167.7,63.0,22.4,Daily,Good,5.9,6.0,No,None,0,2358.0,66.3,7.0,3,0,0,0,1
53.0,Female,167.0,84.5,30.3,3-5 times/week,Poor,5.2,8.0,No,High,1,2574.0,105.2,4.0,1,3,0,1,1
37.0,Female,170.2,86.3,29.8,3-5 times/week,Good,7.9,3.0,Yes,High,0,2858.0,127.6,4.0,3,3,1,0,1
30.0,Male,164.6,78.6,29.0,1-2 times/week,Poor,6.9,10.0,No,Moderate,0,3025.0,124.6,1.5,1,2,0,0,0
54.0,Female,163.1,82.2,30.9,3-5 times/week,Average,7.0,6.0,No,High,0,2498.0,86.4,4.0,2,3,0,0,1
25.0,Female,150.3,47.7,21.1,3-5 times/week,Excellent,8.4,2.0,Yes,Moderate,1,1827.0,37.5,4.0,4,2,1,1,1
66.0,Other,167.0,93.7,33.6,1-2 times/week,Good,4.5,7.0,No,Low,1,1497.0,50.0,1.5,3,1,0,1,2
28.0,Female,158.1,71.0,28.4,3-5 times/week,Good,8.9,1.0,Yes,Moderate,0,2763.0,114.6,4.0,3,2,1,0,1
32.0,Other,166.6,61.3,22.1,1-2 times/week,Excellent,7.0,3.0,No,Moderate,0,1985.0,52.8,1.5,4,2,0,0,2
66.0,Other,180.1,76.5,23.6,1-2 times/week,Good,6.1,6.0,No,Moderate,0,2289.0,68.8,1.5,3,2,0,0,2
46.0,Male,164.1,88.9,33.0,3-5 times/week,Good,5.3,9.0,No,Low,1,2035.0,52.8,4.0,3,1,0,1,0
55.0,Other,168.1,83.9,29.7,3-5 times/week,Poor,6.5,5.0,No,Low,0,2269.0,100.2,4.0,1,1,0,0,2
30.0,Other,174.6,81.7,26.8,3-5 times/week,Excellent,5.7,9.0,No,Low,1,2241.0,56.7,4.0,4,1,0,1,2
52.0,Female,164.8,75.8,27.9,Daily,Poor,9.8,1.0,No,High,0,2910.0,126.3,7.0,1,3,0,0,1
39.0,Other,174.7,57.4,18.8,3-5 times/week,Good,5.9,8.0,No,Low,0,2500.0,63.9,4.0,3,1,0,0,2
48.0,Female,157.2,51.6,20.9,3-5 times/week,Good,7.4,6.0,No,Moderate,0,2148.0,71.7,4.0,3,2,0,0,1
67.0,Female,159.5,86.8,34.1,1-2 times/week,Poor,5.1,4.0,Yes,Moderate,0,2633.0,109.9,1.5,1,2,1,0,1
38.0,Male,167.7,75.4,26.8,1-2 times/week,Good,5.6,3.0,No,Low,0,2391.0,72.3,1.5,3,1,0,0,0
40.0,Female,163.7,87.1,32.5,3-5 times/week,Excellent,4.7,8.0,No,High,1,1823.0,55.5,4.0,4,3,0,1,1
63.0,Female,148.2,73.1,33.3,3-5 times/week,Poor,7.2,1.0,No,Low,0,1912.0,78.9,4.0,1,1,0,0,1
49.0,Male,173.0,107.7,36.0,Daily,Poor,8.6,7.0,No,Low,0,3136.0,132.7,7.0,1,1,0,0,0
21.0,Other,163.5,60.1,22.5,Daily,Good,6.0,2.0,No,Moderate,0,2989.0,99.0,7.0,3,2,0,0,2
46.0,Female,149.4,58.9,26.4,1-2 times/week,Poor,7.0,1.0,No,Low,0,2321.0,108.5,1.5,1,1,0,0,1
50.0,Female,160.1,80.0,31.2,1-2 times/week,Poor,8.1,3.0,No,Moderate,0,2789.0,124.3,1.5,1,2,0,0,1
28.0,Other,172.1,67.8,22.9,1-2 times/week,Good,7.1,9.0,No,High,0,2533.0,77.3,1.5,3,3,0,0,2
30.0,Female,169.5,85.6,29.8,3-5 times/week,Average,5.7,10.0,No,Moderate,0,2420.0,90.2,4.0,2,2,0,0,1
27.0,Other,165.9,58.1,21.1,Daily,Excellent,8.4,7.0,No,High,0,2249.0,51.1,7.0,4,3,0,0,2
62.0,Male,182.4,90.8,27.3,3-5 times/week,Good,6.0,8.0,No,Moderate,0,2685.0,80.8,4.0,3,2,0,0,0
35.0,Male,174.4,98.5,32.4,3-5 times/week,Poor,9.9,8.0,No,Low,0,3500.0,154.7,4.0,1,1,0,0,0
51.0,Female,163.6,64.2,24.0,3-5 times/week,Excellent,8.7,2.0,No,Low,1,1535.0,31.1,4.0,4,1,0,1,1
52.0,Female,155.2,45.8,19.0,3-5 times/week,Excellent,7.6,7.0,Yes,Low,0,1200.0,32.6,4.0,4,1,1,0,1
40.0,Other,162.8,76.3,28.8,3-5 times/week,Good,7.1,3.0,No,High,0,2288.0,61.7,4.0,3,3,0,0,2
26.0,Male,163.2,67.4,25.3,1-2 times/week,Poor,7.1,4.0,No,Low,0,2835.0,132.6,1.5,1,1,0,0,0
32.0,Male,168.1,71.2,25.2,Daily,Good,7.4,4.0,No,Low,1,2670.0,69.1,7.0,3,1,0,1,0
56.0,Female,154.8,45.5,19.0,None,Good,5.9,6.0,No,Moderate,0,2440.0,73.4,0.0,3,2,0,0,1
68.0,Female,160.8,60.5,23.4,3-5 times/week,Poor,8.2,9.0,No,Low,0,2755.0,116.1,4.0,1,1,0,0,1
29.0,Female,156.7,75.1,30.6,3-5 times/week,Average,7.8,4.0,No,Low,1,2053.0,74.4,4.0,2,1,0,1,1
47.0,Male,161.1,48.3,18.6,Daily,Good,6.5,1.0,Yes,Moderate,0,3014.0,84.5,7.0,3,2,1,0,0
34.0,Male,161.1,45.4,17.5,3-5 times/week,Good,8.4,6.0,Yes,Low,0,1816.0,57.7,4.0,3,1,1,0,0
30.0,Male,161.5,60.5,23.2,3-5 times/week,Good,6.3,5.0,No,Low,0,2690.0,78.0,4.0,3,1,0,0,0
66.0,Other,165.6,64.2,23.4,Daily,Good,5.7,8.0,No,Moderate,0,2542.0,76.2,7.0,3,2,0,0,2
26.0,Other,163.5,60.4,22.6,1-2 times/week,Good,6.7,4.0,No,High,0,3009.0,79.6,1.5,3,3,0,0,2
25.0,Other,166.6,101.3,36.5,3-5 times/week,Poor,7.7,5.0,No,Low,0,2383.0,108.0,4.0,1,1,0,0,2
60.0,Male,181.1,133.8,40.8,3-5 times/week,Good,6.1,9.0,No,High,0,2068.0,57.9,4.0,3,3,0,0,0
64.0,Female,145.0,75.5,35.9,3-5 times/week,Average,8.9,10.0,No,Low,0,1790.0,66.7,4.0,2,1,0,0,1
33.0,Male,165.3,92.6,33.9,Daily,Good,5.5,5.0,No,Low,0,2913.0,117.1,7.0,3,1,0,0,0
44.0,Male,176.1,82.5,26.6,3-5 times/week,Good,6.7,9.0,Yes,Low,0,2957.0,114.5,4.0,3,1,1,0,0
58.0,Female,163.4,57.1,21.4,Daily,Average,7.8,1.0,No,Low,0,2282.0,88.6,7.0,2,1,0,0,1
26.0,Female,164.2,67.1,24.9,3-5 times/week,Excellent,6.7,4.0,Yes,Low,0,1583.0,41.4,4.0,4,1,1,0,1
30.0,Female,155.5,68.2,28.2,Daily,Good,6.7,9.0,No,Low,0,2463.0,79.4,7.0,3,1,0,0,1
18.0,Male,177.3,99.6,31.7,3-5 times/week,Poor,8.5,4.0,Yes,Low,0,3021.0,114.2,4.0,1,1,1,0,0
28.0,Other,165.9,83.9,30.5,1-2 times/week,Average,7.5,5.0,Yes,Moderate,0,2848.0,105.0,1.5,2,2,1,0,2
26.0,Female,146.8,59.7,27.7,3-5 times/week,Average,7.4,6.0,Yes,Low,0,1835.0,58.8,4.0,2,1,1,0,1
66.0,Male,173.3,71.8,23.9,3-5 times/week,Average,7.0,3.0,Yes,Low,0,2786.0,91.7,4.0,2,1,1,0,0
18.0,Other,174.1,96.7,31.9,1-2 times/week,Good,6.1,10.0,No,High,0,2961.0,79.1,1.5,3,3,0,0,2
42.0,Male,172.9,70.6,23.6,3-5 times/week,Average,6.3,9.0,No,Low,0,3216.0,107.6,4.0,2,1,0,0,0
29.0,Male,154.1,82.4,34.7,3-5 times/week,Poor,8.4,6.0,No,High,0,2481.0,101.2,4.0,1,3,0,0,0
25.0,Male,181.5,111.0,33.7,3-5 times/week,Average,5.4,7.0,Yes,High,0,2873.0,102.0,4.0,2,3,1,0,0
22.0,Male,174.5,76.1,25.0,Daily,Excellent,6.4,7.0,No,Moderate,0,2891.0,85.6,7.0,4,2,0,0,0
41.0,Other,176.9,89.5,28.6,3-5 times/week,Good,8.2,5.0,No,Moderate,0,3219.0,98.6,4.0,3,2,0,0,2
40.0,Male,170.1,93.2,32.2,None,Good,6.0,8.0,Yes,Low,0,3227.0,130.1,0.0,3,1,1,0,0
25.0,Female,161.9,77.1,29.4,1-2 times/week,Good,8.2,6.0,No,Low,1,2615.0,72.5,1.5,3,1,0,1,1
22.0,Male,170.2,76.8,26.5,1-2 times/week,Average,6.6,5.0,No,Low,0,2426.0,76.5,1.5,2,1,0,0,0
64.0,Other,166.2,98.6,35.7,1-2 times/week,Poor,6.9,10.0,Yes,High,0,3204.0,146.7,1.5,1,3,1,0,2
48.0,Female,156.8,36.9,15.0,Daily,Excellent,6.9,10.0,No,Low,0,1792.0,46.0,7.0,4,1,0,0,1
18.0,Male,171.4,96.1,32.7,None,Average,7.6,9.0,No,Low,0,2787.0,101.5,0.0,2,1,0,0,0
20.0,Male,168.6,77.3,27.2,1-2 times/week,Poor,8.3,7.0,No,Low,0,2747.0,119.5,1.5,1,1,0,0,0
20.0,Female,151.9,49.8,21.6,3-5 times/week,Excellent,7.5,10.0,Yes,High,0,2087.0,51.4,4.0,4,3,1,0,1
62.0,Other,176.3,65.3,21.0,3-5 times/week,Good,7.2,1.0,No,Moderate,0,2098.0,59.8,4.0,3,2,0,0,2
33.0,Other,162.6,72.2,27.3,3-5 times/week,Good,6.0,5.0,No,Moderate,0,2419.0,62.4,4.0,3,2,0,0,2
19.0,Male,168.6,78.5,27.6,3-5 times/week,Good,5.3,6.0,No,Moderate,0,2294.0,59.2,4.0,3,2,0,0,0
46.0,Other,162.7,83.4,31.5,3-5 times/week,Poor,5.9,6.0,No,High,0,3450.0,145.2,4.0,1,3,0,0,2
45.0,Male,171.7,95.2,32.3,3-5 times/week,Average,8.0,6.0,Yes,Low,0,2965.0,115.8,4.0,2,1,1,0,0
40.0,Male,167.3,72.5,25.9,3-5 times/week,Good,6.0,4.0,No,Low,0,2089.0,61.1,4.0,3,1,0,0,0
30.0,Other,161.0,90.2,34.8,None,Poor,6.2,4.0,No,Low,0,2560.0,105.2,0.0,1,1,0,0,2
32.0,Female,158.4,68.5,27.3,3-5 times/week,Average,8.9,7.0,No,Low,0,2309.0,85.5,4.0,2,1,0,0,1
60.0,Male,183.3,67.5,20.1,None,Excellent,5.8,5.0,No,Low,0,2963.0,96.6,0.0,4,1,0,0,0
45.0,Female,152.3,77.5,33.4,3-5 times/week,Poor,8.9,4.0,No,Low,0,2680.0,103.6,4.0,1,1,0,0,1
44.0,Male,182.0,97.1,29.3,3-5 times/week,Poor,7.5,6.0,No,Low,0,3186.0,117.0,4.0,1,1,0,0,0
33.0,Male,168.6,93.0,32.7,3-5 times/week,Good,6.8,8.0,No,Low,0,3287.0,136.5,4.0,3,1,0,0,0
44.0,Female,155.9,49.6,20.4,1-2 times/week,Good,8.1,6.0,Yes,Moderate,0,1912.0,64.4,1.5,3,2,1,0,1
59.0,Other,163.1,81.7,30.7,3-5 times/week,Average,6.0,6.0,No,Moderate,0,1992.0,73.2,4.0,2,2,0,0,2
33.0,Male,166.3,64.4,23.3,Daily,Excellent,8.0,5.0,No,High,0,2941.0,68.1,7.0,4,3,0,0,0
36.0,Female,148.1,77.6,35.4,3-5 times/week,Poor,8.2,7.0,No,High,0,2146.0,81.7,4.0,1,3,0,0,1
63.0,Male,165.5,105.5,38.5,3-5 times/week,Poor,7.7,4.0,No,Low,1,2845.0,116.7,4.0,1,1,0,1,0
34.0,Female,145.2,85.6,40.6,3-5 times/week,Average,6.8,4.0,Yes,Low,1,1916.0,68.1,4.0,2,1,1,1,1
20.0,Male,150.5,96.3,10.700000000000003,3-5 times/week,Poor,8.3,8.0,No,High,1,3070.0,130.5,4.0,1,3,0,1,0
67.0,Other,166.1,41.4,15.0,Daily,Excellent,6.1,6.0,No,High,0,2366.0,58.9,7.0,4,3,0,0,2
36.0,Other,167.4,66.7,23.8,3-5 times/week,Good,7.9,8.0,No,High,0,2260.0,64.5,4.0,3,3,0,0,2
66.0,Female,153.7,63.5,26.9,1-2 times/week,Excellent,9.6,1.0,No,Low,0,1622.0,46.0,1.5,4,1,0,0,1
44.0,Female,163.5,69.5,26.0,1-2 times/week,Good,8.1,6.0,No,None,0,2804.0,85.3,1.5,3,0,0,0,1
64.0,Male,174.2,65.9,21.7,3-5 times/week,Excellent,6.6,2.0,No,Low,0,1836.0,47.0,4.0,4,1,0,0,0
20.0,Male,157.3,45.3,18.3,3-5 times/week,Good,7.0,2.0,No,Low,0,2039.0,46.9,4.0,3,1,0,0,0
56.0,Male,167.9,43.4,15.4,Daily,Good,7.7,5.0,No,Low,0,2707.0,61.9,7.0,3,1,0,0,0
42.0,Male,165.0,93.1,34.2,Daily,Average,7.4,2.0,No,Moderate,0,3085.0,113.8,7.0,2,2,0,0,0
33.0,Female,159.7,56.1,22.0,3-5 times/week,Excellent,8.6,8.0,No,Low,0,2303.0,88.6,4.0,4,1,0,0,1
37.0,Male,177.2,72.5,23.1,3-5 times/week,Good,7.4,10.0,No,Low,0,2289.0,61.5,4.0,3,1,0,0,0
26.0,Other,171.6,111.6,37.9,3-5 times/week,Poor,7.0,9.0,No,Low,1,2985.0,137.0,4.0,1,1,0,1,2
25.0,Female,161.5,93.6,35.9,1-2 times/week,Average,5.7,4.0,No,Moderate,1,2417.0,95.7,1.5,2,2,0,1,1
24.0,Other,147.0,55.5,25.7,1-2 times/week,Excellent,6.8,9.0,No,High,1,2257.0,53.6,1.5,4,3,0,1,2
60.0,Male,174.4,83.3,27.4,3-5 times/week,Poor,8.5,3.0,No,Moderate,1,3072.0,122.8,4.0,1,2,0,1,0
32.0,Other,167.7,106.0,37.7,1-2 times/week,Average,7.4,8.0,No,Low,0,2990.0,108.6,1.5,2,1,0,0,2
58.0,Other,161.3,70.2,27.0,3-5 times/week,Average,9.5,7.0,Yes,Moderate,0,2567.0,88.9,4.0,2,2,1,0,2
68.0,Other,167.4,65.3,23.3,Daily,Average,7.0,7.0,No,Low,0,2319.0,80.4,7.0,2,1,0,0,2
52.0,Female,163.5,78.9,29.5,3-5 times/week,Average,7.1,4.0,No,Moderate,0,1692.0,70.8,4.0,2,2,0,0,1
64.0,Male,172.4,85.3,28.7,3-5 times/week,Excellent,6.7,5.0,Yes,High,0,2291.0,54.4,4.0,4,3,1,0,0
27.0,Male,176.3,77.7,25.0,Daily,Average,8.2,6.0,No,Low,0,3334.0,108.5,7.0,2,1,0,0,0
50.0,Male,162.3,71.6,27.2,1-2 times/week,Average,7.0,10.0,Yes,Moderate,0,2773.0,95.8,1.5,2,2,1,0,0
57.0,Female,157.4,80.5,32.5,None,Average,6.7,2.0,No,Low,1,2755.0,115.6,0.0,2,1,0,1,1
67.0,Male,170.4,84.2,29.0,3-5 times/week,Excellent,6.9,4.0,No,Moderate,0,3011.0,67.3,4.0,4,2,0,0,0
20.0,Female,157.8,62.5,25.1,3-5 times/week,Good,6.1,10.0,Yes,High,1,2436.0,67.4,4.0,3,3,1,1,1
20.0,Other,146.8,51.7,24.0,3-5 times/week,Good,7.0,4.0,No,Low,0,1778.0,47.1,4.0,3,1,0,0,2
18.0,Other,183.6,89.7,26.6,3-5 times/week,Poor,7.7,5.0,Yes,Low,1,2732.0,118.5,4.0,1,1,1,1,2
45.0,Other,155.1,38.7,16.1,Daily,Poor,6.1,6.0,No,Moderate,0,2875.0,125.1,7.0,1,2,0,0,2
57.0,Female,152.1,34.7,15.0,3-5 times/week,Good,7.7,6.0,No,Low,0,2027.0,65.7,4.0,3,1,0,0,1
65.0,Other,163.4,50.5,18.9,1-2 times/week,Good,6.0,7.0,Yes,Low,0,1881.0,57.3,1.5,3,1,1,0,2
61.0,Other,166.2,63.0,22.8,3-5 times/week,Excellent,7.8,3.0,Yes,Low,1,1630.0,29.5,4.0,4,1,1,1,2
46.0,Male,170.6,117.6,40.4,3-5 times/week,Average,6.7,6.0,No,High,0,3239.0,119.1,4.0,2,3,0,0,0
67.0,Female,161.2,78.2,30.1,1-2 times/week,Good,8.0,2.0,No,Low,0,2034.0,73.0,1.5,3,1,0,0,1
26.0,Female,157.0,52.0,21.1,Daily,Excellent,7.9,7.0,Yes,High,0,2238.0,55.9,7.0,4,3,1,0,1
67.0,Other,158.3,53.9,21.5,3-5 times/week,Good,7.4,6.0,No,Moderate,0,2236.0,76.9,4.0,3,2,0,0,2
38.0,Female,162.3,52.9,20.1,Daily,Good,4.4,9.0,No,Low,1,1666.0,49.6,7.0,3,1,0,1,1
34.0,Female,154.3,54.8,23.0,3-5 times/week,Average,7.5,9.0,No,Moderate,0,2405.0,85.1,4.0,2,2,0,0,1
65.0,Female,155.7,68.4,28.2,3-5 times/week,Average,6.7,8.0,No,Moderate,0,2014.0,73.5,4.0,2,2,0,0,1
65.0,Female,151.7,74.1,32.2,1-2 times/week,Good,7.0,7.0,No,Low,0,1746.0,55.2,1.5,3,1,0,0,1
22.0,Female,162.7,57.4,21.7,Daily,Good,9.3,2.0,Yes,Low,0,2231.0,72.0,7.0,3,1,1,0,1
18.0,Female,170.5,125.3,43.1,3-5 times/week,Poor,6.6,7.0,Yes,Moderate,0,2479.0,106.5,4.0,1,2,1,0,1
44.0,Female,158.3,65.7,26.2,Daily,Good,6.2,2.0,No,Low,1,1932.0,50.2,7.0,3,1,0,1,1
43.0,Female,160.5,70.1,27.2,3-5 times/week,Excellent,5.9,10.0,Yes,Low,0,2011.0,52.4,4.0,4,1,1,0,1
48.0,Male,176.6,96.1,30.8,1-2 times/week,Poor,4.3,1.0,No,Low,1,3421.0,134.8,1.5,1,1,0,1,0
69.0,Female,163.8,71.1,26.5,Daily,Average,7.5,8.0,No,Moderate,0,2387.0,90.3,7.0,2,2,0,0,1
28.0,Other,150.6,78.2,34.5,1-2 times/week,Poor,4.7,4.0,No,High,0,2903.0,119.0,1.5,1,3,0,0,2
48.0,Female,154.1,60.3,25.4,1-2 times/week,Excellent,7.4,4.0,Yes,Low,0,1313.0,27.3,1.5,4,1,1,0,1
41.0,Other,155.7,73.9,30.5,3-5 times/week,Good,8.1,9.0,No,Low,1,2059.0,63.3,4.0,3,1,0,1,2
51.0,Other,160.7,95.0,36.8,Daily,Excellent,6.9,3.0,No,High,1,2480.0,73.5,7.0,4,3,0,1,2
18.0,Female,158.4,88.8,35.4,1-2 times/week,Poor,7.1,5.0,No,Moderate,0,2665.0,118.5,1.5,1,2,0,0,1
65.0,Male,163.4,81.2,30.4,3-5 times/week,Excellent,11.0,5.0,Yes,Low,0,1900.0,46.6,4.0,4,1,1,0,0
46.0,Male,164.7,69.2,25.5,1-2 times/week,Good,6.2,2.0,No,Low,0,2206.0,59.1,1.5,3,1,0,0,0
31.0,Male,172.1,86.5,29.2,1-2 times/week,Excellent,6.9,9.0,No,Moderate,1,2146.0,58.8,1.5,4,2,0,1,0
62.0,Male,181.7,97.4,29.5,1-2 times/week,Poor,6.3,8.0,No,Low,0,2963.0,130.9,1.5,1,1,0,0,0
48.0,Other,150.4,81.2,35.9,None,Average,6.5,6.0,No,Moderate,0,2210.0,78.8,0.0,2,2,0,0,2
38.0,Other,175.4,93.5,30.4,3-5 times/week,Poor,4.9,8.0,No,Low,1,2346.0,114.8,4.0,1,1,0,1,2
34.0,Female,159.7,86.5,33.9,3-5 times/week,Average,8.2,2.0,Yes,High,0,2412.0,85.6,4.0,2,3,1,0,1
51.0,Male,167.3,79.8,28.5,3-5 times/week,Poor,6.1,2.0,Yes,High,0,3357.0,132.4,4.0,1,3,1,0,0
19.0,Male,174.4,97.9,32.2,3-5 times/week,Poor,6.6,9.0,No,Low,0,3705.0,157.1,4.0,1,1,0,0,0
28.0,Other,172.5,76.5,25.7,3-5 times/week,Excellent,7.5,2.0,No,High,0,2390.0,62.8,4.0,4,3,0,0,2
29.0,Male,182.3,89.1,26.8,Daily,Average,7.3,3.0,Yes,High,0,3302.0,116.2,7.0,2,3,1,0,0
69.0,Male,167.4,89.1,31.8,3-5 times/week,Good,7.0,1.0,Yes,Moderate,0,2418.0,75.2,4.0,3,2,1,0,0
65.0,Female,157.7,85.8,34.5,3-5 times/week,Good,5.8,4.0,No,Moderate,0,2430.0,109.0,4.0,3,2,0,0,1
26.0,Male,177.4,59.5,18.9,Daily,Average,7.0,2.0,Yes,Low,0,3073.0,109.2,7.0,2,1,1,0,0
27.0,Female,145.0,43.1,20.5,3-5 times/week,Good,8.6,10.0,Yes,Low,0,1385.0,47.5,4.0,3,1,1,0,1
58.0,Female,162.0,82.1,31.3,1-2 times/week,Average,7.9,10.0,No,Moderate,1,2596.0,98.2,1.5,2,2,0,1,1
20.0,Male,179.8,80.2,24.8,3-5 times/week,Average,8.6,5.0,No,Low,0,3297.0,114.1,4.0,2,1,0,0,0
20.0,Male,169.6,85.7,29.8,3-5 times/week,Average,7.0,2.0,No,Low,0,2492.0,97.7,4.0,2,1,0,0,0
40.0,Other,158.2,57.8,23.1,Daily,Excellent,8.3,1.0,No,Low,0,2171.0,58.5,7.0,4,1,0,0,2
68.0,Female,164.7,99.0,36.5,3-5 times/week,Average,7.5,10.0,No,Low,0,1859.0,69.6,4.0,2,1,0,0,1
39.0,Other,160.1,86.9,33.9,3-5 times/week,Good,6.5,9.0,Yes,Low,0,2781.0,116.2,4.0,3,1,1,0,2
47.0,Male,166.3,51.7,18.7,3-5 times/week,Good,6.0,2.0,No,Moderate,1,2996.0,80.5,4.0,3,2,0,1,0
38.0,Female,149.3,56.2,25.2,1-2 times/week,Good,5.7,8.0,No,High,0,2103.0,66.7,1.5,3,3,0,0,1
49.0,Other,180.1,101.8,31.4,3-5 times/week,Good,7.0,6.0,No,High,0,3167.0,92.0,4.0,3,3,0,0,2
44.0,Other,182.7,91.8,27.5,1-2 times/week,Good,5.4,4.0,No,Low,0,2297.0,95.7,1.5,3,1,0,0,2
60.0,Female,172.0,91.7,31.0,3-5 times/week,Average,7.9,6.0,No,Low,0,2232.0,79.4,4.0,2,1,0,0,1
26.0,Other,168.3,71.7,25.3,3-5 times/week,Good,5.9,3.0,No,Low,0,2405.0,54.5,4.0,3,1,0,0,2
63.0,Male,173.6,101.0,33.5,1-2 times/week,Excellent,4.4,8.0,No,High,0,2073.0,44.6,1.5,4,3,0,0,0
21.0,Female,151.9,84.9,36.8,1-2 times/week,Average,5.4,3.0,No,Moderate,0,2461.0,82.9,1.5,2,2,0,0,1
37.0,Female,163.5,81.0,30.3,3-5 times/week,Poor,5.4,1.0,No,Moderate,0,2560.0,108.6,4.0,1,2,0,0,1
20.0,Other,174.6,109.7,36.0,3-5 times/week,Average,7.8,1.0,No,Low,0,2823.0,97.3,4.0,2,1,0,0,2
67.0,Other,162.4,82.3,31.2,Daily,Poor,7.0,7.0,Yes,Low,0,3247.0,138.8,7.0,1,1,1,0,2
64.0,Male,169.0,82.0,28.7,3-5 times/week,Excellent,7.0,1.0,No,High,0,2560.0,60.7,4.0,4,3,0,0,0
21.0,Female,170.7,104.3,35.8,3-5 times/week,Poor,4.9,1.0,Yes,Low,0,2243.0,106.0,4.0,1,1,1,0,1
23.0,Other,157.7,51.0,20.5,1-2 times/week,Good,7.6,1.0,Yes,Low,0,1641.0,42.8,1.5,3,1,1,0,2
57.0,Other,163.4,60.6,22.7,Daily,Good,5.6,4.0,No,None,0,2842.0,93.8,7.0,3,0,0,0,2
57.0,Male,165.5,77.5,28.3,3-5 times/week,Poor,8.3,2.0,No,Moderate,0,3158.0,134.6,4.0,1,2,0,0,0
19.0,Female,161.6,40.7,15.6,Daily,Average,7.8,1.0,Yes,Low,0,2353.0,87.7,7.0,2,1,1,0,1
55.0,Female,165.7,69.2,25.2,Daily,Poor,7.0,9.0,No,Low,0,2662.0,117.0,7.0,1,1,0,0,1
49.0,Male,165.8,62.1,22.6,3-5 times/week,Good,6.2,1.0,No,Moderate,0,2330.0,67.3,4.0,3,2,0,0,0
18.0,Other,186.2,84.6,24.4,3-5 times/week,Average,6.3,5.0,No,Low,0,2913.0,96.6,4.0,2,1,0,0,2
56.0,Other,154.2,89.6,37.7,None,Average,7.9,7.0,No,Low,1,2331.0,90.2,0.0,2,1,0,1,2
30.0,Male,166.4,93.6,33.8,3-5 times/week,Poor,8.9,8.0,Yes,Moderate,1,3815.0,157.8,4.0,1,2,1,1,0
25.0,Female,162.3,63.2,24.0,Daily,Average,6.5,4.0,Yes,Moderate,0,2857.0,106.7,7.0,2,2,1,0,1
46.0,Other,169.0,90.8,31.8,3-5 times/week,Average,9.7,8.0,Yes,Low,0,2104.0,83.9,4.0,2,1,1,0,2
24.0,Female,160.4,60.7,23.6,Daily,Good,6.5,2.0,No,High,1,2442.0,62.5,7.0,3,3,0,1,1
21.0,Other,159.2,77.0,30.4,3-5 times/week,Poor,5.9,8.0,No,Moderate,0,2935.0,119.3,4.0,1,2,0,0,2
48.0,Female,178.8,74.2,23.2,Daily,Excellent,7.9,10.0,No,Low,0,2446.0,60.7,7.0,4,1,0,0,1
40.0,Female,154.2,55.6,23.4,3-5 times/week,Average,6.6,1.0,Yes,Low,0,1804.0,69.7,4.0,2,1,1,0,1
57.0,Other,159.8,61.8,24.2,1-2 times/week,Excellent,6.0,5.0,No,Moderate,0,2574.0,63.1,1.5,4,2,0,0,2
30.0,Male,172.3,49.9,16.8,3-5 times/week,Average,9.0,2.0,No,Low,0,2891.0,103.5,4.0,2,1,0,0,0
38.0,Female,163.7,93.3,34.8,3-5 times/week,Poor,7.2,7.0,No,High,0,3082.0,133.3,4.0,1,3,0,0,1
54.0,Other,157.4,80.0,32.3,3-5 times/week,Poor,7.1,3.0,No,Low,0,2648.0,110.0,4.0,1,1,0,0,2
28.0,Female,164.7,48.6,17.9,3-5 times/week,Average,7.6,7.0,No,Moderate,0,2711.0,93.0,4.0,2,2,0,0,1
65.0,Male,178.8,93.4,29.2,3-5 times/week,Average,7.8,3.0,Yes,Low,0,2615.0,87.9,4.0,2,1,1,0,0
54.0,Female,160.7,65.1,25.2,Daily,Excellent,5.9,7.0,No,Low,1,1343.0,29.3,7.0,4,1,0,1,1
28.0,Other,160.8,51.2,19.8,None,Excellent,7.8,10.0,Yes,Low,0,1956.0,46.3,0.0,4,1,1,0,2
69.0,Other,150.6,67.8,29.9,3-5 times/week,Excellent,5.8,3.0,No,Moderate,0,2353.0,42.0,4.0,4,2,0,0,2
49.0,Male,177.2,83.5,26.6,3-5 times/week,Good,6.9,10.0,No,Low,0,1947.0,52.9,4.0,3,1,0,0,0
21.0,Other,172.1,83.2,28.1,Daily,Good,5.3,7.0,No,Moderate,0,2436.0,78.6,7.0,3,2,0,0,2
21.0,Female,148.9,39.2,17.7,3-5 times/week,Excellent,7.1,2.0,No,High,0,1420.0,36.1,4.0,4,3,0,0,1
47.0,Male,166.4,83.1,30.0,3-5 times/week,Excellent,5.3,6.0,No,Low,1,1973.0,47.8,4.0,4,1,0,1,0
45.0,Male,173.9,90.4,29.9,3-5 times/week,Average,9.3,9.0,Yes,Low,1,2700.0,100.5,4.0,2,1,1,1,0
27.0,Male,175.0,107.2,35.0,3-5 times/week,Good,5.1,10.0,Yes,High,0,3503.0,149.3,4.0,3,3,1,0,0
60.0,Other,166.9,82.5,29.6,3-5 times/week,Average,6.6,9.0,No,Low,1,1984.0,61.9,4.0,2,1,0,1,2
46.0,Other,157.4,76.1,30.7,Daily,Good,6.0,5.0,No,High,0,2462.0,68.7,7.0,3,3,0,0,2
27.0,Female,161.3,67.9,26.1,Daily,Poor,6.6,6.0,Yes,Low,0,3023.0,128.2,7.0,1,1,1,0,1
39.0,Male,172.5,62.5,21.0,Daily,Excellent,7.7,6.0,Yes,High,0,3230.0,79.5,7.0,4,3,1,0,0
41.0,Other,156.2,75.4,30.9,1-2 times/week,Good,5.9,9.0,No,High,0,2612.0,71.7,1.5,3,3,0,0,2
56.0,Other,156.3,99.9,40.9,3-5 times/week,Average,7.0,10.0,No,High,0,2777.0,93.4,4.0,2,3,0,0,2
61.0,Male,156.9,73.1,29.7,3-5 times/week,Excellent,7.3,4.0,Yes,Low,0,1650.0,40.1,4.0,4,1,1,0,0
47.0,Male,178.5,67.5,21.2,3-5 times/week,Good,7.3,9.0,No,Moderate,1,2608.0,81.1,4.0,3,2,0,1,0
63.0,Female,148.1,56.2,25.6,3-5 times/week,Excellent,9.0,6.0,Yes,High,0,1868.0,47.1,4.0,4,3,1,0,1
66.0,Male,181.2,128.1,39.0,3-5 times/week,Good,6.6,4.0,Yes,High,0,2990.0,100.8,4.0,3,3,1,0,0
42.0,Male,180.1,76.5,23.6,3-5 times/week,Poor,7.4,6.0,Yes,Low,0,2964.0,134.3,4.0,1,1,1,0,0
60.0,Male,167.7,92.2,32.8,1-2 times/week,Poor,7.5,1.0,Yes,Low,1,2873.0,131.5,1.5,1,1,1,1,0
55.0,Female,163.5,62.0,23.2,3-5 times/week,Good,6.7,6.0,No,Moderate,0,1834.0,48.4,4.0,3,2,0,0,1
64.0,Male,163.9,101.0,37.6,3-5 times/week,Poor,4.9,3.0,No,Low,0,2714.0,110.4,4.0,1,1,0,0,0
53.0,Male,173.0,108.3,36.2,3-5 times/week,Excellent,5.4,10.0,No,Moderate,0,1923.0,36.5,4.0,4,2,0,0,0
30.0,Other,159.4,63.3,24.9,3-5 times/week,Good,8.0,3.0,Yes,Moderate,0,2094.0,47.4,4.0,3,2,1,0,2
58.0,Female,156.7,45.9,44.3,1-2 times/week,Good,9.2,2.0,No,Low,0,1964.0,46.6,1.5,3,1,0,0,1
38.0,Other,154.8,65.7,27.4,Daily,Good,7.0,2.0,No,High,0,2662.0,77.5,7.0,3,3,0,0,2
54.0,Female,170.3,107.9,37.2,3-5 times/week,Poor,6.7,6.0,No,Low,0,2444.0,112.9,4.0,1,1,0,0,1
34.0,Male,157.8,72.0,28.9,None,Poor,7.7,5.0,No,Moderate,1,2894.0,126.4,0.0,1,2,0,1,0
69.0,Female,165.9,41.3,15.0,3-5 times/week,Good,8.8,3.0,No,Low,1,1757.0,62.3,4.0,3,1,0,1,1
45.0,Other,171.4,88.1,30.0,Daily,Good,6.6,9.0,No,Low,1,3542.0,149.7,7.0,3,1,0,1,2
32.0,Female,173.6,86.8,28.8,3-5 times/week,Average,8.8,8.0,Yes,Moderate,0,3138.0,119.0,4.0,2,2,1,0,1
26.0,Other,165.1,73.9,27.1,3-5 times/week,Excellent,6.0,3.0,No,High,0,2414.0,58.9,4.0,4,3,0,0,2
24.0,Female,167.2,62.6,22.4,3-5 times/week,Excellent,7.2,4.0,Yes,High,0,1893.0,40.3,4.0,4,3,1,0,1
68.0,Male,180.3,115.4,35.5,Daily,Average,7.0,7.0,Yes,Moderate,0,2775.0,101.8,7.0,2,2,1,0,0
36.0,Female,167.0,87.3,31.3,1-2 times/week,Excellent,7.0,1.0,No,Moderate,0,2365.0,99.8,1.5,4,2,0,0,1
53.0,Male,159.4,55.6,21.9,3-5 times/week,Excellent,8.4,5.0,No,High,0,2576.0,68.2,4.0,4,3,0,0,0
51.0,Other,157.7,69.1,27.8,3-5 times/week,Good,6.9,7.0,No,Low,0,1977.0,51.7,4.0,3,1,0,0,2
50.0,Female,162.2,87.1,33.1,3-5 times/week,Good,6.3,6.0,No,Low,0,2011.0,62.6,4.0,3,1,0,0,1
38.0,Male,173.4,81.2,27.0,3-5 times/week,Good,6.8,5.0,No,Moderate,0,3393.0,142.8,4.0,3,2,0,0,0
53.0,Female,158.3,56.1,22.4,1-2 times/week,Good,7.6,9.0,Yes,Low,0,1480.0,48.4,1.5,3,1,1,0,1
50.0,Male,158.9,86.4,34.2,Daily,Good,7.3,2.0,No,Moderate,0,2652.0,74.4,7.0,3,2,0,0,0
41.0,Female,160.8,56.6,21.9,3-5 times/week,Good,7.1,6.0,No,Low,0,1939.0,46.7,4.0,3,1,0,0,1
55.0,Male,182.0,90.8,27.4,3-5 times/week,Average,7.7,9.0,No,Low,0,2655.0,98.6,4.0,2,1,0,0,0
26.0,Female,157.0,58.4,23.7,3-5 times/week,Average,6.7,2.0,No,Low,0,2343.0,78.7,4.0,2,1,0,0,1
25.0,Male,180.6,82.2,25.2,3-5 times/week,Excellent,9.9,7.0,No,Low,0,1807.0,47.1,4.0,4,1,0,0,0
69.0,Female,158.6,83.5,33.2,3-5 times/week,Average,5.9,6.0,No,Moderate,0,2112.0,74.5,4.0,2,2,0,0,1
21.0,Female,160.6,63.4,24.6,3-5 times/week,Excellent,5.9,6.0,No,Low,0,1451.0,30.7,4.0,4,1,0,0,1
55.0,Male,166.2,85.1,30.8,3-5 times/week,Good,5.9,5.0,No,High,0,2505.0,73.8,4.0,3,3,0,0,0
21.0,Female,155.9,63.9,26.3,3-5 times/week,Good,5.9,6.0,No,Moderate,0,2494.0,112.7,4.0,3,2,0,0,1
62.0,Other,162.8,85.6,32.3,3-5 times/week,Good,8.8,1.0,No,Moderate,0,1868.0,48.0,4.0,3,2,0,0,2
48.0,Other,169.7,43.2,15.0,1-2 times/week,Excellent,7.9,8.0,No,Moderate,0,2155.0,50.0,1.5,4,2,0,0,2
53.0,Other,169.5,55.2,19.2,3-5 times/week,Excellent,6.2,6.0,No,High,0,2432.0,60.9,4.0,4,3,0,0,2
51.0,Male,179.5,101.2,31.4,1-2 times/week,Poor,7.0,6.0,No,Low,0,2998.0,133.7,1.5,1,1,0,0,0
61.0,Female,150.8,60.5,26.6,3-5 times/week,Poor,9.9,4.0,No,Moderate,0,2406.0,99.8,4.0,1,2,0,0,1
68.0,Male,173.3,80.2,26.7,3-5 times/week,Average,7.2,9.0,No,Moderate,0,2567.0,94.1,4.0,2,2,0,0,0
51.0,Male,172.4,87.1,29.3,1-2 times/week,Good,7.2,1.0,No,High,0,2424.0,62.2,1.5,3,3,0,0,0
55.0,Male,184.9,117.6,34.4,3-5 times/week,Good,8.4,5.0,Yes,Low,0,2628.0,99.0,4.0,3,1,1,0,0
23.0,Other,178.5,113.7,35.7,None,Good,4.0,2.0,Yes,Moderate,0,2839.0,78.4,0.0,3,2,1,0,2
23.0,Male,170.6,68.4,23.5,3-5 times/week,Average,7.2,1.0,Yes,Moderate,0,3014.0,103.2,4.0,2,2,1,0,0
55.0,Other,169.9,69.3,24.0,Daily,Average,7.4,6.0,No,Low,0,2201.0,76.4,7.0,2,1,0,0,2
34.0,Female,157.7,58.7,23.6,1-2 times/week,Good,6.0,3.0,Yes,Low,1,1907.0,55.4,1.5,3,1,1,1,1
61.0,Female,165.6,91.0,33.2,3-5 times/week,Poor,6.0,2.0,No,High,1,2892.0,124.4,4.0,1,3,0,1,1
52.0,Other,166.2,79.8,28.9,3-5 times/week,Good,7.9,9.0,Yes,High,0,2993.0,86.6,4.0,3,3,1,0,2
27.0,Female,154.2,42.6,17.9,3-5 times/week,Excellent,7.4,5.0,No,Low,0,1379.0,31.8,4.0,4,1,0,0,1
55.0,Other,165.2,82.4,30.2,1-2 times/week,Good,5.5,9.0,No,High,0,2041.0,61.2,1.5,3,3,0,0,2
56.0,Female,149.6,73.6,32.9,3-5 times/week,Average,6.0,8.0,No,Low,1,2189.0,75.6,4.0,2,1,0,1,1
69.0,Male,167.2,73.2,26.2,3-5 times/week,Average,6.0,2.0,No,Low,0,1983.0,70.8,4.0,2,1,0,0,0
51.0,Male,174.0,68.4,22.6,None,Good,7.4,6.0,No,Low,1,2664.0,74.9,0.0,3,1,0,1,0
31.0,Other,162.8,66.3,25.0,Daily,Average,9.1,6.0,No,Moderate,0,3031.0,109.1,7.0,2,2,0,0,2
52.0,Other,177.0,97.7,31.2,None,Average,5.7,5.0,No,Low,0,2565.0,89.7,0.0,2,1,0,0,2
62.0,Other,161.4,70.1,26.9,Daily,Average,6.9,5.0,No,Low,0,2387.0,86.4,7.0,2,1,0,0,2
35.0,Male,172.0,84.3,44.3,3-5 times/week,Average,7.0,8.0,Yes,Low,0,2896.0,97.7,4.0,2,1,1,0,0
27.0,Female,167.2,70.4,25.2,3-5 times/week,Average,9.2,4.0,Yes,Low,0,2127.0,73.2,4.0,2,1,1,0,1
65.0,Other,177.1,98.8,31.5,Daily,Poor,4.0,5.0,No,Moderate,0,2729.0,105.3,7.0,1,2,0,0,2
64.0,Male,173.3,92.8,30.9,3-5 times/week,Average,5.1,3.0,No,Moderate,0,3476.0,152.0,4.0,2,2,0,0,0
30.0,Female,162.6,89.4,33.8,1-2 times/week,Poor,7.7,7.0,Yes,Low,0,2551.0,99.6,1.5,1,1,1,0,1
39.0,Male,173.4,69.2,23.0,Daily,Average,8.0,10.0,No,Low,0,3117.0,115.6,7.0,2,1,0,0,0
33.0,Male,175.5,89.6,29.1,3-5 times/week,Average,7.6,6.0,Yes,Low,0,2594.0,88.1,4.0,2,1,1,0,0
35.0,Male,166.3,87.1,31.5,Daily,Excellent,7.1,10.0,No,High,0,2992.0,62.1,7.0,4,3,0,0,0
58.0,Other,145.0,53.0,25.2,1-2 times/week,Good,6.7,4.0,No,High,0,2068.0,51.8,1.5,3,3,0,0,2
65.0,Male,166.6,64.9,23.4,3-5 times/week,Good,6.5,2.0,No,Low,0,2336.0,65.7,4.0,3,1,0,0,0
62.0,Male,161.8,70.9,27.1,Daily,Poor,7.1,8.0,Yes,Low,0,3484.0,149.1,7.0,1,1,1,0,0
59.0,Male,171.0,50.3,17.2,3-5 times/week,Good,6.5,6.0,No,Moderate,0,2711.0,71.3,4.0,3,2,0,0,0
26.0,Male,175.7,75.3,24.4,Daily,Poor,8.5,2.0,No,Low,0,3389.0,148.1,7.0,1,1,0,0,0
30.0,Other,160.1,98.4,38.4,1-2 times/week,Poor,8.7,6.0,No,Moderate,0,3059.0,132.2,1.5,1,2,0,0,2
64.0,Male,165.6,73.5,26.8,1-2 times/week,Excellent,5.6,3.0,No,Low,1,1833.0,35.3,1.5,4,1,0,1,0
27.0,Male,175.7,102.2,33.1,3-5 times/week,Good,7.0,5.0,Yes,Moderate,0,3479.0,119.1,4.0,3,2,1,0,0
58.0,Male,164.7,49.1,18.1,3-5 times/week,Excellent,7.0,3.0,No,High,0,2278.0,48.7,4.0,4,3,0,0,0
55.0,Other,175.0,113.0,36.9,1-2 times/week,Poor,8.3,4.0,No,Moderate,0,2924.0,115.8,1.5,1,2,0,0,2
32.0,Other,170.0,71.1,24.6,1-2 times/week,Good,5.8,9.0,Yes,High,0,2699.0,69.3,1.5,3,3,1,0,2
60.0,Male,167.8,90.7,32.2,3-5 times/week,Average,8.0,7.0,No,Low,0,1707.0,55.0,4.0,2,1,0,0,0
57.0,Other,175.7,90.8,29.4,3-5 times/week,Good,5.4,2.0,No,High,0,2305.0,67.2,4.0,3,3,0,0,2
26.0,Female,169.8,90.5,31.4,3-5 times/week,Good,6.5,5.0,No,Low,1,1764.0,47.0,4.0,3,1,0,1,1
41.0,Other,172.1,91.5,30.9,3-5 times/week,Poor,6.3,3.0,No,Low,0,2727.0,105.9,4.0,1,1,0,0,2
22.0,Female,172.7,69.8,23.4,3-5 times/week,Good,7.1,5.0,Yes,Low,0,2210.0,58.4,4.0,3,1,1,0,1
23.0,Male,171.4,79.0,26.9,3-5 times/week,Poor,8.8,9.0,No,Low,0,2695.0,112.4,4.0,1,1,0,0,0
20.0,Female,158.6,71.9,28.6,1-2 times/week,Poor,8.9,5.0,No,Low,0,2652.0,108.2,1.5,1,1,0,0,1
49.0,Female,155.3,92.1,38.2,1-2 times/week,Poor,6.7,6.0,Yes,Moderate,0,2303.0,94.5,1.5,1,2,1,0,1
43.0,Male,178.0,100.8,31.8,1-2 times/week,Average,9.0,2.0,No,High,1,3033.0,106.6,1.5,2,3,0,1,0
50.0,Male,174.7,91.6,30.0,3-5 times/week,Good,6.5,10.0,No,Moderate,1,2496.0,67.5,4.0,3,2,0,1,0
21.0,Male,185.6,89.2,25.9,1-2 times/week,Excellent,5.1,7.0,No,High,0,2859.0,66.3,1.5,4,3,0,0,0
27.0,Male,175.1,65.3,21.3,Daily,Good,7.9,6.0,No,Low,1,3067.0,94.5,7.0,3,1,0,1,0
59.0,Female,154.4,35.8,15.0,3-5 times/week,Good,7.9,3.0,No,Moderate,0,2117.0,61.6,4.0,3,2,0,0,1
22.0,Male,178.4,90.4,28.4,3-5 times/week,Average,5.0,1.0,No,Low,0,2346.0,89.3,4.0,2,1,0,0,0
62.0,Male,177.6,98.1,31.1,1-2 times/week,Average,8.7,10.0,No,Low,0,2620.0,98.0,1.5,2,1,0,0,0
51.0,Other,171.8,56.4,19.1,3-5 times/week,Excellent,8.2,7.0,No,Low,0,2781.0,62.9,4.0,4,1,0,0,2
37.0,Female,156.5,80.3,32.8,3-5 times/week,Average,7.3,3.0,No,Moderate,0,1671.0,54.4,4.0,2,2,0,0,1
49.0,Female,165.2,40.9,15.0,Daily,Excellent,7.0,7.0,No,Low,0,2182.0,54.9,7.0,4,1,0,0,1
23.0,Female,153.6,65.1,27.6,1-2 times/week,Excellent,6.9,6.0,No,Moderate,0,2263.0,54.1,1.5,4,2,0,0,1
38.0,Other,171.7,76.9,26.1,Daily,Average,6.2,4.0,Yes,Low,0,2725.0,102.5,7.0,2,1,1,0,2
20.0,Male,171.4,96.4,32.8,1-2 times/week,Excellent,4.8,10.0,No,Low,0,2457.0,57.3,1.5,4,1,0,0,0
38.0,Other,161.5,70.7,27.1,1-2 times/week,Good,6.1,4.0,No,Low,0,2515.0,110.3,1.5,3,1,0,0,2
41.0,Female,159.2,42.6,16.8,3-5 times/week,Good,6.9,6.0,No,Low,0,1887.0,58.1,4.0,3,1,0,0,1
34.0,Female,158.3,75.4,30.1,3-5 times/week,Good,8.0,1.0,Yes,Moderate,0,1994.0,53.3,4.0,3,2,1,0,1
56.0,Male,172.4,55.0,18.5,Daily,Good,7.4,4.0,No,Moderate,0,2810.0,74.6,7.0,3,2,0,0,0
33.0,Female,152.9,77.9,33.3,Daily,Poor,5.6,3.0,Yes,Low,0,2655.0,116.1,7.0,1,1,1,0,1
51.0,Male,168.0,103.6,36.7,None,Good,6.4,7.0,Yes,High,1,2671.0,75.8,0.0,3,3,1,1,0
67.0,Female,166.0,60.3,21.9,3-5 times/week,Excellent,6.5,1.0,No,Low,0,1982.0,41.8,4.0,4,1,0,0,1
64.0,Male,180.0,91.0,28.1,3-5 times/week,Excellent,6.1,5.0,Yes,Moderate,0,2451.0,59.9,4.0,4,2,1,0,0
60.0,Male,173.9,100.4,33.2,3-5 times/week,Poor,9.3,5.0,No,Moderate,0,3036.0,134.0,4.0,1,2,0,0,0
18.0,Female,175.2,78.6,25.6,1-2 times/week,Excellent,7.0,8.0,No,High,1,2715.0,77.2,1.5,4,3,0,1,1
35.0,Male,166.5,65.1,23.5,1-2 times/week,Good,10.0,3.0,Yes,Moderate,0,2573.0,75.2,1.5,3,2,1,0,0
19.0,Female,159.6,65.7,25.8,3-5 times/week,Average,6.5,6.0,No,Low,0,2768.0,94.7,4.0,2,1,0,0,1
51.0,Female,156.4,62.6,25.6,3-5 times/week,Good,7.7,2.0,No,Low,0,1815.0,54.4,4.0,3,1,0,0,1
42.0,Male,157.9,87.0,34.9,3-5 times/week,Poor,8.3,8.0,Yes,Low,0,2905.0,112.7,4.0,1,1,1,0,0
25.0,Male,164.1,71.4,26.5,Daily,Excellent,6.4,5.0,No,Low,0,2435.0,59.6,7.0,4,1,0,0,0
27.0,Other,159.2,66.7,26.3,1-2 times/week,Excellent,7.0,3.0,No,Low,0,2321.0,59.4,1.5,4,1,0,0,2
56.0,Male,178.3,92.8,29.2,3-5 times/week,Average,5.4,1.0,No,Low,1,2655.0,88.0,4.0,2,1,0,1,0
34.0,Male,161.4,68.0,26.1,Daily,Excellent,7.6,4.0,No,Low,1,2431.0,63.8,7.0,4,1,0,1,0
29.0,Female,157.2,43.5,17.6,3-5 times/week,Good,7.8,10.0,Yes,Low,0,2004.0,57.0,4.0,3,1,1,0,1
25.0,Female,161.4,69.8,26.8,3-5 times/week,Average,8.0,10.0,No,Low,1,1266.0,49.0,4.0,2,1,0,1,1
41.0,Other,162.5,76.8,29.1,1-2 times/week,Poor,5.6,8.0,No,Moderate,0,2978.0,132.0,1.5,1,2,0,0,2
34.0,Female,146.4,50.4,23.5,3-5 times/week,Poor,8.7,1.0,No,Low,0,2027.0,64.5,4.0,1,1,0,0,1
23.0,Female,165.6,89.4,32.6,1-2 times/week,Average,6.0,9.0,Yes,Moderate,1,2594.0,88.7,1.5,2,2,1,1,1
37.0,Male,168.7,73.7,25.9,3-5 times/week,Average,7.0,2.0,Yes,High,1,3096.0,108.0,4.0,2,3,1,1,0
58.0,Male,166.1,96.0,34.8,3-5 times/week,Average,6.2,1.0,No,Moderate,0,2487.0,90.2,4.0,2,2,0,0,0
36.0,Male,154.0,70.4,29.7,1-2 times/week,Excellent,6.5,3.0,Yes,Moderate,0,2535.0,52.5,1.5,4,2,1,0,0
35.0,Other,164.2,67.1,24.9,Daily,Good,7.0,6.0,No,Low,1,2823.0,80.0,7.0,3,1,0,1,2
56.0,Female,153.3,43.2,18.4,1-2 times/week,Average,7.4,2.0,No,Low,0,2299.0,90.8,1.5,2,1,0,0,1
44.0,Other,166.4,82.0,29.6,3-5 times/week,Poor,5.5,5.0,Yes,Low,0,3216.0,137.6,4.0,1,1,1,0,2
67.0,Female,145.0,68.5,32.6,1-2 times/week,Poor,6.7,5.0,No,High,0,2278.0,79.9,1.5,1,3,0,0,1
48.0,Female,187.6,67.6,19.2,3-5 times/week,Excellent,7.0,7.0,Yes,High,0,2365.0,53.6,4.0,4,3,1,0,1
48.0,Other,173.6,64.2,21.3,3-5 times/week,Excellent,7.3,5.0,Yes,Low,0,2142.0,53.1,4.0,4,1,1,0,2
19.0,Female,169.0,82.0,28.7,3-5 times/week,Poor,6.4,8.0,Yes,Low,0,2314.0,95.7,4.0,1,1,1,0,1
36.0,Female,159.9,67.0,26.2,1-2 times/week,Good,7.4,1.0,No,Moderate,0,2364.0,79.7,1.5,3,2,0,0,1
67.0,Female,156.2,53.4,21.9,1-2 times/week,Average,6.0,6.0,Yes,Low,1,1612.0,58.9,1.5,2,1,1,1,1
64.0,Female,155.1,61.8,25.7,Daily,Average,6.3,6.0,Yes,Low,0,2353.0,86.3,7.0,2,1,1,0,1
51.0,Female,155.8,50.7,20.9,3-5 times/week,Good,7.5,6.0,Yes,Moderate,0,2035.0,53.2,4.0,3,2,1,0,1
61.0,Other,172.0,56.2,19.0,1-2 times/week,Poor,7.6,5.0,Yes,Low,0,2051.0,45.4,1.5,1,1,1,0,2
62.0,Female,163.7,54.9,20.5,1-2 times/week,Excellent,6.1,6.0,No,Low,0,1578.0,48.3,1.5,4,1,0,0,1
59.0,Male,173.7,97.2,32.2,3-5 times/week,Good,8.0,2.0,No,Low,0,2709.0,69.2,4.0,3,1,0,0,0
60.0,Female,167.3,100.2,35.8,1-2 times/week,Good,4.0,7.0,No,Moderate,0,2289.0,69.3,1.5,3,2,0,0,1
61.0,Other,154.0,54.8,23.1,3-5 times/week,Good,7.0,1.0,No,Low,0,2378.0,77.9,4.0,3,1,0,0,2
26.0,Male,180.0,98.8,30.5,3-5 times/week,Excellent,5.5,9.0,No,Moderate,1,2938.0,80.7,4.0,4,2,0,1,0
51.0,Male,164.3,55.1,20.4,3-5 times/week,Good,6.6,8.0,No,Low,0,2404.0,62.8,4.0,3,1,0,0,0
46.0,Female,160.9,66.3,25.6,1-2 times/week,Excellent,7.3,7.0,No,High,1,2270.0,58.5,1.5,4,3,0,1,1
44.0,Male,174.2,83.5,27.5,3-5 times/week,Good,6.5,3.0,No,High,0,2967.0,77.3,4.0,3,3,0,0,0
55.0,Male,172.0,66.0,22.3,3-5 times/week,Excellent,8.4,2.0,No,Low,0,1965.0,46.2,4.0,4,1,0,0,0
42.0,Male,171.4,69.0,23.5,3-5 times/week,Average,5.2,1.0,No,Low,0,3117.0,118.4,4.0,2,1,0,0,0
62.0,Female,155.7,54.8,22.6,Daily,Average,6.9,10.0,Yes,Low,0,2173.0,80.5,7.0,2,1,1,0,1
52.0,Male,157.3,78.9,31.9,1-2 times/week,Average,7.2,3.0,No,Low,0,2451.0,86.4,1.5,2,1,0,0,0
56.0,Female,165.0,71.1,26.1,Daily,Poor,5.2,6.0,No,Low,0,2946.0,122.0,7.0,1,1,0,0,1
43.0,Other,157.7,69.6,28.0,3-5 times/week,Excellent,5.3,7.0,No,Moderate,0,1899.0,44.0,4.0,4,2,0,0,2
35.0,Female,161.7,90.5,34.6,3-5 times/week,Poor,6.6,5.0,No,Low,1,3019.0,112.1,4.0,1,1,0,1,1
46.0,Male,159.0,64.5,25.5,Daily,Good,7.8,2.0,No,Low,0,2663.0,84.9,7.0,3,1,0,0,0
59.0,Female,159.5,64.6,25.4,3-5 times/week,Poor,8.5,5.0,No,Moderate,0,2299.0,92.8,4.0,1,2,0,0,1
44.0,Male,180.1,120.0,37.0,1-2 times/week,Poor,8.3,10.0,No,Moderate,0,2972.0,134.6,1.5,1,2,0,0,0
19.0,Male,180.6,112.5,34.5,3-5 times/week,Good,8.6,9.0,No,None,0,3090.0,100.4,4.0,3,0,0,0,0
20.0,Male,173.9,62.3,20.6,3-5 times/week,Excellent,7.1,9.0,No,Low,0,2329.0,60.4,4.0,4,1,0,0,0
21.0,Female,166.6,41.6,15.0,3-5 times/week,Excellent,7.0,4.0,Yes,Low,0,1753.0,36.2,4.0,4,1,1,0,1
40.0,Male,168.9,82.7,29.0,1-2 times/week,Average,5.1,6.0,No,Moderate,0,2636.0,104.1,1.5,2,2,0,0,0
33.0,Female,149.9,59.8,26.6,3-5 times/week,Excellent,9.4,5.0,Yes,Low,1,1974.0,56.0,4.0,4,1,1,1,1
53.0,Male,167.4,84.6,30.2,1-2 times/week,Average,6.8,9.0,No,Low,1,2828.0,96.2,1.5,2,1,0,1,0
48.0,Other,171.4,72.6,24.7,3-5 times/week,Excellent,8.6,8.0,No,Moderate,0,2233.0,52.9,4.0,4,2,0,0,2
27.0,Male,180.4,78.1,24.0,Daily,Average,7.6,6.0,No,High,0,3608.0,125.2,7.0,2,3,0,0,0
35.0,Male,177.7,51.5,16.3,3-5 times/week,Good,6.5,9.0,Yes,High,0,2986.0,93.8,4.0,3,3,1,0,0
33.0,Female,163.6,88.9,33.2,3-5 times/week,Poor,5.6,4.0,No,High,0,3117.0,121.4,4.0,1,3,0,0,1
18.0,Female,157.2,89.0,36.0,3-5 times/week,Good,7.0,6.0,Yes,High,0,2298.0,60.7,4.0,3,3,1,0,1
60.0,Other,153.5,76.8,32.6,1-2 times/week,Good,8.1,8.0,No,Low,0,2574.0,116.0,1.5,3,1,0,0,2
43.0,Female,157.0,57.7,23.4,3-5 times/week,Average,6.2,8.0,No,Low,0,2499.0,98.9,4.0,2,1,0,0,1
66.0,Other,161.0,64.3,24.8,3-5 times/week,Average,8.3,2.0,No,None,0,2185.0,85.4,4.0,2,0,0,0,2
69.0,Other,165.3,53.8,19.7,3-5 times/week,Excellent,7.5,1.0,No,Low,0,2316.0,46.1,4.0,4,1,0,0,2
43.0,Female,157.4,53.5,21.6,3-5 times/week,Excellent,6.2,7.0,No,High,0,1913.0,44.7,4.0,4,3,0,0,1
57.0,Male,178.9,129.6,40.5,3-5 times/week,Good,6.9,6.0,No,Low,0,3231.0,120.7,4.0,3,1,0,0,0
62.0,Other,150.5,56.4,24.9,1-2 times/week,Excellent,7.0,4.0,Yes,Low,0,2245.0,42.0,1.5,4,1,1,0,2
41.0,Male,161.4,92.0,35.3,3-5 times/week,Good,8.4,3.0,Yes,Low,1,2653.0,94.8,4.0,3,1,1,1,0
44.0,Male,177.0,82.1,26.2,1-2 times/week,Good,7.2,5.0,Yes,Low,0,2698.0,87.3,1.5,3,1,1,0,0
65.0,Male,187.2,91.1,26.0,3-5 times/week,Good,7.9,4.0,No,High,0,2165.0,66.5,4.0,3,3,0,0,0
21.0,Male,164.7,58.0,21.4,3-5 times/week,Average,7.6,2.0,No,Low,0,2674.0,98.7,4.0,2,1,0,0,0
38.0,Female,163.0,68.3,25.7,Daily,Excellent,7.9,7.0,No,High,0,2110.0,49.4,7.0,4,3,0,0,1
25.0,Other,160.5,64.1,24.9,3-5 times/week,Poor,7.8,4.0,No,Low,0,2515.0,99.6,4.0,1,1,0,0,2
33.0,Female,158.2,73.3,29.3,3-5 times/week,Poor,7.7,1.0,Yes,Moderate,0,2936.0,122.0,4.0,1,2,1,0,1
29.0,Female,155.7,68.6,28.3,1-2 times/week,Excellent,5.1,2.0,Yes,High,0,1855.0,46.6,1.5,4,3,1,0,1
45.0,Female,156.5,92.1,37.6,3-5 times/week,Average,5.4,2.0,No,Moderate,1,2406.0,85.8,4.0,2,2,0,1,1
23.0,Other,171.4,90.5,30.8,Daily,Poor,5.0,10.0,No,Low,0,3141.0,134.6,7.0,1,1,0,0,2
37.0,Male,164.2,83.3,30.9,3-5 times/week,Poor,6.3,9.0,No,Moderate,1,2981.0,128.8,4.0,1,2,0,1,0
45.0,Male,166.6,65.5,23.6,Daily,Excellent,7.3,1.0,No,Moderate,1,2412.0,66.3,7.0,4,2,0,1,0
66.0,Female,156.7,53.0,21.6,Daily,Excellent,6.2,10.0,No,Low,0,1318.0,30.2,7.0,4,1,0,0,1
67.0,Male,183.7,82.3,24.4,3-5 times/week,Good,6.5,7.0,No,Low,0,2454.0,61.7,4.0,3,1,0,0,0
31.0,Other,166.0,70.5,25.6,3-5 times/week,Excellent,6.3,6.0,No,Low,0,1980.0,47.6,4.0,4,1,0,0,2
55.0,Other,151.8,44.5,19.3,None,Good,10.0,4.0,No,Low,0,2282.0,103.4,0.0,3,1,0,0,2
51.0,Male,165.8,84.4,30.7,1-2 times/week,Good,6.1,8.0,No,High,0,2929.0,83.2,1.5,3,3,0,0,0
62.0,Male,180.9,97.5,29.8,3-5 times/week,Good,8.8,6.0,Yes,Low,0,2758.0,114.9,4.0,3,1,1,0,0
60.0,Female,157.8,39.8,16.0,3-5 times/week,Good,7.8,10.0,No,Low,0,1371.0,37.3,4.0,3,1,0,0,1
62.0,Female,164.1,58.4,21.7,Daily,Average,6.4,9.0,No,Low,1,2277.0,74.0,7.0,2,1,0,1,1
29.0,Male,170.1,102.4,35.4,1-2 times/week,Poor,4.0,9.0,No,High,0,3238.0,138.3,1.5,1,3,0,0,0
55.0,Female,161.9,53.2,20.3,3-5 times/week,Good,7.2,9.0,Yes,Low,0,2225.0,64.9,4.0,3,1,1,0,1
38.0,Other,177.6,93.7,29.7,Daily,Average,7.0,3.0,Yes,Moderate,0,2704.0,101.1,7.0,2,2,1,0,2
58.0,Other,167.1,62.0,22.2,3-5 times/week,Good,7.5,6.0,No,Low,1,1924.0,59.4,4.0,3,1,0,1,2
57.0,Male,170.6,75.7,26.0,3-5 times/week,Good,9.2,8.0,No,Low,0,2263.0,64.7,4.0,3,1,0,0,0
58.0,Female,160.8,59.0,22.8,1-2 times/week,Average,7.6,1.0,No,Low,0,1902.0,69.3,1.5,2,1,0,0,1
20.0,Other,172.0,128.4,43.4,3-5 times/week,Average,6.9,10.0,Yes,Moderate,0,2378.0,84.0,4.0,2,2,1,0,2
54.0,Other,181.3,79.5,24.2,1-2 times/week,Excellent,7.1,6.0,Yes,High,0,1842.0,46.3,1.5,4,3,1,0,2
23.0,Other,167.7,91.1,32.4,3-5 times/week,Average,7.0,2.0,Yes,Moderate,1,3182.0,100.5,4.0,2,2,1,1,2
57.0,Other,171.5,69.7,23.7,Daily,Excellent,6.5,6.0,Yes,Low,0,2456.0,51.1,7.0,4,1,1,0,2
50.0,Male,163.5,71.1,26.6,1-2 times/week,Good,7.5,6.0,No,Low,0,1519.0,37.3,1.5,3,1,0,0,0
56.0,Other,156.4,64.1,26.2,1-2 times/week,Good,4.0,7.0,No,High,0,2213.0,69.9,1.5,3,3,0,0,2
63.0,Other,180.1,82.1,25.3,3-5 times/week,Good,6.1,6.0,Yes,Moderate,0,2973.0,90.7,4.0,3,2,1,0,2
33.0,Male,167.4,72.9,26.0,Daily,Good,9.3,1.0,No,Low,0,2304.0,59.0,7.0,3,1,0,0,0
56.0,Other,181.7,102.3,31.0,3-5 times/week,Poor,7.0,10.0,No,Low,0,2976.0,131.3,4.0,1,1,0,0,2
60.0,Other,157.8,75.7,30.4,Daily,Poor,6.9,1.0,No,Low,0,2495.0,107.8,7.0,1,1,0,0,2
26.0,Other,176.6,66.7,21.4,3-5 times/week,Excellent,8.0,5.0,Yes,Low,0,1814.0,50.5,4.0,4,1,1,0,2
65.0,Other,172.7,87.1,29.2,3-5 times/week,Poor,6.8,5.0,Yes,Moderate,0,2537.0,69.1,4.0,1,2,1,0,2
24.0,Male,180.5,82.1,25.2,1-2 times/week,Good,6.2,2.0,No,High,0,3384.0,98.1,1.5,3,3,0,0,0
38.0,Female,164.0,70.7,26.3,3-5 times/week,Excellent,5.1,9.0,No,Low,1,1329.0,30.0,4.0,4,1,0,1,1
32.0,Other,172.0,75.7,25.6,Daily,Average,5.9,10.0,No,Low,1,2550.0,86.9,7.0,2,1,0,1,2
31.0,Female,151.0,83.0,36.4,Daily,Poor,5.2,3.0,No,Moderate,0,2094.0,83.4,7.0,1,2,0,0,1
39.0,Male,171.7,85.2,28.9,3-5 times/week,Excellent,5.7,10.0,No,Low,0,2828.0,73.2,4.0,4,1,0,0,0
63.0,Male,178.6,74.6,23.4,1-2 times/week,Average,6.6,9.0,No,Low,0,2568.0,88.9,1.5,2,1,0,0,0
69.0,Female,151.5,82.9,36.1,3-5 times/week,Good,6.1,7.0,Yes,Moderate,0,1556.0,29.9,4.0,3,2,1,0,1
34.0,Male,178.8,101.3,31.7,3-5 times/week,Good,7.0,9.0,Yes,High,0,2322.0,67.0,4.0,3,3,1,0,0
28.0,Other,151.8,69.1,30.0,1-2 times/week,Average,6.8,10.0,Yes,Moderate,0,2601.0,83.3,1.5,2,2,1,0,2
48.0,Other,177.2,90.1,28.7,3-5 times/week,Good,8.5,6.0,No,Moderate,0,2748.0,91.8,4.0,3,2,0,0,2
68.0,Female,163.2,47.7,17.9,Daily,Excellent,6.5,8.0,Yes,High,0,2161.0,53.9,7.0,4,3,1,0,1
67.0,Male,174.4,45.6,15.0,None,Good,7.0,7.0,No,Low,0,2212.0,44.9,0.0,3,1,0,0,0
51.0,Female,162.4,109.7,41.6,1-2 times/week,Good,5.7,9.0,No,High,1,2763.0,121.6,1.5,3,3,0,1,1
55.0,Female,156.3,62.5,25.6,Daily,Poor,6.7,6.0,No,Low,0,2053.0,92.8,7.0,1,1,0,0,1
39.0,Male,161.6,95.3,36.5,3-5 times/week,Excellent,5.9,1.0,No,Low,0,2418.0,50.5,4.0,4,1,0,0,0
51.0,Other,171.7,80.2,27.2,3-5 times/week,Excellent,6.7,1.0,Yes,Low,0,1490.0,33.1,4.0,4,1,1,0,2
44.0,Male,169.7,55.9,19.4,Daily,Good,7.1,4.0,No,Low,1,3041.0,88.5,7.0,3,1,0,1,0
57.0,Male,170.0,122.8,42.5,1-2 times/week,Poor,4.6,10.0,No,Moderate,1,3119.0,130.9,1.5,1,2,0,1,0
43.0,Female,156.1,72.1,29.6,3-5 times/week,Poor,7.8,4.0,No,Low,0,2250.0,98.2,4.0,1,1,0,0,1
39.0,Other,160.3,69.9,27.2,3-5 times/week,Poor,7.3,10.0,No,High,0,3406.0,147.8,4.0,1,3,0,0,2
28.0,Female,151.8,81.3,35.3,1-2 times/week,Poor,8.4,8.0,No,Moderate,0,2507.0,88.4,1.5,1,2,0,0,1
24.0,Male,163.3,76.8,28.8,3-5 times/week,Good,7.4,8.0,Yes,Low,0,2341.0,70.4,4.0,3,1,1,0,0
24.0,Male,165.3,69.4,25.4,3-5 times/week,Excellent,6.3,7.0,No,Low,0,1819.0,43.4,4.0,4,1,0,0,0
45.0,Female,172.2,68.2,23.0,3-5 times/week,Excellent,8.4,2.0,Yes,Low,1,1560.0,48.6,4.0,4,1,1,1,1
31.0,Female,168.1,98.1,34.7,1-2 times/week,Poor,6.4,5.0,No,High,0,2786.0,116.3,1.5,1,3,0,0,1
21.0,Male,165.6,62.5,22.8,3-5 times/week,Good,6.3,1.0,Yes,Low,0,3167.0,75.9,4.0,3,1,1,0,0
38.0,Male,177.5,74.4,23.6,3-5 times/week,Poor,5.5,3.0,No,Low,0,3398.0,149.4,4.0,1,1,0,0,0
38.0,Male,170.2,73.0,25.2,1-2 times/week,Average,8.5,2.0,No,Low,0,3090.0,112.9,1.5,2,1,0,0,0
44.0,Male,172.1,80.6,27.2,Daily,Good,7.3,1.0,No,Low,0,2827.0,75.8,7.0,3,1,0,0,0
63.0,Other,161.2,90.9,35.0,1-2 times/week,Good,8.4,7.0,Yes,High,1,2748.0,105.8,1.5,3,3,1,1,2
68.0,Male,182.9,107.0,32.0,3-5 times/week,Excellent,6.8,7.0,No,Moderate,1,1939.0,64.4,4.0,4,2,0,1,0
64.0,Other,172.1,85.6,28.9,Daily,Good,5.3,9.0,No,Low,0,2599.0,73.5,7.0,3,1,0,0,2
30.0,Female,171.1,81.1,27.7,Daily,Average,6.4,2.0,Yes,High,0,3002.0,107.4,7.0,2,3,1,0,1
67.0,Male,164.0,50.0,18.6,1-2 times/week,Excellent,7.7,7.0,Yes,Low,0,1771.0,45.3,1.5,4,1,1,0,0
53.0,Male,176.1,81.9,26.4,Daily,Good,8.4,7.0,No,High,0,2976.0,80.3,7.0,3,3,0,0,0
69.0,Other,160.9,87.2,33.7,3-5 times/week,Poor,6.7,8.0,Yes,Low,0,3103.0,137.5,4.0,1,1,1,0,2
36.0,Female,162.9,70.3,26.5,Daily,Good,6.6,9.0,Yes,Low,0,2671.0,73.9,7.0,3,1,1,0,1
23.0,Female,157.9,89.8,36.0,1-2 times/week,Average,8.3,8.0,No,Moderate,1,2252.0,67.3,1.5,2,2,0,1,1
45.0,Female,149.4,40.8,18.3,Daily,Good,9.3,6.0,No,Low,0,2024.0,47.4,7.0,3,1,0,0,1
28.0,Other,170.8,86.9,29.8,1-2 times/week,Good,7.0,8.0,No,High,1,2456.0,71.8,1.5,3,3,0,1,2
29.0,Female,158.1,61.2,24.5,3-5 times/week,Excellent,9.0,3.0,No,Low,0,1200.0,22.7,4.0,4,1,0,0,1
49.0,Other,155.8,87.6,36.1,1-2 times/week,Good,6.9,9.0,No,Moderate,1,1993.0,88.2,1.5,3,2,0,1,2
46.0,Female,170.5,80.5,27.7,3-5 times/week,Average,7.7,9.0,No,Moderate,1,2567.0,94.7,4.0,2,2,0,1,1
25.0,Female,159.0,45.3,17.9,3-5 times/week,Excellent,7.0,4.0,No,Moderate,0,1200.0,27.8,4.0,4,2,0,0,1
19.0,Male,184.6,117.9,34.6,3-5 times/week,Average,6.0,9.0,No,High,1,3045.0,106.9,4.0,2,3,0,1,0
65.0,Female,162.1,66.5,25.3,Daily,Average,8.6,5.0,No,Low,0,2336.0,99.2,7.0,2,1,0,0,1
36.0,Female,164.8,87.5,32.2,3-5 times/week,Good,5.3,2.0,No,Moderate,0,1878.0,72.7,4.0,3,2,0,0,1
34.0,Other,157.9,44.9,18.0,3-5 times/week,Excellent,5.2,6.0,No,Low,0,1667.0,35.4,4.0,4,1,0,0,2
63.0,Male,180.9,103.4,31.6,3-5 times/week,Average,6.3,1.0,Yes,High,0,2954.0,96.4,4.0,2,3,1,0,0
29.0,Male,159.7,61.0,23.9,3-5 times/week,Good,6.6,5.0,No,Low,0,2457.0,71.8,4.0,3,1,0,0,0
39.0,Female,164.7,57.2,21.1,3-5 times/week,Average,7.0,6.0,No,Low,1,2035.0,72.3,4.0,2,1,0,1,1
31.0,Male,168.5,95.4,33.6,3-5 times/week,Good,5.4,3.0,No,Low,0,2914.0,127.7,4.0,3,1,0,0,0
37.0,Other,176.1,107.0,34.5,3-5 times/week,Good,7.9,1.0,Yes,Low,0,2926.0,71.3,4.0,3,1,1,0,2
65.0,Female,157.1,66.1,26.8,3-5 times/week,Good,6.8,8.0,No,Low,1,1467.0,32.4,4.0,3,1,0,1,1
42.0,Female,158.3,53.6,21.4,3-5 times/week,Good,6.3,1.0,No,Low,0,2104.0,59.3,4.0,3,1,0,0,1
31.0,Other,175.5,72.4,23.5,1-2 times/week,Average,9.0,1.0,No,High,0,2626.0,63.9,1.5,2,3,0,0,2
49.0,Female,169.7,46.9,16.3,Daily,Good,7.1,4.0,No,Low,0,2113.0,77.7,7.0,3,1,0,0,1
69.0,Other,164.0,45.7,17.0,Daily,Good,7.6,3.0,Yes,High,0,2620.0,80.3,7.0,3,3,1,0,2
55.0,Female,161.7,73.5,28.1,3-5 times/week,Average,4.7,6.0,No,Moderate,0,2121.0,80.9,4.0,2,2,0,0,1
52.0,Female,167.6,107.0,38.1,1-2 times/week,Poor,8.5,7.0,No,Moderate,0,2860.0,127.3,1.5,1,2,0,0,1
37.0,Male,156.9,97.0,39.4,3-5 times/week,Average,7.9,5.0,No,High,0,2921.0,98.1,4.0,2,3,0,0,0
44.0,Female,152.0,64.9,28.1,3-5 times/week,Good,6.9,9.0,No,Low,1,1927.0,61.7,4.0,3,1,0,1,1
66.0,Male,183.0,112.9,33.7,3-5 times/week,Good,5.8,10.0,No,Low,0,2147.0,80.7,4.0,3,1,0,0,0
43.0,Female,156.2,79.1,32.4,Daily,Average,8.8,8.0,No,High,0,2410.0,89.5,7.0,2,3,0,0,1
40.0,Other,159.4,85.4,33.6,3-5 times/week,Poor,7.5,7.0,No,High,0,2864.0,114.1,4.0,1,3,0,0,2
44.0,Female,163.3,75.2,28.2,1-2 times/week,Average,9.1,2.0,No,Moderate,0,2052.0,70.6,1.5,2,2,0,0,1
36.0,Male,185.3,109.9,32.0,1-2 times/week,Average,5.8,5.0,No,High,0,3267.0,119.2,1.5,2,3,0,0,0
25.0,Male,166.3,63.9,23.1,Daily,Average,7.2,1.0,No,Low,0,3151.0,105.0,7.0,2,1,0,0,0
40.0,Female,158.7,51.6,20.5,Daily,Good,5.8,4.0,No,Low,0,2019.0,56.1,7.0,3,1,0,0,1
39.0,Male,176.6,86.4,27.7,1-2 times/week,Good,4.9,2.0,No,High,0,2467.0,74.9,1.5,3,3,0,0,0
43.0,Female,158.5,82.9,33.0,3-5 times/week,Poor,8.8,6.0,Yes,Low,0,2201.0,92.2,4.0,1,1,1,0,1
64.0,Female,148.7,67.7,30.6,Daily,Poor,6.7,10.0,No,Low,1,2950.0,122.9,7.0,1,1,0,1,1
35.0,Other,168.9,74.5,26.1,3-5 times/week,Good,7.8,5.0,No,Low,0,2757.0,110.3,4.0,3,1,0,0,2
66.0,Other,163.3,85.9,32.2,3-5 times/week,Excellent,7.0,1.0,Yes,Low,0,2117.0,44.6,4.0,4,1,1,0,2
35.0,Other,166.1,98.2,35.6,3-5 times/week,Excellent,8.8,4.0,No,Low,0,2335.0,77.8,4.0,4,1,0,0,2
61.0,Female,167.0,77.8,27.9,Daily,Good,8.7,4.0,No,Low,0,1868.0,47.7,7.0,3,1,0,0,1
36.0,Male,181.3,93.3,28.4,3-5 times/week,Average,6.6,4.0,No,Moderate,0,2952.0,109.3,4.0,2,2,0,0,0
38.0,Other,168.6,102.6,36.1,1-2 times/week,Poor,9.1,8.0,No,High,0,3121.0,130.5,1.5,1,3,0,0,2
61.0,Female,152.2,56.5,24.4,Daily,Average,7.7,10.0,No,Low,0,2334.0,85.8,7.0,2,1,0,0,1
21.0,Other,170.8,52.5,18.0,3-5 times/week,Good,9.7,10.0,Yes,Low,0,3003.0,114.9,4.0,3,1,1,0,2
63.0,Male,182.2,84.3,25.4,3-5 times/week,Good,6.9,9.0,No,Low,0,2556.0,65.3,4.0,3,1,0,0,0
48.0,Other,176.1,88.1,28.4,1-2 times/week,Good,9.6,2.0,Yes,High,0,2369.0,58.3,1.5,3,3,1,0,2
35.0,Male,170.9,71.3,24.4,Daily,Poor,6.6,7.0,Yes,Low,0,2797.0,83.6,7.0,1,1,1,0,0
28.0,Male,173.1,85.1,28.4,Daily,Excellent,7.5,10.0,No,Low,0,2308.0,49.8,7.0,4,1,0,0,0
68.0,Female,160.7,63.8,24.7,1-2 times/week,Good,6.1,5.0,No,High,0,2088.0,59.0,1.5,3,3,0,0,1
63.0,Female,159.7,63.0,24.7,Daily,Average,8.2,7.0,No,Moderate,0,2396.0,89.2,7.0,2,2,0,0,1
18.0,Male,179.1,91.7,28.6,Daily,Good,9.2,2.0,No,Moderate,0,3154.0,95.2,7.0,3,2,0,0,0
23.0,Female,145.2,75.3,35.7,Daily,Poor,6.1,3.0,Yes,Moderate,0,3214.0,135.4,7.0,1,2,1,0,1
65.0,Male,167.0,103.2,37.0,1-2 times/week,Average,7.8,6.0,No,Low,1,2816.0,100.0,1.5,2,1,0,1,0
48.0,Male,163.2,71.9,27.0,3-5 times/week,Average,6.6,3.0,No,Low,0,2375.0,89.5,4.0,2,1,0,0,0
68.0,Other,176.4,89.9,28.9,3-5 times/week,Average,7.4,1.0,Yes,Low,0,2556.0,91.8,4.0,2,1,1,0,2
26.0,Female,152.6,56.4,24.2,3-5 times/week,Good,6.1,6.0,No,Moderate,1,1947.0,54.6,4.0,3,2,0,1,1
28.0,Female,159.0,77.1,30.5,3-5 times/week,Poor,7.0,3.0,No,Low,0,2727.0,110.3,4.0,1,1,0,0,1
66.0,Male,170.3,55.4,19.1,Daily,Good,6.3,2.0,No,Low,0,2460.0,66.5,7.0,3,1,0,0,0
53.0,Other,171.0,84.8,29.0,1-2 times/week,Good,7.7,3.0,No,Moderate,1,2301.0,62.7,1.5,3,2,0,1,2
35.0,Female,169.6,116.5,40.5,3-5 times/week,Average,4.7,9.0,No,High,1,2427.0,85.6,4.0,2,3,0,1,1
26.0,Female,148.0,48.0,21.9,3-5 times/week,Good,5.0,7.0,No,Low,0,1514.0,46.7,4.0,3,1,0,0,1
40.0,Other,172.2,95.2,32.1,3-5 times/week,Poor,6.1,9.0,No,Moderate,0,2912.0,122.5,4.0,1,2,0,0,2
48.0,Female,159.0,102.4,40.5,1-2 times/week,Poor,8.4,6.0,Yes,Low,1,2469.0,111.1,1.5,1,1,1,1,1
20.0,Female,159.4,54.6,21.5,3-5 times/week,Poor,8.5,6.0,No,Moderate,0,2981.0,126.2,4.0,1,2,0,0,1
66.0,Other,179.7,133.7,41.4,1-2 times/week,Poor,6.6,10.0,No,None,0,3378.0,140.5,1.5,1,0,0,0,2
36.0,Male,173.8,110.3,36.5,3-5 times/week,Good,8.8,6.0,No,Moderate,0,2312.0,68.8,4.0,3,2,0,0,0
61.0,Male,164.3,62.1,23.0,3-5 times/week,Excellent,9.0,9.0,No,Low,0,2238.0,56.2,4.0,4,1,0,0,0
68.0,Female,157.7,39.8,16.0,3-5 times/week,Average,7.3,3.0,No,Low,0,1213.0,32.9,4.0,2,1,0,0,1
31.0,Female,156.1,76.3,31.3,3-5 times/week,Poor,4.8,4.0,Yes,Moderate,1,2717.0,118.3,4.0,1,2,1,1,1
37.0,Female,166.1,99.0,35.9,3-5 times/week,Average,6.6,2.0,No,Moderate,0,1785.0,72.9,4.0,2,2,0,0,1
47.0,Other,154.0,46.7,19.7,3-5 times/week,Excellent,6.6,5.0,No,Low,0,2099.0,47.7,4.0,4,1,0,0,2
22.0,Male,168.3,84.4,29.8,3-5 times/week,Poor,6.1,8.0,No,High,0,4050.0,170.6,4.0,1,3,0,0,0
53.0,Female,167.8,98.5,44.3,1-2 times/week,Poor,8.1,3.0,No,Low,1,2652.0,108.7,1.5,1,1,0,1,1
43.0,Male,169.9,115.8,40.1,Daily,Good,6.5,7.0,No,Low,1,3405.0,138.5,7.0,3,1,0,1,0
35.0,Female,158.8,64.8,25.7,3-5 times/week,Good,6.1,6.0,No,Low,0,1954.0,60.8,4.0,3,1,0,0,1
44.0,Female,163.4,47.3,17.7,3-5 times/week,Good,5.7,8.0,No,High,0,1847.0,49.3,4.0,3,3,0,0,1
47.0,Other,161.5,47.2,18.1,Daily,Good,8.2,8.0,No,Low,1,2015.0,46.4,7.0,3,1,0,1,2
34.0,Other,179.9,105.5,32.6,3-5 times/week,Poor,8.2,6.0,Yes,Low,0,3270.0,142.3,4.0,1,1,1,0,2
46.0,Other,179.8,68.2,21.1,Daily,Excellent,7.6,8.0,No,High,0,2636.0,68.8,7.0,4,3,0,0,2
59.0,Female,156.5,71.8,29.3,3-5 times/week,Poor,7.7,1.0,No,Moderate,0,2335.0,102.6,4.0,1,2,0,0,1
49.0,Female,163.1,39.9,15.0,Daily,Average,7.7,2.0,No,Moderate,0,2535.0,97.5,7.0,2,2,0,0,1
23.0,Other,161.9,69.2,26.4,None,Good,6.2,7.0,No,Moderate,0,2505.0,79.8,0.0,3,2,0,0,2
51.0,Male,172.6,63.8,21.4,3-5 times/week,Good,7.8,2.0,Yes,Low,0,2528.0,76.7,4.0,3,1,1,0,0
67.0,Other,172.4,111.8,37.6,1-2 times/week,Average,6.7,4.0,No,High,0,2735.0,90.7,1.5,2,3,0,0,2
47.0,Female,160.5,72.9,28.3,3-5 times/week,Good,6.2,8.0,No,Moderate,0,1799.0,52.8,4.0,3,2,0,0,1
20.0,Female,160.0,94.0,36.7,3-5 times/week,Poor,7.4,3.0,No,Moderate,0,2889.0,127.2,4.0,1,2,0,0,1
47.0,Male,166.0,69.7,25.3,3-5 times/week,Good,6.9,1.0,No,Moderate,0,2724.0,68.8,4.0,3,2,0,0,0
56.0,Other,173.7,83.9,27.8,3-5 times/week,Poor,9.0,2.0,No,None,0,2580.0,104.3,4.0,1,0,0,0,2
34.0,Female,166.1,62.4,22.6,1-2 times/week,Excellent,8.4,3.0,No,High,0,2120.0,52.1,1.5,4,3,0,0,1
55.0,Female,168.4,74.9,26.4,1-2 times/week,Good,8.9,9.0,No,Moderate,1,1654.0,48.2,1.5,3,2,0,1,1
26.0,Other,168.1,42.4,15.0,Daily,Excellent,6.1,2.0,Yes,Low,0,2883.0,71.6,7.0,4,1,1,0,2
47.0,Female,151.2,54.6,23.9,3-5 times/week,Good,7.1,7.0,No,Moderate,0,1843.0,54.7,4.0,3,2,0,0,1
61.0,Other,167.1,71.8,25.7,1-2 times/week,Poor,5.1,7.0,No,Moderate,0,2714.0,125.8,1.5,1,2,0,0,2
27.0,Male,180.9,95.9,29.3,1-2 times/week,Good,7.4,3.0,No,Low,0,2438.0,70.4,1.5,3,1,0,0,0
57.0,Other,157.4,68.1,27.5,3-5 times/week,Average,7.6,5.0,No,Low,1,2420.0,85.3,4.0,2,1,0,1,2
48.0,Female,156.7,76.6,31.2,3-5 times/week,Good,7.6,7.0,No,High,0,2520.0,61.0,4.0,3,3,0,0,1
39.0,Female,162.7,43.4,16.4,3-5 times/week,Excellent,7.8,3.0,No,High,0,2531.0,60.1,4.0,4,3,0,0,1
60.0,Female,159.0,62.2,24.6,1-2 times/week,Good,7.1,1.0,No,Low,0,1470.0,46.8,1.5,3,1,0,0,1
22.0,Female,155.1,64.5,26.8,Daily,Poor,3.0,9.0,No,Low,0,3206.0,135.4,7.0,1,1,0,0,1
39.0,Male,172.7,93.1,31.2,3-5 times/week,Poor,7.3,6.0,No,Moderate,0,3322.0,133.2,4.0,1,2,0,0,0
63.0,Male,182.0,116.6,35.2,Daily,Poor,5.8,3.0,No,High,0,3263.0,144.3,7.0,1,3,0,0,0
65.0,Male,167.9,80.9,28.7,1-2 times/week,Excellent,8.0,9.0,No,Low,0,2213.0,57.5,1.5,4,1,0,0,0
55.0,Male,175.0,60.3,19.7,3-5 times/week,Excellent,4.8,5.0,No,High,0,2284.0,65.3,4.0,4,3,0,0,0
64.0,Female,153.5,35.6,15.1,3-5 times/week,Average,7.1,2.0,No,Low,0,1955.0,71.4,4.0,2,1,0,0,1
26.0,Male,173.2,66.0,22.0,3-5 times/week,Poor,5.1,5.0,No,None,0,2677.0,109.5,4.0,1,0,0,0,0
36.0,Other,162.5,84.5,32.0,3-5 times/week,Good,7.1,9.0,No,Low,0,2448.0,76.4,4.0,3,1,0,0,2
43.0,Other,174.5,75.8,24.9,Daily,Good,8.2,3.0,No,Low,0,2550.0,107.7,7.0,3,1,0,0,2
41.0,Female,160.6,63.4,24.6,Daily,Good,7.2,9.0,No,Moderate,1,2591.0,57.1,7.0,3,2,0,1,1
30.0,Female,167.6,77.8,27.7,3-5 times/week,Excellent,5.6,6.0,Yes,High,0,2452.0,56.9,4.0,4,3,1,0,1
61.0,Other,171.1,68.8,23.5,3-5 times/week,Average,5.7,6.0,No,High,0,2450.0,90.0,4.0,2,3,0,0,2
48.0,Male,169.9,114.3,39.6,1-2 times/week,Poor,6.2,2.0,Yes,Low,0,2940.0,113.1,1.5,1,1,1,0,0
54.0,Female,162.4,74.9,28.4,1-2 times/week,Good,9.1,5.0,No,Low,0,2038.0,49.5,1.5,3,1,0,0,1
60.0,Other,166.5,60.2,21.7,1-2 times/week,Good,8.5,9.0,No,Low,0,2665.0,83.3,1.5,3,1,0,0,2
27.0,Female,153.6,55.9,23.7,3-5 times/week,Good,9.0,3.0,No,Low,0,1785.0,46.9,4.0,3,1,0,0,1
26.0,Female,164.5,54.7,20.2,Daily,Average,6.8,5.0,No,High,0,2406.0,59.7,7.0,2,3,0,0,1
46.0,Male,166.0,87.6,31.8,3-5 times/week,Average,8.6,6.0,No,Low,0,2856.0,87.9,4.0,2,1,0,0,0
23.0,Female,154.1,51.1,21.5,Daily,Excellent,7.2,6.0,Yes,High,0,1948.0,51.9,7.0,4,3,1,0,1
37.0,Male,167.4,63.6,22.7,3-5 times/week,Good,6.6,7.0,No,Low,0,2326.0,66.6,4.0,3,1,0,0,0
21.0,Female,168.1,62.2,22.0,Daily,Poor,7.5,9.0,No,Low,0,2544.0,108.4,7.0,1,1,0,0,1
33.0,Female,164.2,62.6,23.2,3-5 times/week,Average,6.3,1.0,No,Low,0,2311.0,82.2,4.0,2,1,0,0,1
51.0,Female,163.3,74.4,27.9,Daily,Average,5.8,4.0,No,Low,1,2468.0,92.2,7.0,2,1,0,1,1
52.0,Female,171.9,52.9,17.9,Daily,Good,7.6,6.0,No,Low,0,2088.0,67.4,7.0,3,1,0,0,1
21.0,Other,167.9,78.7,10.700000000000003,3-5 times/week,Good,7.4,5.0,Yes,Low,0,2609.0,86.6,4.0,3,1,1,0,2
21.0,Male,179.1,82.4,25.7,3-5 times/week,Good,5.5,6.0,No,Low,1,2101.0,58.6,4.0,3,1,0,1,0
49.0,Other,148.8,70.6,31.9,3-5 times/week,Poor,9.1,3.0,Yes,Moderate,0,3002.0,127.2,4.0,1,2,1,0,2
39.0,Other,155.7,50.7,20.9,3-5 times/week,Excellent,7.6,6.0,No,Low,0,1520.0,36.0,4.0,4,1,0,0,2
64.0,Other,179.5,94.7,29.4,Daily,Average,7.3,4.0,No,High,0,2853.0,106.0,7.0,2,3,0,0,2
65.0,Male,180.8,103.0,31.5,Daily,Average,7.2,1.0,No,Moderate,0,3033.0,122.8,7.0,2,2,0,0,0
68.0,Female,152.4,44.6,19.2,Daily,Good,7.7,9.0,No,High,0,1724.0,51.4,7.0,3,3,0,0,1
28.0,Female,162.4,67.8,25.7,3-5 times/week,Excellent,8.4,3.0,No,Moderate,0,1255.0,47.5,4.0,4,2,0,0,1
66.0,Male,174.0,101.4,33.5,3-5 times/week,Poor,7.2,1.0,Yes,Low,0,2959.0,124.2,4.0,1,1,1,0,0
35.0,Female,166.6,61.3,22.1,Daily,Good,8.7,2.0,Yes,Low,0,1813.0,50.4,7.0,3,1,1,0,1
63.0,Male,178.4,115.2,36.2,3-5 times/week,Average,4.7,10.0,No,Low,1,2683.0,102.7,4.0,2,1,0,1,0
29.0,Other,170.9,89.7,30.7,3-5 times/week,Poor,7.8,10.0,No,Low,1,2444.0,102.7,4.0,1,1,0,1,2
21.0,Female,162.4,55.4,21.0,3-5 times/week,Excellent,8.3,8.0,Yes,Moderate,0,1915.0,50.6,4.0,4,2,1,0,1
68.0,Male,150.8,60.9,26.8,3-5 times/week,Good,6.0,10.0,No,Moderate,0,1424.0,35.7,4.0,3,2,0,0,0
40.0,Male,166.9,61.0,21.9,3-5 times/week,Excellent,6.6,6.0,No,Moderate,0,1956.0,40.3,4.0,4,2,0,0,0
65.0,Other,173.1,77.6,25.9,1-2 times/week,Average,9.3,3.0,Yes,Low,0,2284.0,83.5,1.5,2,1,1,0,2
44.0,Other,167.7,88.3,31.4,3-5 times/week,Good,9.3,6.0,No,High,0,2722.0,79.0,4.0,3,3,0,0,2
48.0,Male,170.9,88.5,30.3,1-2 times/week,Average,6.6,1.0,No,High,1,2398.0,67.6,1.5,2,3,0,1,0
31.0,Female,159.3,92.4,36.4,3-5 times/week,Poor,5.9,1.0,Yes,Low,1,2494.0,105.6,4.0,1,1,1,1,1
30.0,Other,167.3,103.8,37.1,Daily,Poor,7.1,2.0,No,High,0,3398.0,146.3,7.0,1,3,0,0,2
52.0,Other,157.5,37.2,15.0,1-2 times/week,Good,8.4,10.0,No,Low,0,1829.0,61.3,1.5,3,1,0,0,2
58.0,Female,159.2,54.2,21.4,3-5 times/week,Good,8.9,6.0,Yes,Low,0,1749.0,52.4,4.0,3,1,1,0,1
47.0,Female,166.6,82.7,29.8,3-5 times/week,Good,6.8,5.0,No,Low,0,1761.0,56.8,4.0,3,1,0,0,1
47.0,Female,152.7,83.7,35.9,3-5 times/week,Average,8.1,9.0,Yes,Low,0,2157.0,72.8,4.0,2,1,1,0,1
60.0,Male,169.1,70.1,24.5,1-2 times/week,Excellent,7.5,9.0,No,Moderate,0,2848.0,65.6,1.5,4,2,0,0,0
54.0,Male,172.5,80.9,27.2,3-5 times/week,Good,6.7,1.0,Yes,Low,0,2642.0,70.4,4.0,3,1,1,0,0
41.0,Male,181.3,111.4,33.9,Daily,Excellent,7.0,8.0,Yes,High,0,2927.0,78.0,7.0,4,3,1,0,0
61.0,Female,177.3,108.1,34.4,3-5 times/week,Poor,7.0,1.0,No,Low,0,2599.0,107.1,4.0,1,1,0,0,1
27.0,Male,177.0,113.1,36.1,1-2 times/week,Poor,7.0,8.0,No,Low,0,2651.0,114.8,1.5,1,1,0,0,0
22.0,Male,172.5,93.7,31.5,3-5 times/week,Good,7.3,3.0,Yes,Low,0,2411.0,64.8,4.0,3,1,1,0,0
64.0,Other,162.0,58.5,22.3,3-5 times/week,Good,5.0,8.0,Yes,Moderate,0,2376.0,64.1,4.0,3,2,1,0,2
31.0,Other,162.5,55.2,20.9,1-2 times/week,Good,4.4,6.0,No,Low,0,2069.0,71.4,1.5,3,1,0,0,2
66.0,Other,179.0,78.8,24.6,Daily,Excellent,5.5,4.0,No,Low,0,2205.0,53.7,7.0,4,1,0,0,2
39.0,Female,152.1,87.0,37.6,3-5 times/week,Poor,5.1,8.0,No,Low,0,2070.0,83.9,4.0,1,1,0,0,1
24.0,Other,175.8,88.1,28.5,1-2 times/week,Average,7.9,6.0,No,Low,0,2717.0,71.9,1.5,2,1,0,0,2
57.0,Other,161.4,74.0,28.4,3-5 times/week,Excellent,4.4,8.0,No,High,0,2317.0,48.8,4.0,4,3,0,0,2
67.0,Other,168.0,64.1,22.7,Daily,Good,8.3,4.0,No,High,0,2842.0,85.9,7.0,3,3,0,0,2
59.0,Female,164.1,78.1,29.0,3-5 times/week,Poor,7.0,4.0,Yes,High,0,2856.0,123.0,4.0,1,3,1,0,1
26.0,Other,166.0,81.0,29.4,3-5 times/week,Poor,5.0,6.0,Yes,High,0,3226.0,141.3,4.0,1,3,1,0,2
43.0,Female,169.5,82.2,28.6,3-5 times/week,Excellent,6.6,1.0,Yes,Low,0,2062.0,59.9,4.0,4,1,1,0,1
63.0,Female,160.5,90.4,35.1,3-5 times/week,Average,5.9,6.0,Yes,High,0,2422.0,85.5,4.0,2,3,1,0,1
31.0,Other,166.9,42.9,15.4,Daily,Excellent,3.0,9.0,Yes,Low,0,2353.0,52.0,7.0,4,1,1,0,2
61.0,Male,164.6,75.3,27.8,3-5 times/week,Good,7.5,4.0,No,Low,0,1963.0,55.1,4.0,3,1,0,0,0
28.0,Female,166.0,60.9,22.1,Daily,Poor,6.0,8.0,No,High,0,2732.0,113.8,7.0,1,3,0,0,1
60.0,Female,157.4,104.8,42.3,Daily,Poor,5.3,9.0,No,High,1,2891.0,127.3,7.0,1,3,0,1,1
51.0,Other,162.8,78.2,29.5,3-5 times/week,Average,7.0,9.0,Yes,Moderate,0,2960.0,101.3,4.0,2,2,1,0,2
69.0,Female,147.9,66.5,30.4,3-5 times/week,Good,5.9,6.0,Yes,Low,0,1435.0,43.2,4.0,3,1,1,0,1
65.0,Other,178.0,103.6,32.7,3-5 times/week,Poor,7.3,8.0,No,Low,0,2449.0,109.7,4.0,1,1,0,0,2
48.0,Male,162.6,76.7,29.0,3-5 times/week,Poor,7.4,6.0,No,High,0,2892.0,123.9,4.0,1,3,0,0,0
55.0,Female,150.9,48.0,21.1,1-2 times/week,Good,8.7,1.0,No,Low,0,1262.0,39.1,1.5,3,1,0,0,1
67.0,Other,172.1,52.7,17.8,Daily,Excellent,7.2,10.0,No,Moderate,0,1666.0,44.4,7.0,4,2,0,0,2
42.0,Male,170.3,89.6,30.9,3-5 times/week,Poor,5.1,3.0,Yes,Low,1,3064.0,126.3,4.0,1,1,1,1,0
66.0,Male,167.3,115.3,41.2,3-5 times/week,Poor,6.2,7.0,Yes,Moderate,0,2630.0,109.1,4.0,1,2,1,0,0
22.0,Other,168.0,93.4,33.1,3-5 times/week,Good,7.3,5.0,No,Moderate,1,2240.0,72.0,4.0,3,2,0,1,2
48.0,Other,165.1,80.1,29.4,3-5 times/week,Poor,6.8,7.0,Yes,High,0,3033.0,121.3,4.0,1,3,1,0,2
24.0,Female,160.4,56.1,21.8,3-5 times/week,Poor,7.0,3.0,No,Low,0,2688.0,112.1,4.0,1,1,0,0,1
69.0,Male,174.3,97.2,32.0,Daily,Poor,7.3,5.0,No,Low,1,2917.0,122.5,7.0,1,1,0,1,0
43.0,Other,170.8,90.4,31.0,1-2 times/week,Poor,7.0,10.0,Yes,Low,0,2713.0,121.2,1.5,1,1,1,0,2
31.0,Other,173.5,89.7,29.8,1-2 times/week,Good,10.0,8.0,Yes,High,0,2721.0,71.6,1.5,3,3,1,0,2
35.0,Female,160.7,58.4,22.6,Daily,Average,9.4,8.0,No,Low,0,2403.0,90.7,7.0,2,1,0,0,1
19.0,Female,155.5,81.2,33.6,3-5 times/week,Poor,7.1,7.0,No,High,0,3003.0,138.6,4.0,1,3,0,0,1
18.0,Other,165.5,70.7,25.8,3-5 times/week,Excellent,6.7,4.0,No,Low,0,1669.0,32.2,4.0,4,1,0,0,2
68.0,Female,155.6,63.2,26.1,Daily,Excellent,5.9,8.0,No,Low,1,1689.0,42.5,7.0,4,1,0,1,1
64.0,Female,165.2,78.3,28.7,1-2 times/week,Good,6.3,4.0,No,High,0,2019.0,50.4,1.5,3,3,0,0,1
30.0,Female,154.1,46.3,19.5,3-5 times/week,Excellent,8.8,7.0,No,Low,0,1200.0,36.4,4.0,4,1,0,0,1
69.0,Male,172.9,103.4,34.6,3-5 times/week,Average,6.4,10.0,Yes,Low,0,2448.0,90.0,4.0,2,1,1,0,0
60.0,Female,158.6,45.3,18.0,Daily,Poor,7.3,8.0,Yes,Low,0,2688.0,115.1,7.0,1,1,1,0,1
46.0,Male,166.6,83.3,30.0,3-5 times/week,Good,8.5,10.0,Yes,Low,0,3186.0,129.1,4.0,3,1,1,0,0
40.0,Female,165.9,75.1,27.3,3-5 times/week,Average,8.2,9.0,No,Low,0,1898.0,63.2,4.0,2,1,0,0,1
38.0,Male,181.4,114.2,34.7,3-5 times/week,Good,8.7,9.0,Yes,High,1,2844.0,85.3,4.0,3,3,1,1,0
36.0,Other,174.1,127.6,42.1,3-5 times/week,Poor,5.9,8.0,No,Low,1,3184.0,130.1,4.0,1,1,0,1,2
24.0,Other,153.3,54.1,23.0,3-5 times/week,Good,5.2,9.0,No,Moderate,0,2582.0,73.9,4.0,3,2,0,0,2
32.0,Female,149.5,62.6,28.0,3-5 times/week,Excellent,8.2,6.0,Yes,Low,0,1872.0,38.6,4.0,4,1,1,0,1
37.0,Female,154.6,57.8,24.2,3-5 times/week,Average,9.2,6.0,No,Low,0,2279.0,84.1,4.0,2,1,0,0,1
69.0,Male,167.7,75.4,26.8,3-5 times/week,Average,7.3,2.0,Yes,Low,1,2705.0,105.6,4.0,2,1,1,1,0
37.0,Male,171.7,79.3,26.9,1-2 times/week,Good,7.8,6.0,No,Low,0,2695.0,79.1,1.5,3,1,0,0,0
60.0,Female,167.1,81.5,29.2,None,Poor,5.9,3.0,No,Low,1,2183.0,100.2,0.0,1,1,0,1,1
25.0,Female,170.2,84.9,29.3,3-5 times/week,Excellent,6.2,6.0,No,Low,1,2433.0,101.6,4.0,4,1,0,1,1
22.0,Male,172.1,93.6,31.6,3-5 times/week,Good,5.6,1.0,No,High,1,2773.0,83.6,4.0,3,3,0,1,0
41.0,Male,160.1,81.5,31.8,3-5 times/week,Average,6.1,5.0,Yes,Low,0,2929.0,87.9,4.0,2,1,1,0,0
59.0,Other,167.4,92.5,33.0,3-5 times/week,Good,7.6,9.0,Yes,High,0,2254.0,64.4,4.0,3,3,1,0,2
35.0,Other,165.3,60.7,22.2,1-2 times/week,Excellent,8.2,2.0,No,Moderate,0,1643.0,44.4,1.5,4,2,0,0,2
21.0,Other,177.9,65.2,20.6,Daily,Good,6.9,9.0,No,Low,0,2128.0,51.5,7.0,3,1,0,0,2
51.0,Male,174.4,51.4,16.9,1-2 times/week,Excellent,6.3,6.0,No,Low,0,2242.0,56.5,1.5,4,1,0,0,0
58.0,Other,169.3,44.7,15.6,3-5 times/week,Excellent,7.4,6.0,No,None,0,2357.0,57.1,4.0,4,0,0,0,2
20.0,Male,181.1,115.8,35.3,3-5 times/week,Average,7.0,1.0,No,Low,1,3146.0,118.8,4.0,2,1,0,1,0
30.0,Male,164.6,85.3,31.5,Daily,Good,9.2,9.0,Yes,Moderate,0,3038.0,99.8,7.0,3,2,1,0,0
38.0,Other,168.0,54.2,19.2,1-2 times/week,Average,7.1,8.0,No,Low,1,2327.0,81.3,1.5,2,1,0,1,2
37.0,Female,157.3,63.1,25.5,1-2 times/week,Poor,7.0,9.0,No,Low,0,2653.0,110.9,1.5,1,1,0,0,1
45.0,Female,149.8,50.3,22.4,3-5 times/week,Average,6.0,2.0,No,Moderate,0,1902.0,72.6,4.0,2,2,0,0,1
29.0,Male,173.8,72.8,24.1,1-2 times/week,Excellent,6.9,8.0,Yes,High,0,2964.0,67.2,1.5,4,3,1,0,0
33.0,Male,186.4,90.0,25.9,3-5 times/week,Excellent,4.9,3.0,No,High,0,2335.0,66.1,4.0,4,3,0,0,0
26.0,Male,150.9,66.0,29.0,3-5 times/week,Poor,8.6,1.0,Yes,Low,0,3073.0,134.8,4.0,1,1,1,0,0
61.0,Other,159.6,59.1,23.2,3-5 times/week,Good,7.1,3.0,No,Moderate,1,2230.0,65.2,4.0,3,2,0,1,2
63.0,Male,169.7,75.7,26.3,1-2 times/week,Average,6.1,5.0,No,Low,1,2362.0,80.1,1.5,2,1,0,1,0
39.0,Male,171.3,66.0,22.5,3-5 times/week,Average,7.9,4.0,No,Low,0,3276.0,123.8,4.0,2,1,0,0,0
67.0,Male,173.9,92.5,30.6,3-5 times/week,Poor,8.1,2.0,No,Moderate,0,3023.0,136.1,4.0,1,2,0,0,0
64.0,Female,168.7,52.9,18.6,3-5 times/week,Good,7.8,5.0,Yes,High,0,2387.0,58.0,4.0,3,3,1,0,1
68.0,Other,145.0,67.5,32.1,3-5 times/week,Good,8.2,8.0,No,Moderate,1,1770.0,51.3,4.0,3,2,0,1,2
41.0,Male,166.4,65.3,23.6,1-2 times/week,Poor,6.0,3.0,No,Moderate,0,3056.0,130.9,1.5,1,2,0,0,0
39.0,Male,172.3,75.1,25.3,Daily,Excellent,6.3,4.0,No,Moderate,0,2466.0,61.5,7.0,4,2,0,0,0
53.0,Other,162.8,83.5,31.5,3-5 times/week,Poor,6.4,7.0,No,Low,0,2331.0,103.5,4.0,1,1,0,0,2
57.0,Male,172.3,95.0,32.0,1-2 times/week,Poor,7.4,8.0,No,Moderate,0,3146.0,152.5,1.5,1,2,0,0,0
51.0,Other,171.9,72.4,24.5,3-5 times/week,Good,6.9,6.0,Yes,Low,0,1413.0,41.0,4.0,3,1,1,0,2
31.0,Female,161.2,63.7,24.5,3-5 times/week,Average,8.5,2.0,No,High,0,2702.0,96.7,4.0,2,3,0,0,1
49.0,Other,168.8,54.7,19.2,3-5 times/week,Excellent,8.2,8.0,Yes,Low,0,1586.0,34.0,4.0,4,1,1,0,2
69.0,Female,165.0,49.8,18.3,None,Excellent,4.0,8.0,Yes,Low,0,1610.0,43.3,0.0,4,1,1,0,1
20.0,Other,158.3,97.0,38.7,1-2 times/week,Average,7.0,5.0,No,High,0,2981.0,104.3,1.5,2,3,0,0,2
64.0,Female,158.6,60.6,24.1,3-5 times/week,Good,6.3,7.0,No,Low,0,2026.0,72.8,4.0,3,1,0,0,1
31.0,Other,168.8,75.2,26.4,3-5 times/week,Average,5.7,3.0,No,Moderate,0,2945.0,106.3,4.0,2,2,0,0,2
20.0,Female,161.6,56.7,21.7,3-5 times/week,Excellent,5.6,7.0,No,Low,0,1940.0,50.1,4.0,4,1,0,0,1
35.0,Other,167.4,50.7,18.1,3-5 times/week,Good,7.5,6.0,No,Low,0,1830.0,46.3,4.0,3,1,0,0,2
36.0,Female,164.9,82.4,30.3,Daily,Average,7.0,10.0,No,Low,0,2659.0,95.3,7.0,2,1,0,0,1
59.0,Male,152.4,62.2,26.8,3-5 times/week,Good,7.3,4.0,No,Low,0,2069.0,63.5,4.0,3,1,0,0,0
48.0,Male,174.8,102.4,33.5,Daily,Good,6.4,10.0,Yes,Moderate,1,2623.0,72.6,7.0,3,2,1,1,0
46.0,Male,186.0,84.1,24.3,Daily,Average,4.8,9.0,No,Low,0,3203.0,106.0,7.0,2,1,0,0,0
34.0,Male,175.9,72.4,23.4,3-5 times/week,Good,6.0,5.0,No,Low,1,3004.0,89.6,4.0,3,1,0,1,0
39.0,Female,156.1,105.8,43.4,1-2 times/week,Poor,8.2,10.0,Yes,High,1,3383.0,146.2,1.5,1,3,1,1,1
20.0,Male,176.5,65.1,20.9,3-5 times/week,Good,5.8,7.0,No,Low,0,3053.0,89.8,4.0,3,1,0,0,0
64.0,Male,175.0,84.5,27.6,3-5 times/week,Good,6.5,6.0,Yes,High,0,3122.0,63.0,4.0,3,3,1,0,0
52.0,Female,159.5,71.5,28.1,Daily,Good,8.9,8.0,No,Low,1,2387.0,73.7,7.0,3,1,0,1,1
50.0,Other,172.1,82.9,28.0,1-2 times/week,Good,6.2,6.0,Yes,Low,0,2166.0,67.3,1.5,3,1,1,0,2
47.0,Female,170.6,107.4,36.9,3-5 times/week,Good,7.1,5.0,Yes,High,0,3192.0,112.6,4.0,3,3,1,0,1
64.0,Female,151.2,61.3,26.8,Daily,Average,7.0,8.0,No,Moderate,0,2404.0,78.4,7.0,2,2,0,0,1
38.0,Other,154.1,83.6,35.2,None,Average,7.6,6.0,No,Low,0,2208.0,85.2,0.0,2,1,0,0,2
61.0,Female,157.3,62.8,25.4,3-5 times/week,Good,8.1,2.0,No,Low,0,1407.0,43.1,4.0,3,1,0,0,1
46.0,Male,166.8,72.9,26.2,Daily,Good,7.5,2.0,No,Moderate,0,2796.0,83.7,7.0,3,2,0,0,0
39.0,Female,156.7,73.2,29.8,3-5 times/week,Poor,8.4,8.0,No,High,0,3012.0,116.3,4.0,1,3,0,0,1
58.0,Other,152.1,62.2,26.9,Daily,Poor,7.9,6.0,No,Moderate,0,2966.0,122.6,7.0,1,2,0,0,2
39.0,Female,162.4,102.3,38.8,1-2 times/week,Good,6.2,9.0,No,Low,0,2641.0,108.7,1.5,3,1,0,0,1
42.0,Female,161.8,55.0,21.0,3-5 times/week,Excellent,7.5,6.0,No,Low,0,1778.0,31.4,4.0,4,1,0,0,1
65.0,Female,146.4,66.0,30.8,1-2 times/week,Good,5.5,7.0,No,Low,0,1737.0,57.8,1.5,3,1,0,0,1
50.0,Other,168.0,76.8,27.2,Daily,Good,4.1,4.0,No,Low,0,2553.0,76.3,7.0,3,1,0,0,2
35.0,Female,157.9,80.5,32.3,1-2 times/week,Average,5.6,10.0,No,Low,0,2283.0,81.9,1.5,2,1,0,0,1
54.0,Female,176.5,61.4,19.7,3-5 times/week,Average,6.2,6.0,No,Low,0,2723.0,92.4,4.0,2,1,0,0,1
39.0,Male,182.6,82.4,24.7,1-2 times/week,Poor,6.0,8.0,No,Low,1,3119.0,140.5,1.5,1,1,0,1,0
27.0,Male,174.2,81.0,26.7,Daily,Average,8.0,7.0,No,Low,0,3415.0,118.8,7.0,2,1,0,0,0
59.0,Other,162.6,77.7,29.4,3-5 times/week,Good,8.1,8.0,No,Moderate,0,2082.0,65.7,4.0,3,2,0,0,2
61.0,Male,176.1,84.4,27.2,1-2 times/week,Good,6.8,2.0,Yes,Low,0,2824.0,94.7,1.5,3,1,1,0,0
29.0,Female,150.9,52.1,22.9,Daily,Good,6.9,3.0,No,Moderate,1,2577.0,82.8,7.0,3,2,0,1,1
23.0,Other,158.2,44.5,17.8,3-5 times/week,Excellent,7.4,2.0,Yes,High,0,1826.0,43.2,4.0,4,3,1,0,2
32.0,Female,155.5,77.9,32.2,3-5 times/week,Average,6.1,3.0,No,High,0,2983.0,108.9,4.0,2,3,0,0,1
53.0,Female,169.7,85.0,29.5,3-5 times/week,Good,7.9,1.0,No,Low,0,1940.0,57.3,4.0,3,1,0,0,1
22.0,Male,169.7,77.8,27.0,Daily,Poor,8.6,8.0,No,Low,0,3192.0,142.5,7.0,1,1,0,0,0
59.0,Male,167.6,75.6,26.9,3-5 times/week,Excellent,7.2,6.0,No,Low,0,1924.0,55.6,4.0,4,1,0,0,0
38.0,Male,169.7,60.5,21.0,Daily,Good,9.8,1.0,No,Moderate,1,2816.0,81.8,7.0,3,2,0,1,0
33.0,Other,161.7,85.2,32.6,3-5 times/week,Poor,8.2,2.0,No,Low,0,2751.0,117.6,4.0,1,1,0,0,2
43.0,Other,157.5,88.8,35.8,3-5 times/week,Poor,8.7,9.0,No,Low,0,2514.0,108.8,4.0,1,1,0,0,2
56.0,Female,166.1,48.0,17.4,Daily,Average,6.6,2.0,No,Low,1,2449.0,86.3,7.0,2,1,0,1,1
57.0,Other,162.3,110.4,41.9,3-5 times/week,Good,5.1,10.0,Yes,Low,0,2009.0,74.1,4.0,3,1,1,0,2
20.0,Female,160.4,58.1,22.6,3-5 times/week,Excellent,9.0,2.0,No,Low,0,1878.0,34.9,4.0,4,1,0,0,1
57.0,Other,147.1,51.1,23.6,3-5 times/week,Average,5.5,7.0,Yes,Low,0,2597.0,90.7,4.0,2,1,1,0,2
58.0,Male,171.0,49.7,17.0,Daily,Excellent,6.6,6.0,No,Moderate,0,2513.0,57.8,7.0,4,2,0,0,0
40.0,Male,174.3,107.2,35.3,1-2 times/week,Good,6.6,10.0,No,Moderate,0,2838.0,103.8,1.5,3,2,0,0,0
43.0,Male,177.3,92.4,29.4,3-5 times/week,Average,5.1,8.0,No,Low,0,3137.0,103.4,4.0,2,1,0,0,0
56.0,Male,180.3,100.4,30.9,1-2 times/week,Good,5.8,4.0,No,Moderate,0,2148.0,62.9,1.5,3,2,0,0,0
21.0,Other,170.3,81.8,28.2,3-5 times/week,Poor,4.9,3.0,Yes,Low,0,3264.0,145.9,4.0,1,1,1,0,2
45.0,Female,147.8,86.7,39.7,1-2 times/week,Poor,8.6,7.0,No,Moderate,0,2611.0,108.7,1.5,1,2,0,0,1
35.0,Male,180.5,72.0,22.1,3-5 times/week,Good,6.6,8.0,Yes,Low,0,2399.0,72.8,4.0,3,1,1,0,0
30.0,Female,157.3,56.2,22.7,Daily,Poor,7.0,8.0,No,Low,0,2863.0,129.5,7.0,1,1,0,0,1
68.0,Female,163.9,98.1,36.5,3-5 times/week,Poor,7.0,5.0,No,High,0,2779.0,120.3,4.0,1,3,0,0,1
51.0,Female,171.1,79.9,27.3,1-2 times/week,Average,5.2,7.0,No,High,0,2466.0,99.1,1.5,2,3,0,0,1
60.0,Other,181.5,98.2,29.8,3-5 times/week,Average,5.7,9.0,No,Low,0,2639.0,94.5,4.0,2,1,0,0,2
34.0,Male,175.2,95.8,31.2,3-5 times/week,Good,7.0,9.0,No,Moderate,0,2308.0,55.8,4.0,3,2,0,0,0
64.0,Other,157.1,66.1,26.8,Daily,Average,6.4,7.0,No,Moderate,0,3139.0,105.1,7.0,2,2,0,0,2
65.0,Other,171.0,94.7,32.4,1-2 times/week,Good,7.0,7.0,No,Moderate,0,2668.0,84.6,1.5,3,2,0,0,2
29.0,Female,158.1,47.0,18.8,3-5 times/week,Good,7.2,6.0,No,Moderate,0,1767.0,53.4,4.0,3,2,0,0,1
55.0,Other,179.9,61.8,19.1,3-5 times/week,Excellent,7.9,5.0,Yes,Moderate,0,1575.0,32.4,4.0,4,2,1,0,2
54.0,Female,156.8,78.7,32.0,1-2 times/week,Average,5.0,7.0,No,Low,0,2346.0,86.4,1.5,2,1,0,0,1
67.0,Female,159.4,79.8,31.4,None,Poor,7.9,6.0,No,Low,0,2933.0,132.1,0.0,1,1,0,0,1
55.0,Male,170.3,112.5,38.8,Daily,Average,6.1,6.0,No,Moderate,0,2553.0,89.9,7.0,2,2,0,0,0
23.0,Male,171.3,91.0,31.0,3-5 times/week,Good,4.0,7.0,No,Moderate,1,2766.0,85.3,4.0,3,2,0,1,0
36.0,Female,161.3,49.4,19.0,Daily,Good,6.4,7.0,Yes,Low,1,2570.0,82.8,7.0,3,1,1,1,1
48.0,Male,176.5,101.6,32.6,3-5 times/week,Average,4.9,1.0,No,Moderate,0,2998.0,103.7,4.0,2,2,0,0,0
39.0,Male,174.3,58.3,19.2,Daily,Good,7.5,2.0,No,Low,0,2895.0,90.2,7.0,3,1,0,0,0
67.0,Other,172.9,115.4,38.6,3-5 times/week,Average,5.1,7.0,No,Low,0,2365.0,85.2,4.0,2,1,0,0,2
37.0,Male,182.3,68.8,20.7,3-5 times/week,Average,7.4,6.0,No,Low,0,2439.0,84.0,4.0,2,1,0,0,0
62.0,Female,157.2,83.0,33.6,3-5 times/week,Good,7.3,6.0,Yes,Low,1,1962.0,51.7,4.0,3,1,1,1,1
61.0,Male,172.4,71.3,24.0,Daily,Good,4.7,4.0,No,Moderate,0,3137.0,97.6,7.0,3,2,0,0,0
35.0,Male,175.6,113.2,36.7,3-5 times/week,Good,5.9,3.0,No,High,0,2553.0,77.4,4.0,3,3,0,0,0
45.0,Female,157.5,64.5,26.0,3-5 times/week,Excellent,6.2,1.0,No,Low,0,1499.0,35.2,4.0,4,1,0,0,1
49.0,Female,157.5,66.5,26.8,1-2 times/week,Excellent,8.2,2.0,No,Moderate,1,1408.0,21.5,1.5,4,2,0,1,1
68.0,Other,166.6,59.7,21.5,Daily,Excellent,6.0,7.0,No,Low,0,1536.0,42.3,7.0,4,1,0,0,2
42.0,Male,168.7,105.0,36.9,3-5 times/week,Good,6.7,10.0,No,Moderate,0,2668.0,78.3,4.0,3,2,0,0,0
40.0,Other,163.5,74.0,27.7,3-5 times/week,Average,5.8,6.0,No,Moderate,0,2709.0,106.2,4.0,2,2,0,0,2
40.0,Male,170.0,81.2,28.1,3-5 times/week,Good,7.3,7.0,Yes,High,0,2496.0,70.5,4.0,3,3,1,0,0
29.0,Male,178.0,86.2,27.2,1-2 times/week,Poor,6.3,5.0,No,Moderate,0,3574.0,143.6,1.5,1,2,0,0,0
64.0,Other,158.5,52.3,20.8,Daily,Average,6.8,5.0,Yes,Low,0,2553.0,97.7,7.0,2,1,1,0,2
39.0,Other,172.3,89.7,30.2,1-2 times/week,Poor,7.3,4.0,No,Low,0,2920.0,131.5,1.5,1,1,0,0,2
36.0,Male,165.1,74.7,27.4,3-5 times/week,Average,7.0,4.0,Yes,Low,0,2457.0,87.1,4.0,2,1,1,0,0
39.0,Male,172.6,83.1,27.9,3-5 times/week,Average,6.6,9.0,Yes,Low,0,2993.0,106.9,4.0,2,1,1,0,0
36.0,Other,166.7,72.5,26.1,3-5 times/week,Average,5.9,1.0,No,Low,0,2029.0,66.8,4.0,2,1,0,0,2
51.0,Male,176.6,91.4,29.3,3-5 times/week,Excellent,4.6,2.0,No,Low,0,2106.0,41.2,4.0,4,1,0,0,0
27.0,Other,159.1,74.2,29.3,3-5 times/week,Excellent,7.7,5.0,No,None,0,2583.0,64.6,4.0,4,0,0,0,2
27.0,Other,172.0,97.9,33.1,1-2 times/week,Average,7.0,9.0,No,Low,0,3166.0,107.2,1.5,2,1,0,0,2
45.0,Other,163.3,82.9,31.1,1-2 times/week,Average,4.9,1.0,No,High,0,2779.0,101.4,1.5,2,3,0,0,2
40.0,Male,185.3,106.4,31.0,3-5 times/week,Excellent,4.9,10.0,No,High,0,2661.0,72.6,4.0,4,3,0,0,0
65.0,Other,181.4,94.1,28.6,1-2 times/week,Poor,6.4,6.0,No,Low,0,2320.0,102.5,1.5,1,1,0,0,2
22.0,Female,153.5,57.3,24.3,3-5 times/week,Good,6.2,7.0,No,High,0,2710.0,74.4,4.0,3,3,0,0,1
33.0,Female,154.5,69.9,29.3,1-2 times/week,Good,5.2,2.0,No,Moderate,0,2032.0,61.2,1.5,3,2,0,0,1
36.0,Male,173.1,91.7,30.6,Daily,Poor,4.7,4.0,Yes,Low,1,3357.0,146.0,7.0,1,1,1,1,0
27.0,Female,160.2,54.9,21.4,1-2 times/week,Good,6.9,2.0,No,Moderate,0,2027.0,68.2,1.5,3,2,0,0,1
61.0,Female,152.8,59.1,25.3,1-2 times/week,Excellent,8.1,1.0,Yes,Low,0,1200.0,33.0,1.5,4,1,1,0,1
19.0,Male,176.5,120.2,38.6,1-2 times/week,Average,7.3,4.0,Yes,Moderate,0,2996.0,107.1,1.5,2,2,1,0,0
21.0,Male,159.4,71.1,28.0,1-2 times/week,Excellent,7.8,6.0,Yes,Low,0,1777.0,40.8,1.5,4,1,1,0,0
62.0,Other,167.0,77.5,27.8,3-5 times/week,Good,6.4,9.0,No,Low,1,2170.0,67.4,4.0,3,1,0,1,2
41.0,Other,167.5,63.7,22.7,3-5 times/week,Good,6.1,2.0,No,Low,0,2040.0,54.8,4.0,3,1,0,0,2
61.0,Other,159.5,62.8,24.7,3-5 times/week,Average,5.0,6.0,No,Low,0,1959.0,74.5,4.0,2,1,0,0,2
32.0,Male,178.8,94.3,29.5,3-5 times/week,Good,6.5,6.0,No,Low,0,2383.0,63.5,4.0,3,1,0,0,0
18.0,Male,184.8,73.8,21.6,Daily,Good,7.3,2.0,No,Low,0,3412.0,139.8,7.0,3,1,0,0,0
42.0,Male,177.8,105.0,33.2,3-5 times/week,Poor,7.0,5.0,Yes,High,0,3799.0,149.1,4.0,1,3,1,0,0
59.0,Female,165.4,100.9,36.9,3-5 times/week,Average,8.3,8.0,Yes,High,0,2839.0,93.1,4.0,2,3,1,0,1
50.0,Female,168.5,109.0,38.4,1-2 times/week,Poor,8.4,10.0,No,Low,0,2763.0,114.2,1.5,1,1,0,0,1
33.0,Other,164.6,59.1,21.8,3-5 times/week,Excellent,7.5,6.0,No,Low,0,1568.0,38.7,4.0,4,1,0,0,2
18.0,Male,172.0,82.8,28.0,3-5 times/week,Excellent,7.0,4.0,No,Moderate,0,2515.0,62.3,4.0,4,2,0,0,0
61.0,Female,163.7,70.5,26.3,Daily,Good,7.0,5.0,No,Moderate,0,2242.0,78.2,7.0,3,2,0,0,1
46.0,Male,171.7,70.2,23.8,3-5 times/week,Poor,7.4,10.0,No,Low,0,2910.0,120.6,4.0,1,1,0,0,0
58.0,Other,160.7,60.7,23.5,3-5 times/week,Excellent,6.0,4.0,No,Low,0,1387.0,27.1,4.0,4,1,0,0,2
43.0,Female,163.7,60.8,22.7,3-5 times/week,Excellent,5.7,4.0,No,Low,0,2059.0,55.3,4.0,4,1,0,0,1
26.0,Other,168.0,56.2,19.9,3-5 times/week,Excellent,7.1,2.0,No,Low,0,1695.0,37.3,4.0,4,1,0,0,2
60.0,Other,147.4,53.4,24.6,3-5 times/week,Excellent,7.0,4.0,No,Moderate,0,1991.0,49.3,4.0,4,2,0,0,2
32.0,Male,172.3,83.1,28.0,3-5 times/week,Good,6.5,4.0,No,Moderate,0,2753.0,86.4,4.0,3,2,0,0,0
52.0,Female,161.0,79.3,30.6,3-5 times/week,Excellent,8.2,2.0,No,High,0,1823.0,33.4,4.0,4,3,0,0,1
49.0,Female,162.0,70.3,26.8,1-2 times/week,Good,7.0,10.0,No,Low,0,1656.0,39.0,1.5,3,1,0,0,1
23.0,Female,170.4,90.0,31.0,3-5 times/week,Poor,6.6,8.0,No,Low,0,2740.0,126.7,4.0,1,1,0,0,1
50.0,Male,160.7,52.4,20.3,1-2 times/week,Excellent,7.8,10.0,No,Low,0,2132.0,55.5,1.5,4,1,0,0,0
68.0,Female,167.6,69.9,24.9,3-5 times/week,Poor,6.8,7.0,Yes,Low,0,2132.0,80.8,4.0,1,1,1,0,1
44.0,Female,153.2,67.1,28.6,3-5 times/week,Excellent,5.3,7.0,No,Low,0,1340.0,47.2,4.0,4,1,0,0,1
25.0,Other,170.7,58.9,20.2,3-5 times/week,Excellent,8.4,9.0,No,Moderate,0,2064.0,48.2,4.0,4,2,0,0,2
20.0,Other,168.9,53.3,18.7,3-5 times/week,Good,7.6,3.0,Yes,Moderate,0,1955.0,53.7,4.0,3,2,1,0,2
54.0,Male,169.9,83.1,28.8,3-5 times/week,Good,4.9,7.0,No,Low,0,2684.0,80.8,4.0,3,1,0,0,0
56.0,Other,169.3,112.9,39.4,3-5 times/week,Average,6.7,7.0,Yes,Moderate,0,2805.0,104.7,4.0,2,2,1,0,2
31.0,Other,152.9,61.0,26.1,3-5 times/week,Excellent,6.3,10.0,No,Low,0,1536.0,40.2,4.0,4,1,0,0,2
22.0,Male,186.8,99.8,28.6,1-2 times/week,Good,6.2,6.0,Yes,Low,0,2821.0,80.8,1.5,3,1,1,0,0
51.0,Male,174.4,63.0,20.7,1-2 times/week,Average,6.0,5.0,No,Low,1,2401.0,74.7,1.5,2,1,0,1,0
34.0,Other,163.8,66.8,24.9,3-5 times/week,Average,7.1,8.0,Yes,Low,0,2156.0,80.8,4.0,2,1,1,0,2
21.0,Female,159.2,64.1,25.3,3-5 times/week,Good,8.6,6.0,No,Moderate,0,2376.0,71.5,4.0,3,2,0,0,1
65.0,Female,151.8,49.1,21.3,3-5 times/week,Good,8.0,7.0,No,Moderate,0,2527.0,72.7,4.0,3,2,0,0,1
19.0,Other,160.0,65.3,25.5,3-5 times/week,Good,9.4,2.0,No,High,0,2032.0,65.9,4.0,3,3,0,0,2
19.0,Other,171.9,79.5,26.9,Daily,Average,7.3,10.0,No,Moderate,0,3299.0,110.5,7.0,2,2,0,0,2
43.0,Other,174.6,101.5,33.3,3-5 times/week,Average,10.0,6.0,No,High,0,2930.0,106.2,4.0,2,3,0,0,2
21.0,Female,165.9,58.1,21.1,1-2 times/week,Good,7.5,9.0,No,Low,0,2510.0,66.1,1.5,3,1,0,0,1
63.0,Other,173.0,100.9,33.7,3-5 times/week,Poor,5.4,3.0,Yes,Low,0,2027.0,64.2,4.0,1,1,1,0,2
56.0,Male,180.1,100.9,31.1,3-5 times/week,Good,5.7,3.0,Yes,Moderate,0,2295.0,63.5,4.0,3,2,1,0,0
50.0,Female,169.5,75.6,26.3,3-5 times/week,Good,11.0,5.0,No,Moderate,1,2292.0,64.5,4.0,3,2,0,1,1
39.0,Female,165.7,60.1,21.9,3-5 times/week,Good,7.1,6.0,No,Low,0,2080.0,61.1,4.0,3,1,0,0,1
27.0,Female,161.1,81.5,31.4,3-5 times/week,Average,6.6,4.0,No,Moderate,0,2914.0,104.6,4.0,2,2,0,0,1
37.0,Male,173.5,79.8,26.5,Daily,Good,8.3,10.0,No,Low,0,2733.0,78.2,7.0,3,1,0,0,0
65.0,Other,165.4,88.6,32.4,3-5 times/week,Poor,7.8,1.0,No,Low,0,2397.0,102.9,4.0,1,1,0,0,2
65.0,Female,154.1,48.0,20.2,3-5 times/week,Excellent,8.5,7.0,Yes,Low,0,1554.0,37.8,4.0,4,1,1,0,1
45.0,Male,169.0,104.5,36.6,3-5 times/week,Poor,6.1,4.0,No,Moderate,0,2528.0,105.8,4.0,1,2,0,0,0
40.0,Male,175.2,90.9,29.6,3-5 times/week,Good,7.0,6.0,No,Low,0,2905.0,76.6,4.0,3,1,0,0,0
37.0,Other,172.5,114.0,38.3,Daily,Poor,8.8,7.0,No,High,0,3931.0,169.7,7.0,1,3,0,0,2
67.0,Male,179.6,84.8,26.3,3-5 times/week,Excellent,6.3,2.0,No,Low,1,2211.0,43.4,4.0,4,1,0,1,0
49.0,Male,177.2,83.5,26.6,1-2 times/week,Poor,7.0,2.0,No,Low,1,2627.0,122.0,1.5,1,1,0,1,0
30.0,Female,163.0,65.1,24.5,3-5 times/week,Good,6.5,6.0,No,Low,0,1425.0,29.5,4.0,3,1,0,0,1
23.0,Other,164.3,57.8,21.4,1-2 times/week,Average,7.5,1.0,No,Low,0,2373.0,79.6,1.5,2,1,0,0,2
21.0,Other,173.7,82.7,27.4,Daily,Good,6.2,3.0,Yes,Moderate,0,2319.0,72.9,7.0,3,2,1,0,2
37.0,Male,176.6,72.4,23.2,None,Good,7.2,10.0,No,Low,0,2539.0,68.6,0.0,3,1,0,0,0
67.0,Female,163.3,70.7,26.5,Daily,Good,6.3,8.0,No,High,0,1906.0,53.2,7.0,3,3,0,0,1
59.0,Male,190.0,93.5,25.9,1-2 times/week,Average,6.5,3.0,No,Moderate,0,2333.0,94.8,1.5,2,2,0,0,0
42.0,Other,169.5,72.4,25.2,3-5 times/week,Poor,7.9,3.0,No,Low,1,2153.0,63.0,4.0,1,1,0,1,2
47.0,Other,166.1,77.8,28.2,Daily,Good,7.2,4.0,No,Low,0,2512.0,64.0,7.0,3,1,0,0,2
52.0,Male,170.5,47.7,16.4,3-5 times/week,Good,7.5,9.0,No,Low,1,2446.0,70.1,4.0,3,1,0,1,0
59.0,Male,169.7,74.9,26.0,3-5 times/week,Poor,7.1,2.0,Yes,Moderate,1,2260.0,93.8,4.0,1,2,1,1,0
29.0,Male,172.0,80.5,27.2,3-5 times/week,Average,6.1,4.0,No,High,0,3670.0,122.6,4.0,2,3,0,0,0
60.0,Female,169.2,87.0,30.4,1-2 times/week,Good,7.4,10.0,No,Low,0,1639.0,45.8,1.5,3,1,0,0,1
25.0,Male,174.3,58.0,19.1,3-5 times/week,Average,7.8,6.0,No,High,0,2935.0,109.1,4.0,2,3,0,0,0
41.0,Other,167.4,54.9,19.6,None,Excellent,7.4,2.0,Yes,Low,0,2252.0,61.6,0.0,4,1,1,0,2
47.0,Other,166.7,112.0,40.3,3-5 times/week,Poor,4.0,2.0,No,Low,0,2414.0,114.0,4.0,1,1,0,0,2
62.0,Male,162.7,71.7,27.1,3-5 times/week,Good,7.0,10.0,No,Low,0,2828.0,74.0,4.0,3,1,0,0,0
19.0,Other,164.9,40.8,15.0,Daily,Average,7.1,1.0,No,Low,1,2675.0,95.0,7.0,2,1,0,1,2
23.0,Female,158.5,62.8,25.0,Daily,Good,4.6,6.0,No,High,0,2712.0,74.4,7.0,3,3,0,0,1
28.0,Other,176.5,98.4,31.6,1-2 times/week,Average,5.1,4.0,Yes,Low,0,2494.0,94.0,1.5,2,1,1,0,2
35.0,Female,153.7,65.7,27.8,3-5 times/week,Poor,6.7,5.0,Yes,High,1,3217.0,134.0,4.0,1,3,1,1,1
18.0,Female,165.6,63.9,23.3,3-5 times/week,Excellent,7.0,8.0,No,Low,0,1995.0,43.6,4.0,4,1,0,0,1
33.0,Male,178.2,89.2,28.1,3-5 times/week,Good,8.1,4.0,Yes,Low,0,2214.0,58.7,4.0,3,1,1,0,0
63.0,Male,176.1,95.8,30.9,3-5 times/week,Excellent,7.0,9.0,No,Moderate,1,1786.0,40.8,4.0,4,2,0,1,0
35.0,Male,184.7,112.2,32.9,3-5 times/week,Good,9.4,2.0,No,High,1,2751.0,89.4,4.0,3,3,0,1,0
63.0,Male,172.1,81.7,27.6,Daily,Excellent,6.4,8.0,No,Low,0,2705.0,74.6,7.0,4,1,0,0,0
19.0,Other,175.6,76.8,24.9,3-5 times/week,Average,7.0,10.0,Yes,Low,0,2061.0,74.7,4.0,2,1,1,0,2
64.0,Female,170.7,90.3,31.0,1-2 times/week,Average,6.7,10.0,No,Low,0,2938.0,106.4,1.5,2,1,0,0,1
42.0,Male,167.9,88.2,31.3,1-2 times/week,Poor,5.3,1.0,No,Low,0,3009.0,128.7,1.5,1,1,0,0,0
62.0,Male,187.0,119.9,34.3,3-5 times/week,Excellent,6.6,3.0,Yes,Low,0,1930.0,41.1,4.0,4,1,1,0,0
65.0,Other,162.2,51.8,19.7,3-5 times/week,Good,8.4,4.0,No,Low,0,2312.0,70.1,4.0,3,1,0,0,2
56.0,Male,172.2,99.6,33.6,1-2 times/week,Excellent,9.0,1.0,Yes,High,0,2772.0,57.1,1.5,4,3,1,0,0
49.0,Other,176.5,98.8,31.7,1-2 times/week,Average,8.1,10.0,Yes,Low,1,2579.0,95.9,1.5,2,1,1,1,2
53.0,Other,166.8,101.6,36.5,1-2 times/week,Average,6.6,4.0,No,Low,0,2109.0,62.4,1.5,2,1,0,0,2
67.0,Other,156.7,48.9,19.9,3-5 times/week,Excellent,6.0,10.0,No,Moderate,0,1854.0,47.3,4.0,4,2,0,0,2
57.0,Male,163.4,65.1,24.4,Daily,Excellent,7.2,6.0,Yes,Low,1,2163.0,60.7,7.0,4,1,1,1,0
63.0,Other,152.3,72.6,31.3,None,Good,6.5,8.0,Yes,Low,0,2092.0,71.7,0.0,3,1,1,0,2
44.0,Female,159.7,60.7,23.8,1-2 times/week,Average,8.6,6.0,No,High,0,2411.0,85.4,1.5,2,3,0,0,1
46.0,Other,163.4,80.9,30.3,3-5 times/week,Good,6.2,4.0,No,Moderate,1,2157.0,61.3,4.0,3,2,0,1,2
18.0,Male,187.7,102.9,29.2,Daily,Poor,5.9,10.0,No,High,0,4013.0,165.7,7.0,1,3,0,0,0
24.0,Other,152.5,87.7,37.7,1-2 times/week,Poor,10.0,3.0,No,Moderate,0,3382.0,143.2,1.5,1,2,0,0,2
48.0,Other,166.6,67.7,24.4,3-5 times/week,Average,7.4,2.0,No,Low,0,2368.0,75.0,4.0,2,1,0,0,2
49.0,Female,170.4,46.2,15.9,Daily,Good,8.2,2.0,No,Moderate,0,2722.0,75.7,7.0,3,2,0,0,1
23.0,Female,164.2,63.6,23.6,3-5 times/week,Poor,6.8,6.0,No,Low,0,2882.0,114.0,4.0,1,1,0,0,1
29.0,Female,153.4,48.9,20.8,1-2 times/week,Good,7.5,6.0,No,Low,0,1344.0,36.6,1.5,3,1,0,0,1
44.0,Male,181.4,109.6,33.3,3-5 times/week,Average,6.1,7.0,Yes,Moderate,0,3279.0,121.6,4.0,2,2,1,0,0
41.0,Female,150.5,40.5,17.9,Daily,Good,6.5,2.0,Yes,Low,0,2125.0,51.2,7.0,3,1,1,0,1
18.0,Female,157.2,59.8,24.2,Daily,Average,7.0,3.0,Yes,Low,0,2715.0,105.3,7.0,2,1,1,0,1
21.0,Male,178.1,107.8,34.0,3-5 times/week,Poor,6.1,10.0,Yes,Moderate,0,3367.0,142.1,4.0,1,2,1,0,0
35.0,Other,163.3,98.1,36.8,3-5 times/week,Good,7.1,9.0,No,High,0,2694.0,108.0,4.0,3,3,0,0,2
45.0,Other,164.7,60.5,22.3,3-5 times/week,Good,8.2,7.0,No,Moderate,0,1798.0,49.3,4.0,3,2,0,0,2
31.0,Female,165.5,87.9,32.1,1-2 times/week,Average,6.8,9.0,No,Low,0,1787.0,56.3,1.5,2,1,0,0,1
33.0,Male,174.7,116.0,38.0,3-5 times/week,Average,9.1,4.0,Yes,High,0,3290.0,113.4,4.0,2,3,1,0,0
26.0,Female,157.0,67.0,27.2,1-2 times/week,Good,6.6,10.0,Yes,Low,1,2024.0,64.2,1.5,3,1,1,1,1
69.0,Other,179.7,114.0,35.3,3-5 times/week,Good,6.2,8.0,No,Low,0,1943.0,67.7,4.0,3,1,0,0,2
58.0,Other,160.6,88.2,34.2,3-5 times/week,Good,5.6,8.0,No,Low,0,2114.0,64.9,4.0,3,1,0,0,2
33.0,Male,169.6,88.3,30.7,3-5 times/week,Poor,7.1,3.0,No,Moderate,1,3231.0,125.5,4.0,1,2,0,1,0
58.0,Other,157.2,53.6,21.7,Daily,Average,7.9,7.0,No,Low,0,2542.0,86.7,7.0,2,1,0,0,2
65.0,Female,167.4,89.4,31.9,3-5 times/week,Average,4.4,6.0,Yes,Low,0,1961.0,67.7,4.0,2,1,1,0,1
60.0,Other,161.0,106.0,40.9,1-2 times/week,Good,8.6,9.0,No,High,0,2403.0,70.1,1.5,3,3,0,0,2
68.0,Other,154.4,64.4,27.0,3-5 times/week,Good,6.2,7.0,Yes,Low,0,1996.0,48.3,4.0,3,1,1,0,2
20.0,Male,155.0,87.5,36.4,1-2 times/week,Poor,5.7,10.0,No,High,0,3418.0,150.7,1.5,1,3,0,0,0
66.0,Other,151.0,82.8,36.3,1-2 times/week,Poor,7.5,7.0,No,Low,0,2646.0,118.7,1.5,1,1,0,0,2
67.0,Female,162.0,44.6,17.0,3-5 times/week,Good,7.8,2.0,No,Low,0,1565.0,48.8,4.0,3,1,0,0,1
20.0,Female,159.7,81.9,32.1,3-5 times/week,Excellent,7.7,9.0,No,Moderate,0,1380.0,24.6,4.0,4,2,0,0,1
33.0,Male,176.1,93.3,30.1,1-2 times/week,Excellent,5.9,10.0,No,Moderate,0,1869.0,45.7,1.5,4,2,0,0,0
30.0,Female,158.0,58.4,23.4,3-5 times/week,Good,6.6,1.0,Yes,Low,1,2114.0,59.1,4.0,3,1,1,1,1
57.0,Male,166.2,59.4,21.5,Daily,Average,7.1,9.0,Yes,Low,1,2811.0,104.6,7.0,2,1,1,1,0
29.0,Female,165.7,54.9,20.0,3-5 times/week,Average,7.8,9.0,No,Low,0,2022.0,62.9,4.0,2,1,0,0,1
35.0,Male,172.2,92.2,31.1,3-5 times/week,Good,6.7,5.0,Yes,Moderate,0,2161.0,55.9,4.0,3,2,1,0,0
63.0,Male,174.2,80.4,26.5,Daily,Poor,7.2,2.0,No,Moderate,1,4088.0,178.4,7.0,1,2,0,1,0
60.0,Other,175.0,70.7,23.1,1-2 times/week,Excellent,7.0,6.0,No,Low,0,2649.0,62.9,1.5,4,1,0,0,2
26.0,Female,181.4,76.3,23.2,3-5 times/week,Good,4.3,6.0,No,Moderate,0,3487.0,102.0,4.0,3,2,0,0,1
55.0,Male,180.7,98.0,30.0,1-2 times/week,Excellent,6.7,5.0,No,Moderate,0,2348.0,50.8,1.5,4,2,0,0,0
31.0,Female,165.6,63.1,23.0,3-5 times/week,Good,5.9,2.0,Yes,Low,0,1659.0,35.2,4.0,3,1,1,0,1
62.0,Female,159.3,82.5,32.5,3-5 times/week,Average,6.7,7.0,No,Moderate,0,2417.0,89.2,4.0,2,2,0,0,1
35.0,Other,171.4,82.0,27.9,3-5 times/week,Good,7.0,7.0,No,Low,0,1804.0,57.6,4.0,3,1,0,0,2
46.0,Other,153.1,72.9,31.1,3-5 times/week,Excellent,6.5,10.0,No,Moderate,1,1682.0,42.6,4.0,4,2,0,1,2
46.0,Female,159.4,64.5,25.4,1-2 times/week,Good,7.3,2.0,No,None,0,1781.0,47.0,1.5,3,0,0,0,1
65.0,Male,172.5,85.1,28.6,3-5 times/week,Average,7.0,10.0,No,Low,1,2899.0,99.4,4.0,2,1,0,1,0
57.0,Male,172.7,76.4,25.6,3-5 times/week,Average,6.1,7.0,Yes,Low,0,2938.0,102.0,4.0,2,1,1,0,0
31.0,Female,157.5,65.0,26.2,Daily,Excellent,7.0,7.0,No,Moderate,0,2123.0,54.9,7.0,4,2,0,0,1
25.0,Other,165.3,58.5,21.4,1-2 times/week,Average,7.0,1.0,No,None,0,2359.0,79.2,1.5,2,0,0,0,2
24.0,Male,174.4,92.5,30.4,3-5 times/week,Average,7.0,4.0,No,Low,0,2882.0,102.2,4.0,2,1,0,0,0
33.0,Other,167.0,86.2,30.9,Daily,Excellent,7.8,10.0,No,High,0,3149.0,119.0,7.0,4,3,0,0,2
52.0,Female,157.1,65.6,26.6,3-5 times/week,Good,8.4,6.0,Yes,Moderate,0,2147.0,64.8,4.0,3,2,1,0,1
69.0,Other,161.5,71.7,27.5,3-5 times/week,Good,7.7,4.0,No,Low,0,2310.0,74.1,4.0,3,1,0,0,2
53.0,Male,173.4,83.9,27.9,3-5 times/week,Good,9.6,4.0,No,Low,0,2915.0,131.6,4.0,3,1,0,0,0
27.0,Female,164.8,73.1,26.9,3-5 times/week,Excellent,7.3,8.0,No,Low,0,2175.0,60.3,4.0,4,1,0,0,1
61.0,Female,158.6,50.8,20.2,3-5 times/week,Good,8.5,6.0,No,Low,0,1719.0,53.0,4.0,3,1,0,0,1
33.0,Other,163.9,92.7,34.5,3-5 times/week,Average,6.5,10.0,No,Moderate,0,2609.0,89.5,4.0,2,2,0,0,2
28.0,Male,172.2,71.5,24.1,Daily,Average,7.7,10.0,No,Low,0,3081.0,112.8,7.0,2,1,0,0,0
30.0,Male,170.9,53.4,18.3,3-5 times/week,Good,7.6,10.0,No,Moderate,0,2933.0,72.9,4.0,3,2,0,0,0
35.0,Other,155.9,63.4,26.1,1-2 times/week,Good,8.2,7.0,No,High,0,2938.0,82.3,1.5,3,3,0,0,2
56.0,Female,166.3,96.8,35.0,1-2 times/week,Average,6.7,10.0,No,Low,0,1946.0,75.7,1.5,2,1,0,0,1
55.0,Other,164.7,71.3,26.3,3-5 times/week,Average,6.7,2.0,No,Low,0,2304.0,77.1,4.0,2,1,0,0,2
58.0,Other,174.8,132.0,43.2,3-5 times/week,Poor,6.8,9.0,No,Low,0,2589.0,108.7,4.0,1,1,0,0,2
48.0,Male,172.2,81.8,27.6,Daily,Excellent,8.3,2.0,Yes,None,0,2408.0,56.0,7.0,4,0,1,0,0
52.0,Female,150.8,55.5,24.4,3-5 times/week,Good,6.8,9.0,No,High,0,1916.0,42.2,4.0,3,3,0,0,1
29.0,Female,168.7,78.3,27.5,Daily,Excellent,7.4,4.0,No,High,0,2699.0,59.0,7.0,4,3,0,0,1
45.0,Other,163.8,80.0,29.8,3-5 times/week,Average,6.3,2.0,No,Low,0,2857.0,106.9,4.0,2,1,0,0,2
24.0,Other,146.8,40.9,19.0,3-5 times/week,Good,7.1,3.0,No,Low,0,2321.0,56.7,4.0,3,1,0,0,2
66.0,Female,163.9,51.8,19.3,3-5 times/week,Average,7.7,8.0,No,Low,1,2110.0,71.9,4.0,2,1,0,1,1
28.0,Other,174.9,98.2,32.1,1-2 times/week,Poor,6.7,2.0,No,Low,1,2771.0,122.5,1.5,1,1,0,1,2
33.0,Other,156.6,50.3,20.5,Daily,Good,8.7,8.0,No,High,0,2637.0,71.2,7.0,3,3,0,0,2
26.0,Other,157.1,86.6,35.1,1-2 times/week,Poor,7.0,8.0,No,High,0,3249.0,135.8,1.5,1,3,0,0,2
41.0,Female,154.0,44.3,18.7,3-5 times/week,Good,8.3,1.0,No,Low,0,2518.0,70.8,4.0,3,1,0,0,1
36.0,Other,170.8,59.5,20.4,3-5 times/week,Excellent,7.1,7.0,Yes,Low,1,1779.0,56.2,4.0,4,1,1,1,2
66.0,Male,169.3,84.6,29.5,3-5 times/week,Excellent,7.2,8.0,No,Moderate,1,2299.0,54.2,4.0,4,2,0,1,0
29.0,Female,163.6,69.1,25.8,3-5 times/week,Average,6.2,1.0,No,Moderate,0,2203.0,84.6,4.0,2,2,0,0,1
57.0,Other,168.4,73.4,25.9,3-5 times/week,Average,7.8,5.0,No,Low,0,2767.0,105.6,4.0,2,1,0,0,2
48.0,Female,162.4,71.5,27.1,3-5 times/week,Excellent,6.4,5.0,No,High,0,2023.0,53.0,4.0,4,3,0,0,1
31.0,Female,155.5,60.2,24.9,1-2 times/week,Excellent,5.2,3.0,No,Low,0,1872.0,45.8,1.5,4,1,0,0,1
25.0,Male,174.8,57.7,18.9,Daily,Excellent,6.2,3.0,No,Low,0,2559.0,69.4,7.0,4,1,0,0,0
27.0,Other,169.0,94.3,33.0,1-2 times/week,Poor,6.8,4.0,Yes,Moderate,0,2896.0,133.3,1.5,1,2,1,0,2
33.0,Male,164.9,74.8,27.5,Daily,Average,7.2,2.0,No,High,0,3226.0,88.8,7.0,2,3,0,0,0
52.0,Male,171.3,80.4,27.4,3-5 times/week,Good,7.7,2.0,No,Moderate,0,1711.0,42.9,4.0,3,2,0,0,0
34.0,Male,164.1,90.8,33.7,1-2 times/week,Poor,8.9,7.0,Yes,Low,0,3100.0,125.4,1.5,1,1,1,0,0
29.0,Other,177.5,62.4,19.8,3-5 times/week,Good,7.2,4.0,No,Low,0,2273.0,53.8,4.0,3,1,0,0,2
61.0,Female,153.4,62.6,26.6,Daily,Average,5.5,5.0,Yes,Low,0,2230.0,71.4,7.0,2,1,1,0,1
69.0,Other,172.4,65.1,21.9,Daily,Excellent,4.2,1.0,No,Moderate,0,2406.0,63.4,7.0,4,2,0,0,2
40.0,Male,173.3,94.9,31.6,3-5 times/week,Average,6.8,7.0,Yes,Low,0,2428.0,88.7,4.0,2,1,1,0,0
64.0,Other,165.3,86.3,31.6,3-5 times/week,Average,5.9,3.0,No,Low,0,2602.0,97.5,4.0,2,1,0,0,2
30.0,Male,172.0,89.0,30.1,3-5 times/week,Average,6.8,2.0,Yes,Low,0,2706.0,94.3,4.0,2,1,1,0,0
38.0,Other,171.1,74.9,25.6,1-2 times/week,Good,7.8,7.0,No,High,0,3035.0,87.1,1.5,3,3,0,0,2
25.0,Male,176.9,124.5,39.8,1-2 times/week,Poor,8.8,5.0,Yes,Low,1,3401.0,140.0,1.5,1,1,1,1,0
28.0,Female,169.9,110.8,38.4,3-5 times/week,Average,7.1,5.0,No,High,1,2548.0,91.5,4.0,2,3,0,1,1
44.0,Other,169.8,43.2,15.0,1-2 times/week,Good,8.3,6.0,Yes,Low,0,2274.0,66.8,1.5,3,1,1,0,2
18.0,Female,163.4,66.7,25.0,3-5 times/week,Poor,7.8,8.0,Yes,Moderate,0,2521.0,100.9,4.0,1,2,1,0,1
30.0,Other,160.2,80.3,31.3,3-5 times/week,Good,6.6,5.0,No,High,0,2597.0,74.5,4.0,3,3,0,0,2
53.0,Other,166.6,74.7,26.9,Daily,Good,6.5,6.0,Yes,Low,0,2076.0,64.3,7.0,3,1,1,0,2
46.0,Male,158.6,52.1,20.7,Daily,Excellent,5.1,3.0,No,High,1,3028.0,80.4,7.0,4,3,0,1,0
22.0,Male,162.0,69.5,26.5,None,Good,8.4,3.0,No,Low,0,2159.0,68.0,0.0,3,1,0,0,0
18.0,Other,171.2,78.0,26.6,1-2 times/week,Good,6.4,9.0,No,High,0,2906.0,94.0,1.5,3,3,0,0,2
62.0,Male,158.3,53.9,21.5,3-5 times/week,Poor,6.4,7.0,No,Moderate,0,3308.0,147.4,4.0,1,2,0,0,0
69.0,Female,154.9,46.1,19.2,1-2 times/week,Excellent,7.4,2.0,Yes,Low,0,1394.0,29.3,1.5,4,1,1,0,1
36.0,Other,162.5,80.3,30.4,3-5 times/week,Excellent,7.0,9.0,No,Moderate,1,2531.0,51.0,4.0,4,2,0,1,2
36.0,Other,167.5,58.9,21.0,Daily,Average,7.7,4.0,No,Low,0,2555.0,81.7,7.0,2,1,0,0,2
29.0,Female,164.9,71.8,26.4,Daily,Good,7.5,4.0,No,Low,0,2484.0,74.3,7.0,3,1,0,0,1
50.0,Male,177.2,124.7,39.7,3-5 times/week,Poor,7.7,5.0,Yes,Low,0,3250.0,143.5,4.0,1,1,1,0,0
65.0,Female,155.2,89.6,37.2,1-2 times/week,Good,8.2,1.0,Yes,Low,1,1442.0,46.1,1.5,3,1,1,1,1
50.0,Female,153.1,38.4,16.4,3-5 times/week,Excellent,4.8,4.0,No,High,0,1372.0,35.9,4.0,4,3,0,0,1
30.0,Female,177.7,79.6,25.2,Daily,Poor,6.8,1.0,No,Low,1,2821.0,126.6,7.0,1,1,0,1,1
47.0,Male,179.3,68.5,21.3,Daily,Excellent,7.1,10.0,Yes,High,0,2889.0,61.8,7.0,4,3,1,0,0
31.0,Other,164.6,75.3,27.8,1-2 times/week,Poor,5.7,1.0,No,Low,0,2816.0,117.0,1.5,1,1,0,0,2
54.0,Male,181.9,86.7,26.2,3-5 times/week,Excellent,7.3,3.0,No,Low,0,1926.0,43.0,4.0,4,1,0,0,0
51.0,Male,169.4,95.6,33.3,3-5 times/week,Excellent,7.0,7.0,No,Low,1,3113.0,140.8,4.0,4,1,0,1,0
59.0,Other,160.6,100.6,39.0,3-5 times/week,Poor,6.5,4.0,No,Moderate,0,2959.0,122.4,4.0,1,2,0,0,2
55.0,Male,179.4,89.8,27.9,1-2 times/week,Good,6.1,7.0,No,Low,1,2581.0,66.3,1.5,3,1,0,1,0
27.0,Male,170.4,74.3,25.6,Daily,Average,4.0,9.0,No,Low,0,2927.0,102.7,7.0,2,1,0,0,0
34.0,Female,154.8,35.9,15.0,Daily,Good,7.8,1.0,No,Low,0,2448.0,89.1,7.0,3,1,0,0,1
39.0,Female,168.9,53.6,18.8,1-2 times/week,Average,7.0,2.0,No,Low,0,1778.0,66.3,1.5,2,1,0,0,1
23.0,Male,158.6,84.8,33.7,3-5 times/week,Good,7.0,1.0,No,High,0,2862.0,74.4,4.0,3,3,0,0,0
31.0,Female,166.0,69.7,25.3,3-5 times/week,Average,7.0,5.0,No,Low,0,2923.0,108.8,4.0,2,1,0,0,1
44.0,Female,150.8,70.3,30.9,3-5 times/week,Average,5.9,1.0,No,Low,0,2276.0,96.3,4.0,2,1,0,0,1
54.0,Male,154.7,81.6,34.1,None,Poor,6.4,6.0,Yes,Low,0,2880.0,132.8,0.0,1,1,1,0,0
39.0,Other,160.4,75.6,29.4,3-5 times/week,Good,7.0,5.0,No,High,0,2604.0,72.2,4.0,3,3,0,0,2
24.0,Other,156.1,70.7,29.0,Daily,Good,8.5,10.0,No,High,0,2748.0,91.2,7.0,3,3,0,0,2
39.0,Male,176.8,96.3,30.8,None,Good,9.0,9.0,No,Moderate,1,2747.0,105.0,0.0,3,2,0,1,0
36.0,Other,171.7,70.8,24.0,1-2 times/week,Good,5.5,1.0,Yes,Low,0,2073.0,57.4,1.5,3,1,1,0,2
56.0,Other,164.1,61.4,22.8,3-5 times/week,Good,6.3,3.0,No,Low,0,2263.0,68.7,4.0,3,1,0,0,2
55.0,Other,160.8,73.2,28.3,3-5 times/week,Good,6.6,9.0,Yes,Low,0,1787.0,47.4,4.0,3,1,1,0,2
62.0,Other,191.3,123.0,33.6,Daily,Poor,9.7,10.0,No,Moderate,0,3341.0,129.6,7.0,1,2,0,0,2
45.0,Other,188.9,106.3,29.8,Daily,Poor,5.3,5.0,Yes,Low,1,2834.0,124.6,7.0,1,1,1,1,2
57.0,Male,172.3,102.4,34.5,1-2 times/week,Average,7.5,3.0,No,High,0,3054.0,111.3,1.5,2,3,0,0,0
21.0,Other,165.5,63.8,23.3,Daily,Excellent,5.7,3.0,No,Moderate,0,2596.0,76.8,7.0,4,2,0,0,2
52.0,Male,164.7,83.5,30.8,3-5 times/week,Poor,7.5,9.0,No,Moderate,0,2823.0,118.6,4.0,1,2,0,0,0
43.0,Other,169.8,59.1,20.5,Daily,Excellent,7.8,6.0,No,High,0,2645.0,51.6,7.0,4,3,0,0,2
48.0,Male,179.8,78.6,24.3,1-2 times/week,Poor,7.2,2.0,Yes,Low,0,2826.0,112.1,1.5,1,1,1,0,0
64.0,Male,187.0,112.9,32.3,3-5 times/week,Good,5.2,4.0,No,High,0,2958.0,95.3,4.0,3,3,0,0,0
68.0,Male,174.4,87.6,28.8,3-5 times/week,Good,7.5,3.0,Yes,Low,0,2269.0,77.0,4.0,3,1,1,0,0
53.0,Other,182.2,66.7,20.1,1-2 times/week,Excellent,8.8,7.0,No,Low,0,1575.0,36.8,1.5,4,1,0,0,2
22.0,Male,173.7,86.9,28.8,3-5 times/week,Poor,7.4,6.0,No,Low,0,3638.0,152.0,4.0,1,1,0,0,0
60.0,Other,168.2,56.0,19.8,3-5 times/week,Poor,7.0,4.0,Yes,Low,0,3134.0,143.8,4.0,1,1,1,0,2
35.0,Female,155.6,71.9,29.7,3-5 times/week,Good,6.9,4.0,No,High,1,2095.0,55.5,4.0,3,3,0,1,1
31.0,Female,164.8,49.7,18.3,1-2 times/week,Good,7.6,8.0,No,Moderate,0,1952.0,58.6,1.5,3,2,0,0,1
62.0,Other,171.9,106.7,36.1,3-5 times/week,Good,6.4,6.0,No,High,1,2953.0,74.1,4.0,3,3,0,1,2
50.0,Female,163.0,45.7,17.2,3-5 times/week,Poor,8.4,6.0,No,Low,0,2777.0,123.6,4.0,1,1,0,0,1
45.0,Other,172.1,104.0,35.1,3-5 times/week,Good,9.0,10.0,No,Low,0,2575.0,115.3,4.0,3,1,0,0,2
68.0,Female,161.1,65.9,25.4,1-2 times/week,Good,6.9,1.0,No,Moderate,0,2026.0,66.0,1.5,3,2,0,0,1
27.0,Female,159.8,43.9,17.2,Daily,Good,5.6,6.0,Yes,Low,0,2229.0,67.6,7.0,3,1,1,0,1
36.0,Male,178.2,99.4,31.3,3-5 times/week,Good,6.8,2.0,Yes,Low,0,2802.0,88.7,4.0,3,1,1,0,0
56.0,Male,169.9,103.3,35.8,3-5 times/week,Poor,5.4,7.0,Yes,Low,0,3034.0,133.8,4.0,1,1,1,0,0
34.0,Male,170.5,81.7,28.1,3-5 times/week,Average,5.2,10.0,No,High,0,3236.0,112.0,4.0,2,3,0,0,0
68.0,Female,162.9,61.6,23.2,1-2 times/week,Excellent,6.9,2.0,No,Low,0,1880.0,49.5,1.5,4,1,0,0,1
59.0,Female,161.5,75.1,28.8,Daily,Poor,7.4,10.0,No,High,0,3098.0,125.0,7.0,1,3,0,0,1
52.0,Male,180.1,70.7,21.8,1-2 times/week,Excellent,8.6,10.0,No,Low,1,1553.0,36.5,1.5,4,1,0,1,0
41.0,Female,158.4,56.7,22.6,1-2 times/week,Excellent,6.3,3.0,No,High,0,2031.0,37.9,1.5,4,3,0,0,1
20.0,Male,189.7,124.5,34.6,3-5 times/week,Average,7.0,7.0,Yes,Low,0,3162.0,113.7,4.0,2,1,1,0,0
68.0,Female,154.5,86.2,36.1,3-5 times/week,Poor,7.6,6.0,No,Low,0,2495.0,105.4,4.0,1,1,0,0,1
36.0,Male,172.1,113.7,38.4,1-2 times/week,Poor,7.0,3.0,No,Low,0,2952.0,127.8,1.5,1,1,0,0,0
49.0,Male,161.4,50.3,19.3,Daily,Average,7.3,10.0,Yes,Moderate,0,2650.0,97.7,7.0,2,2,1,0,0
27.0,Female,161.7,93.9,35.9,Daily,Poor,6.4,10.0,No,Moderate,0,2985.0,118.3,7.0,1,2,0,0,1
28.0,Male,167.9,83.2,29.5,3-5 times/week,Good,7.5,8.0,No,Low,0,2478.0,71.4,4.0,3,1,0,0,0
28.0,Female,187.8,60.7,17.2,1-2 times/week,Excellent,8.5,5.0,No,Low,0,2126.0,55.9,1.5,4,1,0,0,1
53.0,Other,175.2,118.8,38.7,3-5 times/week,Good,6.0,5.0,No,Low,0,2461.0,69.6,4.0,3,1,0,0,2
60.0,Female,167.9,90.2,32.0,3-5 times/week,Poor,8.1,6.0,No,Low,0,2911.0,112.3,4.0,1,1,0,0,1
46.0,Male,180.2,118.5,36.5,3-5 times/week,Average,6.8,9.0,No,Low,1,2775.0,93.2,4.0,2,1,0,1,0
54.0,Male,169.0,64.5,22.6,1-2 times/week,Average,7.3,2.0,No,Low,0,2255.0,63.3,1.5,2,1,0,0,0
27.0,Male,170.3,82.7,28.5,Daily,Average,7.9,7.0,No,High,0,3542.0,117.1,7.0,2,3,0,0,0
31.0,Other,169.2,67.0,23.4,3-5 times/week,Average,7.0,6.0,No,Moderate,0,3055.0,102.3,4.0,2,2,0,0,2
18.0,Other,161.5,86.3,33.1,3-5 times/week,Average,6.2,3.0,No,Low,0,2665.0,101.5,4.0,2,1,0,0,2
31.0,Other,168.5,66.7,23.5,3-5 times/week,Good,7.1,7.0,Yes,Low,1,2565.0,70.3,4.0,3,1,1,1,2
32.0,Female,162.2,56.0,21.3,3-5 times/week,Excellent,8.0,10.0,Yes,High,0,1922.0,43.3,4.0,4,3,1,0,1
66.0,Female,156.6,74.6,30.4,Daily,Good,8.2,9.0,Yes,Low,1,1595.0,52.9,7.0,3,1,1,1,1
24.0,Female,151.9,51.0,22.1,3-5 times/week,Good,7.0,3.0,No,Moderate,0,1636.0,51.4,4.0,3,2,0,0,1
40.0,Male,152.3,80.7,34.8,1-2 times/week,Good,8.4,10.0,No,Low,0,2513.0,70.7,1.5,3,1,0,0,0
55.0,Other,165.6,93.2,34.0,1-2 times/week,Poor,6.3,4.0,No,High,0,3215.0,130.7,1.5,1,3,0,0,2
18.0,Female,156.9,59.3,24.1,Daily,Excellent,7.2,8.0,No,High,0,2891.0,69.8,7.0,4,3,0,0,1
29.0,Male,166.5,60.2,21.7,1-2 times/week,Good,7.5,2.0,No,Low,0,2144.0,63.6,1.5,3,1,0,0,0
29.0,Female,151.6,41.6,18.1,Daily,Excellent,6.2,10.0,No,Moderate,1,2434.0,61.1,7.0,4,2,0,1,1
45.0,Female,147.7,45.8,21.0,1-2 times/week,Poor,7.8,4.0,No,Low,0,1898.0,54.6,1.5,1,1,0,0,1
65.0,Female,147.2,36.0,16.6,3-5 times/week,Excellent,6.6,1.0,No,Low,0,1930.0,48.3,4.0,4,1,0,0,1
19.0,Female,166.8,66.8,24.0,3-5 times/week,Poor,8.0,9.0,No,Low,1,2396.0,104.7,4.0,1,1,0,1,1
33.0,Male,167.9,104.0,36.9,3-5 times/week,Poor,6.0,2.0,No,Low,1,2873.0,117.2,4.0,1,1,0,1,0
30.0,Other,164.6,69.9,25.8,3-5 times/week,Good,7.6,10.0,No,High,1,2866.0,89.9,4.0,3,3,0,1,2
54.0,Female,162.3,93.5,35.5,3-5 times/week,Average,6.5,3.0,Yes,Low,1,2148.0,69.4,4.0,2,1,1,1,1
56.0,Other,161.2,51.2,19.7,1-2 times/week,Excellent,5.8,2.0,Yes,Low,0,1627.0,40.3,1.5,4,1,1,0,2
24.0,Female,154.4,81.1,34.0,3-5 times/week,Poor,6.6,2.0,Yes,Low,0,2295.0,100.6,4.0,1,1,1,0,1
27.0,Other,174.5,72.8,23.9,3-5 times/week,Good,6.4,1.0,Yes,High,0,2511.0,92.3,4.0,3,3,1,0,2
53.0,Female,154.3,63.8,26.8,3-5 times/week,Poor,6.6,10.0,No,Moderate,0,3013.0,116.8,4.0,1,2,0,0,1
57.0,Other,166.8,62.9,22.6,Daily,Excellent,7.7,8.0,No,High,1,2167.0,57.2,7.0,4,3,0,1,2
41.0,Female,154.8,71.2,29.7,3-5 times/week,Good,4.4,6.0,No,High,0,2069.0,40.1,4.0,3,3,0,0,1
20.0,Female,161.4,47.9,18.4,3-5 times/week,Good,7.8,9.0,Yes,Moderate,0,2340.0,64.9,4.0,3,2,1,0,1
26.0,Female,160.4,53.3,20.7,3-5 times/week,Average,5.5,3.0,No,Low,0,2771.0,93.8,4.0,2,1,0,0,1
47.0,Other,167.9,83.7,29.7,3-5 times/week,Poor,6.2,2.0,Yes,High,0,2640.0,122.7,4.0,1,3,1,0,2
68.0,Male,175.2,79.8,26.0,3-5 times/week,Excellent,8.9,8.0,No,Low,0,2286.0,61.5,4.0,4,1,0,0,0
41.0,Male,168.9,78.2,27.4,3-5 times/week,Good,7.3,10.0,No,High,0,2705.0,84.0,4.0,3,3,0,0,0
69.0,Male,184.8,118.5,34.7,Daily,Average,5.9,6.0,Yes,Moderate,1,2879.0,109.1,7.0,2,2,1,1,0
32.0,Other,171.8,82.6,28.0,3-5 times/week,Good,6.7,2.0,Yes,Moderate,0,1965.0,59.8,4.0,3,2,1,0,2
63.0,Male,180.4,97.3,29.9,3-5 times/week,Good,9.9,6.0,Yes,Low,0,2267.0,58.2,4.0,3,1,1,0,0
42.0,Other,157.7,51.2,20.6,Daily,Average,7.5,8.0,No,Low,0,2829.0,107.7,7.0,2,1,0,0,2
46.0,Female,161.0,78.5,30.3,None,Poor,8.7,4.0,Yes,Moderate,0,2306.0,95.7,0.0,1,2,1,0,1
48.0,Other,153.6,73.6,31.2,3-5 times/week,Poor,6.8,1.0,No,Low,0,2445.0,106.7,4.0,1,1,0,0,2
62.0,Male,176.6,115.1,36.9,3-5 times/week,Excellent,5.3,9.0,Yes,High,0,2422.0,53.1,4.0,4,3,1,0,0
22.0,Other,168.9,73.0,25.6,3-5 times/week,Excellent,6.5,9.0,No,Moderate,0,1590.0,35.4,4.0,4,2,0,0,2
18.0,Female,154.7,73.7,30.8,3-5 times/week,Poor,7.5,7.0,No,Low,1,2966.0,129.7,4.0,1,1,0,1,1
21.0,Male,161.2,88.4,34.0,3-5 times/week,Poor,7.1,10.0,No,High,0,3197.0,125.6,4.0,1,3,0,0,0
66.0,Male,167.1,79.9,28.6,3-5 times/week,Good,7.0,10.0,No,Low,0,2628.0,92.3,4.0,3,1,0,0,0
67.0,Other,169.4,72.6,25.3,3-5 times/week,Excellent,6.7,4.0,Yes,Low,0,2125.0,46.7,4.0,4,1,1,0,2
23.0,Other,176.0,79.0,25.5,3-5 times/week,Good,6.2,10.0,No,High,1,2679.0,73.6,4.0,3,3,0,1,2
67.0,Male,173.0,117.3,39.2,1-2 times/week,Average,6.7,6.0,No,High,0,3018.0,104.4,1.5,2,3,0,0,0
33.0,Female,162.6,62.4,23.6,1-2 times/week,Good,7.2,4.0,No,Low,1,2149.0,61.7,1.5,3,1,0,1,1
65.0,Male,181.4,81.3,24.7,Daily,Good,5.3,5.0,Yes,Moderate,0,2645.0,88.5,7.0,3,2,1,0,0
65.0,Female,166.5,63.8,23.0,3-5 times/week,Good,7.5,5.0,No,Low,0,2316.0,68.1,4.0,3,1,0,0,1
36.0,Other,165.5,55.3,20.2,Daily,Average,7.0,1.0,No,Low,0,2546.0,93.3,7.0,2,1,0,0,2
34.0,Female,155.1,69.5,28.9,1-2 times/week,Excellent,6.8,10.0,Yes,Low,0,1200.0,33.9,1.5,4,1,1,0,1
41.0,Female,155.0,82.4,34.3,3-5 times/week,Good,9.5,1.0,No,High,0,2007.0,61.6,4.0,3,3,0,0,1
31.0,Male,172.5,85.7,28.8,Daily,Good,6.5,6.0,No,Low,0,2938.0,109.9,7.0,3,1,0,0,0
53.0,Male,179.3,86.5,26.9,3-5 times/week,Excellent,7.0,3.0,Yes,None,0,2126.0,52.5,4.0,4,0,1,0,0
41.0,Other,156.5,57.6,23.5,3-5 times/week,Excellent,6.9,7.0,No,High,0,1960.0,49.2,4.0,4,3,0,0,2
25.0,Male,169.3,83.1,29.0,None,Poor,7.5,3.0,Yes,Low,0,3725.0,152.4,0.0,1,1,1,0,0
64.0,Male,164.8,63.8,23.5,Daily,Good,7.2,6.0,Yes,Low,0,2979.0,94.4,7.0,3,1,1,0,0
53.0,Female,151.8,69.8,30.3,3-5 times/week,Average,8.0,8.0,No,Moderate,0,2101.0,67.4,4.0,2,2,0,0,1
34.0,Female,165.7,102.1,37.2,3-5 times/week,Average,5.2,6.0,No,Low,0,2437.0,84.4,4.0,2,1,0,0,1
22.0,Female,155.4,88.1,36.5,3-5 times/week,Poor,9.5,4.0,Yes,Low,0,3283.0,131.8,4.0,1,1,1,0,1
23.0,Other,163.1,68.1,25.6,3-5 times/week,Good,8.2,8.0,No,Low,0,2215.0,63.5,4.0,3,1,0,0,2
53.0,Female,156.4,58.2,23.8,Daily,Good,8.3,5.0,No,Moderate,0,1710.0,48.0,7.0,3,2,0,0,1
49.0,Male,170.3,100.3,34.6,Daily,Excellent,6.4,10.0,No,Moderate,0,2809.0,65.0,7.0,4,2,0,0,0
24.0,Other,169.2,73.0,25.5,Daily,Excellent,7.5,10.0,No,Moderate,1,2382.0,62.1,7.0,4,2,0,1,2
44.0,Other,162.1,53.1,20.2,3-5 times/week,Good,7.3,1.0,No,Moderate,0,2102.0,49.1,4.0,3,2,0,0,2
35.0,Male,182.8,76.5,22.9,1-2 times/week,Good,5.1,7.0,No,Low,0,2539.0,63.4,1.5,3,1,0,0,0
22.0,Female,163.6,61.0,22.8,3-5 times/week,Good,9.4,10.0,No,High,0,2071.0,52.0,4.0,3,3,0,0,1
25.0,Female,163.0,85.6,32.2,3-5 times/week,Good,8.6,6.0,No,Low,0,2362.0,70.9,4.0,3,1,0,0,1
61.0,Male,167.3,76.7,27.4,3-5 times/week,Excellent,7.3,9.0,No,High,0,2712.0,56.8,4.0,4,3,0,0,0
21.0,Male,195.0,115.6,10.700000000000003,3-5 times/week,Excellent,6.4,5.0,No,High,0,3826.0,142.2,4.0,4,3,0,0,0
56.0,Female,164.9,87.3,32.1,3-5 times/week,Poor,6.0,5.0,No,Low,1,2369.0,90.3,4.0,1,1,0,1,1
51.0,Female,155.7,73.9,30.5,1-2 times/week,Excellent,5.6,5.0,Yes,High,0,1839.0,45.4,1.5,4,3,1,0,1
53.0,Female,169.1,99.8,34.9,1-2 times/week,Poor,8.0,7.0,No,High,0,2708.0,104.6,1.5,1,3,0,0,1
36.0,Female,168.1,52.8,18.7,3-5 times/week,Poor,7.0,9.0,No,High,0,2172.0,52.1,4.0,1,3,0,0,1
21.0,Other,160.8,102.4,39.6,1-2 times/week,Poor,6.5,6.0,No,High,0,3016.0,123.1,1.5,1,3,0,0,2
34.0,Other,160.7,60.4,23.4,3-5 times/week,Excellent,7.0,1.0,No,Low,1,2486.0,61.9,4.0,4,1,0,1,2
43.0,Male,178.6,110.4,34.6,3-5 times/week,Poor,5.4,3.0,No,Low,0,3066.0,139.9,4.0,1,1,0,0,0
69.0,Male,177.2,82.0,26.1,Daily,Average,6.3,6.0,No,High,0,3290.0,120.7,7.0,2,3,0,0,0
42.0,Other,165.5,62.7,22.9,3-5 times/week,Good,8.0,2.0,No,Low,1,2594.0,75.3,4.0,3,1,0,1,2
67.0,Female,153.4,74.6,31.7,1-2 times/week,Good,7.0,1.0,No,Low,0,2068.0,75.0,1.5,3,1,0,0,1
45.0,Female,160.0,80.4,31.4,1-2 times/week,Average,6.1,10.0,No,Low,0,2144.0,73.8,1.5,2,1,0,0,1
44.0,Other,166.7,54.7,19.7,3-5 times/week,Excellent,7.8,3.0,No,High,0,2522.0,60.0,4.0,4,3,0,0,2
37.0,Male,154.3,73.3,30.8,1-2 times/week,Good,7.0,5.0,No,Moderate,1,2696.0,76.7,1.5,3,2,0,1,0
54.0,Male,166.0,103.6,37.6,3-5 times/week,Good,5.7,5.0,No,Moderate,0,2687.0,93.4,4.0,3,2,0,0,0
61.0,Male,173.5,99.6,33.1,3-5 times/week,Good,6.9,7.0,No,High,0,2706.0,73.5,4.0,3,3,0,0,0
55.0,Other,170.9,81.8,28.0,3-5 times/week,Good,8.8,7.0,No,Low,0,2346.0,63.8,4.0,3,1,0,0,2
51.0,Male,163.9,84.9,31.6,1-2 times/week,Average,7.7,4.0,No,Moderate,0,3143.0,100.4,1.5,2,2,0,0,0
24.0,Other,166.2,68.2,24.7,3-5 times/week,Good,6.3,6.0,Yes,High,0,2261.0,71.9,4.0,3,3,1,0,2
48.0,Other,150.3,69.8,30.9,3-5 times/week,Average,8.3,10.0,Yes,Low,1,2329.0,84.7,4.0,2,1,1,1,2
53.0,Other,177.8,68.9,21.8,1-2 times/week,Good,8.2,4.0,No,Moderate,0,2214.0,62.8,1.5,3,2,0,0,2
63.0,Male,174.7,109.3,35.8,3-5 times/week,Average,7.5,4.0,No,Moderate,1,2982.0,106.2,4.0,2,2,0,1,0
26.0,Female,175.3,86.0,28.0,Daily,Poor,5.4,5.0,No,Low,1,3790.0,162.4,7.0,1,1,0,1,1
66.0,Female,153.3,69.1,29.4,3-5 times/week,Excellent,6.6,2.0,No,High,0,1639.0,46.4,4.0,4,3,0,0,1
18.0,Male,175.5,46.2,15.0,3-5 times/week,Excellent,8.2,2.0,Yes,Low,0,1952.0,49.1,4.0,4,1,1,0,0
41.0,Male,165.1,92.7,34.0,None,Poor,7.6,4.0,Yes,High,0,3511.0,143.7,0.0,1,3,1,0,0
48.0,Other,160.0,53.0,20.7,Daily,Good,6.1,5.0,Yes,Moderate,0,2432.0,71.6,7.0,3,2,1,0,2
49.0,Female,171.0,72.2,24.7,3-5 times/week,Good,5.7,6.0,Yes,Low,1,2079.0,63.1,4.0,3,1,1,1,1
64.0,Female,150.9,68.1,29.9,Daily,Good,7.5,8.0,No,High,1,2114.0,65.2,7.0,3,3,0,1,1
36.0,Male,172.5,91.9,30.9,1-2 times/week,Good,7.5,8.0,Yes,Moderate,0,3280.0,131.4,1.5,3,2,1,0,0
61.0,Female,160.9,62.1,24.0,1-2 times/week,Excellent,9.1,6.0,No,Low,0,1675.0,45.2,1.5,4,1,0,0,1
31.0,Female,177.2,75.0,23.9,3-5 times/week,Average,8.2,4.0,No,High,0,2466.0,82.0,4.0,2,3,0,0,1
61.0,Male,161.6,99.0,37.9,Daily,Good,5.3,10.0,No,High,0,3719.0,133.1,7.0,3,3,0,0,0
30.0,Other,173.6,97.0,32.2,1-2 times/week,Average,4.0,4.0,No,High,0,2555.0,92.4,1.5,2,3,0,0,2
30.0,Other,156.1,62.9,25.8,Daily,Poor,5.2,6.0,No,Low,0,3216.0,132.4,7.0,1,1,0,0,2
20.0,Male,161.6,77.8,29.8,3-5 times/week,Good,5.6,2.0,Yes,Low,0,2616.0,69.1,4.0,3,1,1,0,0
39.0,Male,164.8,90.4,33.3,3-5 times/week,Good,7.0,8.0,No,Low,0,2568.0,78.4,4.0,3,1,0,0,0
68.0,Male,181.6,67.3,20.4,Daily,Excellent,8.0,10.0,Yes,Low,0,2147.0,49.0,7.0,4,1,1,0,0
45.0,Other,166.0,85.7,31.1,3-5 times/week,Poor,4.0,6.0,No,Moderate,0,2451.0,82.6,4.0,1,2,0,0,2
45.0,Female,168.5,69.8,24.6,3-5 times/week,Excellent,6.8,3.0,No,High,1,2315.0,62.3,4.0,4,3,0,1,1
58.0,Male,175.0,102.6,33.5,3-5 times/week,Good,6.7,5.0,Yes,High,0,2667.0,101.4,4.0,3,3,1,0,0
28.0,Female,152.0,63.3,27.4,3-5 times/week,Good,4.9,1.0,No,Moderate,0,2095.0,71.2,4.0,3,2,0,0,1
37.0,Female,162.8,77.9,29.4,3-5 times/week,Good,7.0,6.0,No,Low,0,2184.0,73.3,4.0,3,1,0,0,1
30.0,Other,163.3,75.7,28.4,3-5 times/week,Good,6.4,4.0,No,Low,0,2619.0,92.2,4.0,3,1,0,0,2
66.0,Other,165.3,61.5,22.5,Daily,Excellent,8.0,1.0,No,Low,0,1964.0,44.2,7.0,4,1,0,0,2
42.0,Male,180.5,94.2,28.9,Daily,Average,4.9,1.0,Yes,High,0,3434.0,122.4,7.0,2,3,1,0,0
19.0,Female,153.2,38.7,16.5,3-5 times/week,Average,6.3,4.0,No,Low,0,2423.0,90.1,4.0,2,1,0,0,1
64.0,Female,157.9,75.5,30.3,3-5 times/week,Good,7.3,1.0,No,Moderate,0,2395.0,70.1,4.0,3,2,0,0,1
45.0,Female,165.6,63.3,23.1,3-5 times/week,Good,7.0,4.0,No,Low,0,2414.0,75.6,4.0,3,1,0,0,1
64.0,Female,156.5,51.2,20.9,3-5 times/week,Excellent,7.8,6.0,No,Moderate,0,1705.0,46.3,4.0,4,2,0,0,1
43.0,Other,173.6,69.0,22.9,3-5 times/week,Good,5.9,6.0,No,Low,0,1971.0,61.5,4.0,3,1,0,0,2
32.0,Female,169.3,43.0,15.0,None,Excellent,7.0,1.0,No,Low,0,1714.0,43.6,0.0,4,1,0,0,1
30.0,Other,172.0,72.2,24.4,1-2 times/week,Good,6.4,7.0,Yes,Moderate,0,2042.0,51.8,1.5,3,2,1,0,2
19.0,Male,176.1,127.1,41.0,3-5 times/week,Excellent,6.6,3.0,Yes,Moderate,1,3068.0,121.6,4.0,4,2,1,1,0
35.0,Female,169.9,77.6,26.9,Daily,Average,7.4,9.0,No,High,0,3033.0,115.4,7.0,2,3,0,0,1
23.0,Female,165.8,91.5,33.3,3-5 times/week,Good,6.0,2.0,No,Low,0,1582.0,43.5,4.0,3,1,0,0,1
30.0,Female,163.6,65.0,24.3,Daily,Excellent,8.6,7.0,No,Low,0,2130.0,53.9,7.0,4,1,0,0,1
33.0,Other,161.2,55.3,21.3,3-5 times/week,Good,5.8,6.0,Yes,Low,0,1944.0,61.5,4.0,3,1,1,0,2
29.0,Female,163.5,43.0,16.1,1-2 times/week,Good,7.7,4.0,No,Low,1,1883.0,50.6,1.5,3,1,0,1,1
40.0,Female,153.5,70.7,30.0,3-5 times/week,Average,6.4,3.0,No,Low,0,2128.0,86.0,4.0,2,1,0,0,1
53.0,Female,163.6,56.5,21.1,3-5 times/week,Good,7.6,3.0,No,Moderate,0,2083.0,50.1,4.0,3,2,0,0,1
21.0,Female,166.4,73.9,26.7,3-5 times/week,Average,7.1,9.0,No,Low,0,2349.0,86.0,4.0,2,1,0,0,1
68.0,Other,163.3,101.6,38.1,3-5 times/week,Average,8.0,10.0,No,High,1,2406.0,94.6,4.0,2,3,0,1,2
23.0,Male,170.0,104.6,36.2,3-5 times/week,Good,8.8,5.0,Yes,High,0,2758.0,79.3,4.0,3,3,1,0,0
54.0,Male,164.3,82.9,30.7,3-5 times/week,Excellent,7.4,6.0,Yes,Low,0,1954.0,44.5,4.0,4,1,1,0,0
23.0,Female,154.6,60.2,25.2,1-2 times/week,Poor,7.2,7.0,Yes,Low,0,2738.0,117.4,1.5,1,1,1,0,1
67.0,Male,178.4,68.7,21.6,3-5 times/week,Average,6.8,3.0,No,Low,0,2292.0,72.1,4.0,2,1,0,0,0
21.0,Female,154.9,50.6,21.1,3-5 times/week,Excellent,7.9,10.0,Yes,Low,0,2594.0,99.7,4.0,4,1,1,0,1
65.0,Other,154.6,71.9,30.1,Daily,Excellent,5.9,5.0,Yes,High,0,2395.0,66.6,7.0,4,3,1,0,2
34.0,Female,179.6,79.7,24.7,3-5 times/week,Good,8.4,7.0,No,Low,0,2591.0,74.8,4.0,3,1,0,0,1
22.0,Female,167.0,78.4,28.1,3-5 times/week,Average,7.3,5.0,Yes,Moderate,0,2000.0,70.8,4.0,2,2,1,0,1
40.0,Male,178.4,80.2,25.2,3-5 times/week,Poor,7.5,3.0,No,Low,0,3190.0,131.1,4.0,1,1,0,0,0
59.0,Male,172.2,56.3,19.0,3-5 times/week,Excellent,7.7,4.0,No,Low,0,2596.0,66.1,4.0,4,1,0,0,0
49.0,Female,164.1,69.5,25.8,3-5 times/week,Average,7.3,2.0,No,Low,1,2146.0,72.5,4.0,2,1,0,1,1
37.0,Female,156.7,77.1,31.4,3-5 times/week,Good,8.0,4.0,No,High,1,2568.0,109.0,4.0,3,3,0,1,1
44.0,Male,169.8,88.5,30.7,Daily,Good,7.2,3.0,No,High,1,2686.0,74.6,7.0,3,3,0,1,0
62.0,Male,170.0,66.5,23.0,Daily,Good,8.3,6.0,Yes,High,0,2982.0,85.2,7.0,3,3,1,0,0
30.0,Male,171.7,57.2,19.4,Daily,Good,6.5,1.0,No,Low,0,2740.0,82.3,7.0,3,1,0,0,0
29.0,Male,173.3,98.8,32.9,3-5 times/week,Poor,8.3,10.0,No,Low,0,3158.0,134.7,4.0,1,1,0,0,0
42.0,Female,154.6,54.3,22.7,3-5 times/week,Poor,6.7,6.0,No,Low,0,2382.0,91.9,4.0,1,1,0,0,1
51.0,Female,158.9,76.8,30.4,1-2 times/week,Average,7.3,2.0,No,Low,0,2455.0,89.2,1.5,2,1,0,0,1
68.0,Female,167.0,56.6,20.3,3-5 times/week,Good,6.5,6.0,No,Low,0,1639.0,44.3,4.0,3,1,0,0,1
22.0,Other,165.7,76.3,27.8,3-5 times/week,Average,6.5,2.0,No,Moderate,0,2845.0,117.3,4.0,2,2,0,0,2
22.0,Female,160.6,65.5,25.4,3-5 times/week,Average,6.3,3.0,Yes,High,0,2574.0,98.3,4.0,2,3,1,0,1
47.0,Female,165.8,73.1,26.6,3-5 times/week,Average,7.1,8.0,No,Low,0,2397.0,78.6,4.0,2,1,0,0,1
65.0,Male,175.3,66.7,21.7,Daily,Average,4.2,7.0,No,Moderate,1,3077.0,115.1,7.0,2,2,0,1,0
31.0,Male,167.9,82.9,29.4,1-2 times/week,Average,6.0,5.0,No,Low,0,2424.0,69.6,1.5,2,1,0,0,0
63.0,Female,171.0,108.5,37.1,1-2 times/week,Poor,6.8,4.0,No,High,0,2532.0,105.6,1.5,1,3,0,0,1
32.0,Female,159.0,55.9,22.1,Daily,Good,7.0,10.0,No,Low,0,1816.0,54.8,7.0,3,1,0,0,1
25.0,Other,161.4,63.3,24.3,3-5 times/week,Good,7.0,4.0,Yes,Low,0,2084.0,54.0,4.0,3,1,1,0,2
68.0,Male,158.8,70.4,27.9,3-5 times/week,Poor,8.6,6.0,No,Moderate,1,3303.0,139.1,4.0,1,2,0,1,0
53.0,Other,165.3,68.0,24.9,3-5 times/week,Excellent,6.7,6.0,Yes,Low,0,2417.0,63.0,4.0,4,1,1,0,2
55.0,Female,155.8,86.4,35.6,3-5 times/week,Poor,6.0,5.0,No,High,0,2944.0,116.2,4.0,1,3,0,0,1
43.0,Female,163.5,74.9,28.0,3-5 times/week,Average,7.8,4.0,No,Moderate,1,2518.0,88.4,4.0,2,2,0,1,1
39.0,Female,145.0,40.8,19.4,3-5 times/week,Excellent,9.2,10.0,No,None,0,1688.0,47.7,4.0,4,0,0,0,1
69.0,Male,168.1,90.4,32.0,3-5 times/week,Poor,7.0,5.0,No,Moderate,0,2928.0,119.8,4.0,1,2,0,0,0
19.0,Other,155.4,81.1,33.6,3-5 times/week,Good,6.9,1.0,No,Low,0,2362.0,67.4,4.0,3,1,0,0,2
44.0,Female,153.4,48.9,20.8,1-2 times/week,Excellent,6.2,7.0,No,Moderate,0,1673.0,39.1,1.5,4,2,0,0,1
32.0,Male,175.5,92.7,30.1,1-2 times/week,Good,6.4,2.0,No,High,0,3161.0,91.3,1.5,3,3,0,0,0
30.0,Female,160.2,61.3,23.9,Daily,Good,7.7,10.0,No,High,1,2770.0,74.8,7.0,3,3,0,1,1
49.0,Female,160.7,40.0,15.5,Daily,Average,7.3,4.0,Yes,Low,0,2197.0,73.4,7.0,2,1,1,0,1
36.0,Other,158.9,80.0,31.7,3-5 times/week,Average,8.5,6.0,Yes,Low,0,2250.0,65.6,4.0,2,1,1,0,2
27.0,Other,165.5,61.4,22.4,3-5 times/week,Good,4.9,2.0,No,Low,1,2100.0,57.2,4.0,3,1,0,1,2
27.0,Female,158.8,68.3,27.1,Daily,Excellent,7.5,5.0,No,High,0,2431.0,86.2,7.0,4,3,0,0,1
34.0,Female,148.8,61.6,27.8,3-5 times/week,Average,5.8,6.0,No,Low,0,1915.0,79.4,4.0,2,1,0,0,1
22.0,Other,164.7,89.5,33.0,3-5 times/week,Good,8.7,10.0,Yes,Moderate,0,2214.0,57.9,4.0,3,2,1,0,2
59.0,Female,158.3,96.5,38.5,Daily,Poor,6.7,9.0,Yes,High,0,3079.0,126.5,7.0,1,3,1,0,1
35.0,Male,175.0,89.7,29.3,3-5 times/week,Average,7.4,4.0,No,Low,1,2626.0,96.3,4.0,2,1,0,1,0
55.0,Female,161.6,40.0,15.3,Daily,Average,5.9,1.0,No,Low,0,1864.0,61.3,7.0,2,1,0,0,1
65.0,Male,169.6,101.0,35.1,Daily,Poor,8.1,4.0,No,Low,0,3494.0,140.0,7.0,1,1,0,0,0
40.0,Female,165.6,57.6,21.0,Daily,Excellent,7.2,2.0,No,Low,0,1889.0,50.4,7.0,4,1,0,0,1
67.0,Female,168.2,51.2,18.1,Daily,Average,7.1,8.0,No,Low,0,2028.0,66.3,7.0,2,1,0,0,1
63.0,Other,166.0,101.1,36.7,1-2 times/week,Good,8.0,10.0,No,Low,0,1975.0,54.4,1.5,3,1,0,0,2
46.0,Other,155.3,78.1,32.4,1-2 times/week,Good,9.2,7.0,Yes,Low,0,1978.0,63.1,1.5,3,1,1,0,2
63.0,Other,161.4,69.0,26.5,1-2 times/week,Excellent,4.3,8.0,Yes,Moderate,0,1913.0,45.5,1.5,4,2,1,0,2
25.0,Male,177.3,75.4,24.0,1-2 times/week,Average,7.6,6.0,No,Low,0,2619.0,93.0,1.5,2,1,0,0,0
32.0,Male,180.5,75.3,23.1,Daily,Average,6.9,1.0,No,High,0,3102.0,114.2,7.0,2,3,0,0,0
65.0,Female,162.3,69.8,26.5,1-2 times/week,Average,8.2,8.0,No,Low,0,2189.0,74.4,1.5,2,1,0,0,1
18.0,Other,173.4,81.2,27.0,3-5 times/week,Good,7.4,5.0,No,Low,0,2414.0,70.9,4.0,3,1,0,0,2
59.0,Female,156.9,66.2,26.9,3-5 times/week,Good,7.7,5.0,No,Low,0,2166.0,93.9,4.0,3,1,0,0,1
51.0,Female,155.7,54.5,22.5,3-5 times/week,Good,7.1,6.0,No,High,0,2037.0,53.8,4.0,3,3,0,0,1
40.0,Other,170.0,93.3,32.3,1-2 times/week,Good,6.3,2.0,No,Low,1,1974.0,54.7,1.5,3,1,0,1,2
36.0,Male,163.6,61.0,22.8,3-5 times/week,Good,6.8,1.0,No,High,0,2858.0,83.3,4.0,3,3,0,0,0
65.0,Female,163.9,75.2,10.700000000000003,1-2 times/week,Good,6.0,7.0,No,Low,0,2097.0,91.5,1.5,3,1,0,0,1
22.0,Male,173.2,109.5,36.5,3-5 times/week,Poor,5.3,6.0,No,High,0,3283.0,136.0,4.0,1,3,0,0,0
46.0,Male,155.5,87.3,36.1,3-5 times/week,Poor,8.9,1.0,Yes,Moderate,0,3355.0,137.6,4.0,1,2,1,0,0
24.0,Female,156.9,57.9,23.5,3-5 times/week,Average,6.9,5.0,No,Low,0,2149.0,78.4,4.0,2,1,0,0,1
25.0,Other,174.9,69.1,22.6,3-5 times/week,Average,4.9,1.0,No,Low,0,2904.0,95.0,4.0,2,1,0,0,2
48.0,Female,166.2,85.9,31.1,1-2 times/week,Average,7.1,9.0,No,None,0,2132.0,93.3,1.5,2,0,0,0,1
60.0,Female,153.2,63.4,27.0,3-5 times/week,Poor,7.0,9.0,No,Low,0,2295.0,94.2,4.0,1,1,0,0,1
63.0,Male,174.6,74.4,24.4,3-5 times/week,Excellent,5.9,6.0,No,Low,0,2393.0,60.5,4.0,4,1,0,0,0
38.0,Other,165.0,77.3,28.4,3-5 times/week,Excellent,7.8,6.0,No,High,0,2167.0,59.0,4.0,4,3,0,0,2
30.0,Other,161.5,58.7,22.5,3-5 times/week,Excellent,4.8,4.0,No,Low,0,1633.0,47.5,4.0,4,1,0,0,2
22.0,Male,179.0,114.4,35.7,3-5 times/week,Average,7.4,4.0,No,High,0,3304.0,119.6,4.0,2,3,0,0,0
40.0,Male,186.1,121.9,35.2,3-5 times/week,Poor,6.2,4.0,No,Low,0,3043.0,134.9,4.0,1,1,0,0,0
22.0,Female,173.7,60.3,20.0,Daily,Good,6.9,1.0,No,Moderate,1,2983.0,85.4,7.0,3,2,0,1,1
24.0,Male,172.1,97.4,32.9,None,Poor,8.6,6.0,No,High,0,3820.0,167.8,0.0,1,3,0,0,0
21.0,Other,173.0,44.9,15.0,Daily,Excellent,7.1,6.0,No,Low,0,1726.0,44.4,7.0,4,1,0,0,2
59.0,Female,156.0,89.3,36.7,3-5 times/week,Average,9.3,10.0,Yes,Moderate,0,2423.0,84.1,4.0,2,2,1,0,1
56.0,Female,160.4,83.9,32.6,Daily,Good,6.6,5.0,No,Low,1,2209.0,59.9,7.0,3,1,0,1,1
22.0,Male,180.6,94.9,29.1,1-2 times/week,Poor,7.4,3.0,No,Low,0,3332.0,143.6,1.5,1,1,0,0,0
43.0,Female,163.4,68.1,25.5,1-2 times/week,Good,7.6,4.0,Yes,Low,0,2040.0,55.2,1.5,3,1,1,0,1
37.0,Other,181.4,84.9,25.8,Daily,Poor,7.0,10.0,No,Moderate,1,3658.0,160.6,7.0,1,2,0,1,2
69.0,Male,184.1,109.1,32.2,3-5 times/week,Poor,6.6,7.0,No,High,0,3081.0,126.7,4.0,1,3,0,0,0
63.0,Female,173.6,64.5,21.4,3-5 times/week,Good,7.3,5.0,No,Low,0,1284.0,33.6,4.0,3,1,0,0,1
45.0,Male,181.1,118.1,36.0,3-5 times/week,Average,6.6,1.0,No,Low,0,3103.0,114.2,4.0,2,1,0,0,0
65.0,Female,152.9,61.5,26.3,3-5 times/week,Excellent,7.7,8.0,No,Low,0,1868.0,40.8,4.0,4,1,0,0,1
26.0,Female,162.1,39.4,15.0,3-5 times/week,Excellent,7.2,1.0,No,Low,1,2177.0,56.4,4.0,4,1,0,1,1
27.0,Male,165.0,66.2,24.3,1-2 times/week,Average,6.3,1.0,No,Low,0,2692.0,82.6,1.5,2,1,0,0,0
58.0,Other,161.2,65.0,25.0,1-2 times/week,Average,7.1,9.0,No,Low,1,2559.0,82.3,1.5,2,1,0,1,2
53.0,Male,175.3,93.7,30.5,3-5 times/week,Excellent,7.4,3.0,Yes,Low,1,2144.0,56.7,4.0,4,1,1,1,0
36.0,Other,163.8,97.9,36.5,3-5 times/week,Good,6.4,6.0,No,High,0,2329.0,78.2,4.0,3,3,0,0,2
53.0,Male,166.3,101.8,36.8,3-5 times/week,Average,6.9,10.0,No,High,0,2951.0,101.4,4.0,2,3,0,0,0
33.0,Male,160.6,73.3,28.4,3-5 times/week,Average,7.7,7.0,No,Low,1,2899.0,107.8,4.0,2,1,0,1,0
49.0,Other,173.6,92.2,30.6,3-5 times/week,Average,8.0,8.0,No,Low,1,2411.0,94.7,4.0,2,1,0,1,2
65.0,Male,169.2,82.7,28.9,1-2 times/week,Excellent,9.9,9.0,No,Moderate,0,2383.0,50.8,1.5,4,2,0,0,0
37.0,Other,179.3,93.9,29.2,1-2 times/week,Good,8.3,8.0,No,Low,0,1977.0,64.9,1.5,3,1,0,0,2
33.0,Female,150.0,37.8,16.8,3-5 times/week,Excellent,5.2,3.0,No,Moderate,0,1833.0,42.8,4.0,4,2,0,0,1
28.0,Male,175.7,91.7,29.7,3-5 times/week,Average,7.0,9.0,No,Low,0,2143.0,68.0,4.0,2,1,0,0,0
42.0,Other,155.8,87.6,36.1,3-5 times/week,Good,7.0,3.0,No,High,0,2212.0,66.1,4.0,3,3,0,0,2
53.0,Male,169.7,81.5,28.3,Daily,Good,7.1,2.0,Yes,Low,1,2484.0,68.8,7.0,3,1,1,1,0
47.0,Male,175.9,86.6,28.0,1-2 times/week,Poor,6.6,3.0,No,Low,1,2771.0,124.2,1.5,1,1,0,1,0
36.0,Female,158.6,78.2,31.1,3-5 times/week,Good,7.6,9.0,No,Low,0,2152.0,67.5,4.0,3,1,0,0,1
58.0,Female,159.4,56.9,22.4,Daily,Average,7.7,7.0,No,Low,0,1926.0,75.5,7.0,2,1,0,0,1
43.0,Male,167.9,74.4,26.4,3-5 times/week,Average,6.0,7.0,No,Low,0,2927.0,101.1,4.0,2,1,0,0,0
65.0,Male,171.0,60.8,20.8,3-5 times/week,Good,7.9,3.0,No,Moderate,0,2799.0,76.3,4.0,3,2,0,0,0
59.0,Male,178.0,119.4,37.7,Daily,Average,6.4,2.0,No,Low,0,3247.0,122.5,7.0,2,1,0,0,0
22.0,Male,177.6,101.2,32.1,Daily,Poor,5.8,1.0,No,Low,0,3512.0,146.6,7.0,1,1,0,0,0
33.0,Other,172.2,121.9,41.1,Daily,Average,7.3,1.0,No,Moderate,1,2867.0,104.3,7.0,2,2,0,1,2
18.0,Male,172.6,87.3,29.3,3-5 times/week,Average,6.9,4.0,Yes,Low,0,2880.0,96.1,4.0,2,1,1,0,0
37.0,Male,170.0,75.1,26.0,Daily,Average,9.5,8.0,No,Moderate,0,3048.0,101.5,7.0,2,2,0,0,0
24.0,Male,175.7,88.3,28.6,3-5 times/week,Good,7.0,9.0,No,Moderate,0,2755.0,83.1,4.0,3,2,0,0,0
50.0,Female,164.0,70.7,26.3,3-5 times/week,Poor,7.3,1.0,No,Low,0,2584.0,107.9,4.0,1,1,0,0,1
19.0,Other,160.0,75.3,29.4,3-5 times/week,Good,6.7,10.0,No,Low,1,2331.0,75.7,4.0,3,1,0,1,2
59.0,Male,176.9,86.4,27.6,3-5 times/week,Excellent,5.9,6.0,No,Low,0,2338.0,69.6,4.0,4,1,0,0,0
25.0,Female,158.0,59.2,23.7,3-5 times/week,Average,5.4,9.0,No,Low,1,2896.0,109.3,4.0,2,1,0,1,1
62.0,Male,168.0,60.1,21.3,3-5 times/week,Excellent,7.1,7.0,No,Low,0,1970.0,47.9,4.0,4,1,0,0,0
41.0,Female,155.9,41.3,17.0,Daily,Excellent,7.2,8.0,No,Low,0,2037.0,43.5,7.0,4,1,0,0,1
19.0,Male,165.5,85.2,31.1,3-5 times/week,Poor,7.0,7.0,No,High,0,3657.0,160.4,4.0,1,3,0,0,0
26.0,Female,164.0,67.2,25.0,3-5 times/week,Good,7.7,6.0,Yes,None,1,2162.0,64.7,4.0,3,0,1,1,1
25.0,Other,181.2,114.6,34.9,1-2 times/week,Poor,8.0,8.0,No,High,1,3436.0,142.3,1.5,1,3,0,1,2
39.0,Other,154.5,53.0,22.2,3-5 times/week,Good,4.5,4.0,Yes,Low,0,2439.0,69.8,4.0,3,1,1,0,2
18.0,Male,178.0,85.2,26.9,1-2 times/week,Poor,7.5,10.0,Yes,Low,1,2779.0,120.0,1.5,1,1,1,1,0
31.0,Female,166.4,67.0,24.2,Daily,Average,7.0,6.0,No,Low,0,2502.0,95.1,7.0,2,1,0,0,1
45.0,Male,166.8,103.8,37.3,3-5 times/week,Average,7.0,5.0,Yes,Moderate,0,2511.0,83.9,4.0,2,2,1,0,0
44.0,Other,164.1,73.2,27.2,1-2 times/week,Excellent,6.3,5.0,No,High,0,2277.0,58.0,1.5,4,3,0,0,2
59.0,Other,171.2,103.5,35.3,3-5 times/week,Good,6.2,2.0,No,High,0,2455.0,68.8,4.0,3,3,0,0,2
30.0,Male,168.9,71.6,25.1,1-2 times/week,Poor,7.0,4.0,No,Low,0,2711.0,114.6,1.5,1,1,0,0,0
27.0,Male,167.0,77.3,27.7,3-5 times/week,Good,8.7,4.0,Yes,Low,1,3333.0,146.5,4.0,3,1,1,1,0
34.0,Female,164.5,82.3,30.4,Daily,Good,4.8,6.0,No,Low,0,2151.0,65.0,7.0,3,1,0,0,1
53.0,Other,162.0,81.4,31.0,3-5 times/week,Average,6.0,10.0,Yes,Low,1,2248.0,79.2,4.0,2,1,1,1,2
55.0,Other,154.0,56.7,23.9,1-2 times/week,Poor,7.0,4.0,Yes,Low,0,2678.0,99.3,1.5,1,1,1,0,2
64.0,Male,184.4,94.5,27.8,3-5 times/week,Excellent,7.0,9.0,No,Moderate,0,2617.0,53.4,4.0,4,2,0,0,0
38.0,Other,164.2,87.1,32.3,3-5 times/week,Poor,5.9,9.0,Yes,High,0,2560.0,112.9,4.0,1,3,1,0,2
21.0,Male,181.0,100.6,30.7,3-5 times/week,Poor,8.9,5.0,No,Low,0,2705.0,120.8,4.0,1,1,0,0,0
47.0,Male,165.6,83.9,30.6,3-5 times/week,Good,6.2,5.0,No,Low,1,2311.0,69.7,4.0,3,1,0,1,0
52.0,Other,166.9,98.3,35.3,1-2 times/week,Excellent,5.3,6.0,Yes,Low,0,2443.0,52.5,1.5,4,1,1,0,2
60.0,Female,169.9,70.4,24.4,3-5 times/week,Excellent,6.4,5.0,No,High,1,1988.0,45.3,4.0,4,3,0,1,1
28.0,Other,174.5,77.6,25.5,Daily,Good,5.9,6.0,No,Moderate,0,2223.0,59.5,7.0,3,2,0,0,2
24.0,Female,158.4,49.2,19.6,Daily,Good,7.8,7.0,Yes,Moderate,1,2491.0,65.1,7.0,3,2,1,1,1
28.0,Female,156.7,65.3,26.6,3-5 times/week,Excellent,6.6,4.0,No,Moderate,0,1540.0,34.9,4.0,4,2,0,0,1
19.0,Other,154.9,61.2,25.5,3-5 times/week,Poor,8.3,9.0,No,Low,0,2795.0,112.2,4.0,1,1,0,0,2
68.0,Female,152.9,54.5,23.3,Daily,Good,6.5,3.0,No,High,0,2056.0,62.6,7.0,3,3,0,0,1
46.0,Other,157.6,92.1,37.1,3-5 times/week,Average,7.0,1.0,No,Low,1,1940.0,68.6,4.0,2,1,0,1,2
43.0,Female,162.6,92.8,35.1,3-5 times/week,Excellent,6.0,1.0,No,Moderate,0,1717.0,41.1,4.0,4,2,0,0,1
50.0,Other,164.8,54.3,20.0,Daily,Good,7.4,3.0,No,Low,0,2485.0,67.9,7.0,3,1,0,0,2
44.0,Other,163.5,117.6,44.0,3-5 times/week,Average,6.4,9.0,No,High,1,2765.0,72.9,4.0,2,3,0,1,2
41.0,Other,153.1,47.8,20.4,1-2 times/week,Average,8.0,7.0,No,Low,0,2677.0,90.8,1.5,2,1,0,0,2
38.0,Female,168.5,74.4,26.2,3-5 times/week,Poor,6.2,4.0,No,Low,0,2510.0,92.6,4.0,1,1,0,0,1
46.0,Male,168.3,88.9,31.4,3-5 times/week,Average,8.1,1.0,No,Moderate,0,3032.0,112.4,4.0,2,2,0,0,0
42.0,Female,165.4,83.4,30.5,1-2 times/week,Poor,8.1,5.0,Yes,High,0,2961.0,131.5,1.5,1,3,1,0,1
68.0,Male,168.6,92.7,32.6,3-5 times/week,Poor,9.6,3.0,No,Low,1,2816.0,120.1,4.0,1,1,0,1,0
60.0,Male,170.9,62.2,21.3,3-5 times/week,Excellent,9.5,9.0,No,Low,0,2180.0,52.5,4.0,4,1,0,0,0
21.0,Other,168.7,54.6,19.2,Daily,Poor,7.2,2.0,Yes,Moderate,1,3760.0,159.7,7.0,1,2,1,1,2
65.0,Male,183.3,93.1,27.7,Daily,Excellent,7.1,7.0,No,Low,0,2790.0,81.8,7.0,4,1,0,0,0
26.0,Other,156.3,40.8,16.7,1-2 times/week,Excellent,7.9,5.0,No,Low,0,1914.0,44.8,1.5,4,1,0,0,2
23.0,Female,151.1,41.1,18.0,3-5 times/week,Excellent,7.0,2.0,No,Low,0,2357.0,59.2,4.0,4,1,0,0,1
34.0,Other,167.1,86.0,30.8,3-5 times/week,Average,5.9,4.0,No,High,0,2948.0,99.3,4.0,2,3,0,0,2
30.0,Male,169.0,47.7,16.7,3-5 times/week,Good,6.9,7.0,No,Low,0,2196.0,58.3,4.0,3,1,0,0,0
58.0,Male,171.4,101.4,34.5,1-2 times/week,Good,7.4,5.0,No,High,1,2331.0,69.9,1.5,3,3,0,1,0
63.0,Female,162.4,74.9,28.4,1-2 times/week,Good,6.8,5.0,No,Low,1,1546.0,36.5,1.5,3,1,0,1,1
33.0,Male,169.4,70.0,24.4,3-5 times/week,Average,7.2,3.0,No,High,0,3369.0,120.3,4.0,2,3,0,0,0
68.0,Other,170.2,76.8,26.5,Daily,Good,5.6,9.0,Yes,Moderate,0,2653.0,72.0,7.0,3,2,1,0,2
39.0,Female,157.4,83.5,33.7,1-2 times/week,Average,7.8,9.0,Yes,High,0,2242.0,76.8,1.5,2,3,1,0,1
38.0,Female,152.9,56.8,24.3,3-5 times/week,Good,7.2,4.0,No,Low,1,1978.0,55.8,4.0,3,1,0,1,1
24.0,Male,166.1,105.7,38.3,1-2 times/week,Good,6.2,6.0,Yes,Moderate,0,2402.0,69.4,1.5,3,2,1,0,0
40.0,Male,178.2,112.4,35.4,3-5 times/week,Good,6.1,5.0,Yes,Low,0,2684.0,81.7,4.0,3,1,1,0,0
52.0,Female,169.1,82.1,28.7,Daily,Good,9.7,8.0,Yes,Low,0,2652.0,117.7,7.0,3,1,1,0,1
65.0,Female,167.2,86.1,30.8,Daily,Poor,5.4,4.0,No,Low,0,2552.0,121.0,7.0,1,1,0,0,1
27.0,Other,175.4,100.6,32.7,1-2 times/week,Excellent,6.9,8.0,No,High,0,2609.0,69.9,1.5,4,3,0,0,2
60.0,Male,180.9,97.5,29.8,3-5 times/week,Good,7.0,9.0,Yes,Low,1,2751.0,85.2,4.0,3,1,1,1,0
34.0,Male,174.6,66.8,21.9,Daily,Good,5.1,2.0,No,Low,0,2648.0,78.5,7.0,3,1,0,0,0
61.0,Female,155.4,79.5,32.9,3-5 times/week,Poor,6.4,10.0,Yes,High,0,2369.0,99.6,4.0,1,3,1,0,1
56.0,Female,160.2,71.6,27.9,Daily,Good,6.1,7.0,No,Moderate,0,2292.0,67.1,7.0,3,2,0,0,1
36.0,Male,182.7,91.1,27.3,1-2 times/week,Good,6.6,2.0,No,Low,0,2540.0,64.8,1.5,3,1,0,0,0
45.0,Other,167.7,46.4,16.5,3-5 times/week,Good,7.6,1.0,Yes,Low,0,1604.0,42.8,4.0,3,1,1,0,2
25.0,Other,161.8,60.7,23.2,1-2 times/week,Poor,8.3,8.0,No,Low,0,2365.0,94.0,1.5,1,1,0,0,2
41.0,Female,158.2,72.6,29.0,Daily,Average,5.1,7.0,No,Low,0,2027.0,84.5,7.0,2,1,0,0,1
60.0,Other,155.2,39.7,16.5,Daily,Excellent,6.6,2.0,Yes,Low,0,1977.0,45.6,7.0,4,1,1,0,2
21.0,Male,170.5,103.8,35.7,1-2 times/week,Average,7.1,10.0,No,Moderate,0,3514.0,116.3,1.5,2,2,0,0,0
43.0,Female,156.7,91.8,37.4,1-2 times/week,Poor,8.2,7.0,Yes,Low,0,2424.0,111.4,1.5,1,1,1,0,1
27.0,Female,172.7,71.0,23.8,1-2 times/week,Poor,8.7,7.0,Yes,Low,0,2284.0,78.8,1.5,1,1,1,0,1
60.0,Male,169.4,77.5,27.0,3-5 times/week,Good,7.0,3.0,No,High,0,2488.0,75.2,4.0,3,3,0,0,0
44.0,Female,163.7,61.9,23.1,3-5 times/week,Good,6.6,3.0,No,Moderate,0,1575.0,37.7,4.0,3,2,0,0,1
21.0,Female,149.2,62.6,28.1,3-5 times/week,Average,8.8,8.0,Yes,Low,0,2943.0,106.3,4.0,2,1,1,0,1
20.0,Male,159.3,78.7,31.0,3-5 times/week,Good,6.9,5.0,Yes,Low,0,2545.0,85.0,4.0,3,1,1,0,0
24.0,Male,175.6,46.3,15.0,3-5 times/week,Excellent,7.7,10.0,No,Low,0,2635.0,66.1,4.0,4,1,0,0,0
58.0,Male,166.4,86.9,31.4,1-2 times/week,Average,9.4,6.0,No,Moderate,1,2697.0,92.7,1.5,2,2,0,1,0
39.0,Female,160.2,80.1,31.2,3-5 times/week,Poor,8.8,1.0,Yes,Low,0,2593.0,104.2,4.0,1,1,1,0,1
39.0,Female,171.4,45.5,15.5,Daily,Good,5.4,10.0,No,Low,0,2334.0,51.8,7.0,3,1,0,0,1
31.0,Male,158.4,44.4,17.7,1-2 times/week,Good,7.6,3.0,Yes,Low,0,1413.0,43.7,1.5,3,1,1,0,0
59.0,Female,170.3,130.2,44.3,1-2 times/week,Poor,6.6,10.0,No,Moderate,0,3015.0,122.4,1.5,1,2,0,0,1
47.0,Male,179.5,92.1,28.6,1-2 times/week,Average,7.1,8.0,No,Low,0,2812.0,98.8,1.5,2,1,0,0,0
50.0,Other,173.2,88.8,29.6,1-2 times/week,Average,8.2,6.0,No,Moderate,0,2542.0,93.5,1.5,2,2,0,0,2
58.0,Female,161.1,82.0,31.6,Daily,Poor,6.8,5.0,No,Low,1,2657.0,119.6,7.0,1,1,0,1,1
28.0,Other,167.0,84.8,30.4,1-2 times/week,Average,4.4,6.0,No,Low,0,2599.0,95.5,1.5,2,1,0,0,2
53.0,Female,163.3,78.4,29.4,1-2 times/week,Poor,7.1,6.0,No,Moderate,1,2670.0,129.8,1.5,1,2,0,1,1
51.0,Other,165.3,47.8,10.700000000000003,1-2 times/week,Average,6.8,4.0,No,Low,0,2189.0,67.4,1.5,2,1,0,0,2
62.0,Other,175.1,92.3,30.1,1-2 times/week,Poor,9.0,7.0,Yes,Low,0,2251.0,90.2,1.5,1,1,1,0,2
38.0,Female,162.7,96.9,36.6,1-2 times/week,Poor,5.8,1.0,Yes,Low,0,2335.0,100.1,1.5,1,1,1,0,1
32.0,Female,156.5,98.7,40.3,3-5 times/week,Poor,6.8,6.0,Yes,Low,0,2690.0,112.4,4.0,1,1,1,0,1
62.0,Female,162.0,47.5,18.1,1-2 times/week,Poor,7.0,8.0,Yes,Low,0,2434.0,104.1,1.5,1,1,1,0,1
50.0,Female,155.9,46.4,19.1,Daily,Good,7.2,5.0,No,Low,0,1827.0,62.8,7.0,3,1,0,0,1
58.0,Male,161.0,80.6,31.1,Daily,Poor,8.1,7.0,Yes,Low,1,3562.0,156.0,7.0,1,1,1,1,0
57.0,Female,159.8,75.3,29.5,3-5 times/week,Excellent,6.2,3.0,No,High,0,1887.0,46.0,4.0,4,3,0,0,1
65.0,Other,172.0,117.2,39.6,1-2 times/week,Good,4.0,10.0,No,High,0,2490.0,77.4,1.5,3,3,0,0,2
36.0,Female,156.1,45.1,18.5,3-5 times/week,Good,5.2,5.0,Yes,Moderate,0,2253.0,68.3,4.0,3,2,1,0,1
60.0,Female,156.3,64.7,26.5,3-5 times/week,Good,8.3,4.0,Yes,Low,1,2117.0,64.6,4.0,3,1,1,1,1
48.0,Other,158.6,79.7,31.7,3-5 times/week,Good,6.7,7.0,No,High,0,2625.0,74.5,4.0,3,3,0,0,2
58.0,Male,172.3,79.6,26.8,1-2 times/week,Good,7.3,1.0,No,Moderate,0,2500.0,81.9,1.5,3,2,0,0,0
64.0,Other,166.9,51.0,18.3,Daily,Average,7.0,2.0,No,Moderate,1,2641.0,92.8,7.0,2,2,0,1,2
20.0,Other,164.8,66.3,24.4,1-2 times/week,Good,5.9,5.0,No,Moderate,0,2563.0,111.8,1.5,3,2,0,0,2
28.0,Female,164.0,55.1,20.5,3-5 times/week,Good,4.8,10.0,No,Low,0,1330.0,25.9,4.0,3,1,0,0,1
68.0,Other,168.6,78.7,27.7,3-5 times/week,Excellent,6.0,1.0,No,High,1,1824.0,40.1,4.0,4,3,0,1,2
28.0,Other,168.5,65.0,22.9,3-5 times/week,Poor,8.4,9.0,Yes,Low,0,3140.0,131.0,4.0,1,1,1,0,2
19.0,Male,175.7,84.6,27.4,3-5 times/week,Poor,8.3,3.0,Yes,Moderate,0,3590.0,158.6,4.0,1,2,1,0,0
41.0,Other,171.9,44.3,15.0,Daily,Good,7.0,2.0,No,Moderate,0,2924.0,89.7,7.0,3,2,0,0,2
34.0,Female,165.2,77.0,28.2,1-2 times/week,Poor,6.5,2.0,Yes,Low,0,2507.0,118.2,1.5,1,1,1,0,1
47.0,Other,166.0,97.3,35.3,3-5 times/week,Excellent,7.0,7.0,Yes,Moderate,0,2314.0,61.1,4.0,4,2,1,0,2
22.0,Male,162.7,59.8,22.6,1-2 times/week,Good,8.1,1.0,No,Low,0,2966.0,106.5,1.5,3,1,0,0,0
69.0,Female,157.8,81.9,32.9,1-2 times/week,Good,7.9,7.0,No,Low,0,1552.0,44.8,1.5,3,1,0,0,1
18.0,Female,158.6,75.7,30.1,1-2 times/week,Good,7.6,9.0,No,High,0,2359.0,70.6,1.5,3,3,0,0,1
29.0,Other,176.1,129.0,41.6,Daily,Poor,7.0,6.0,No,Low,0,3205.0,134.9,7.0,1,1,0,0,2
24.0,Other,165.9,63.3,23.0,3-5 times/week,Good,7.7,6.0,No,Low,0,2116.0,58.4,4.0,3,1,0,0,2
32.0,Male,173.1,103.1,34.4,3-5 times/week,Poor,8.1,1.0,Yes,Low,0,3343.0,141.4,4.0,1,1,1,0,0
32.0,Male,174.2,96.2,31.7,1-2 times/week,Poor,8.4,1.0,Yes,Low,1,3240.0,133.8,1.5,1,1,1,1,0
66.0,Male,162.9,99.2,37.4,3-5 times/week,Poor,5.8,6.0,No,Low,1,2807.0,127.1,4.0,1,1,0,1,0
46.0,Male,167.5,90.6,32.3,1-2 times/week,Average,7.2,9.0,No,High,0,3210.0,119.0,1.5,2,3,0,0,0
29.0,Other,156.8,46.7,19.0,1-2 times/week,Good,4.6,9.0,No,Low,0,2604.0,80.1,1.5,3,1,0,0,2
21.0,Male,181.9,76.1,23.0,Daily,Average,8.2,3.0,Yes,Low,1,3010.0,108.9,7.0,2,1,1,1,0
18.0,Female,161.9,59.0,22.5,3-5 times/week,Excellent,9.2,3.0,No,High,0,2321.0,61.3,4.0,4,3,0,0,1
49.0,Male,173.9,122.2,40.4,3-5 times/week,Poor,6.1,7.0,No,Low,0,2999.0,127.4,4.0,1,1,0,0,0
44.0,Female,161.1,70.6,27.2,3-5 times/week,Poor,8.8,1.0,No,Moderate,0,2817.0,117.4,4.0,1,2,0,0,1
19.0,Other,164.4,40.5,15.0,Daily,Good,8.0,3.0,No,Low,0,2320.0,57.2,7.0,3,1,0,0,2
67.0,Female,152.4,72.7,31.3,3-5 times/week,Average,7.0,9.0,No,Low,0,2132.0,76.4,4.0,2,1,0,0,1
48.0,Male,173.3,72.7,24.2,3-5 times/week,Good,7.4,9.0,Yes,Low,0,2377.0,64.4,4.0,3,1,1,0,0
48.0,Female,157.4,75.6,30.5,Daily,Average,6.5,4.0,Yes,Moderate,0,2265.0,82.9,7.0,2,2,1,0,1
33.0,Male,182.6,90.0,27.0,3-5 times/week,Good,7.5,9.0,No,High,0,3105.0,79.2,4.0,3,3,0,0,0
57.0,Male,161.0,92.3,35.6,3-5 times/week,Good,7.0,5.0,Yes,Moderate,0,2218.0,68.8,4.0,3,2,1,0,0
21.0,Female,157.2,60.3,24.4,3-5 times/week,Good,6.4,5.0,Yes,Low,0,2036.0,52.4,4.0,3,1,1,0,1
30.0,Female,164.7,61.6,22.7,3-5 times/week,Average,7.9,3.0,No,Low,0,2317.0,90.8,4.0,2,1,0,0,1
22.0,Other,154.2,35.7,15.0,Daily,Good,7.0,1.0,No,Moderate,0,2162.0,58.1,7.0,3,2,0,0,2
46.0,Male,167.2,63.2,22.6,3-5 times/week,Excellent,6.2,10.0,No,Moderate,0,2495.0,63.0,4.0,4,2,0,0,0
57.0,Female,161.5,103.0,39.5,3-5 times/week,Good,5.9,2.0,No,Low,0,2465.0,87.5,4.0,3,1,0,0,1
32.0,Other,163.0,90.9,34.2,1-2 times/week,Poor,7.7,6.0,No,Low,0,3098.0,130.7,1.5,1,1,0,0,2
66.0,Male,171.9,111.7,37.8,3-5 times/week,Average,7.6,4.0,Yes,Low,1,2042.0,70.5,4.0,2,1,1,1,0
50.0,Male,172.0,112.7,38.1,3-5 times/week,Poor,6.6,7.0,No,Moderate,0,2791.0,124.4,4.0,1,2,0,0,0
69.0,Other,156.8,66.6,27.1,3-5 times/week,Poor,7.1,3.0,No,Moderate,0,2778.0,125.2,4.0,1,2,0,0,2
40.0,Female,161.2,97.4,37.5,3-5 times/week,Good,7.0,9.0,No,High,0,2000.0,57.1,4.0,3,3,0,0,1
59.0,Other,166.8,63.4,22.8,3-5 times/week,Poor,7.2,10.0,No,Low,0,2802.0,127.4,4.0,1,1,0,0,2
39.0,Male,186.5,52.2,15.0,Daily,Poor,8.6,6.0,No,Low,1,3649.0,140.3,7.0,1,1,0,1,0
29.0,Other,155.5,90.9,37.6,3-5 times/week,Poor,7.1,5.0,No,High,0,2713.0,119.5,4.0,1,3,0,0,2
33.0,Other,182.1,107.1,32.3,3-5 times/week,Excellent,4.8,8.0,No,High,0,2488.0,66.2,4.0,4,3,0,0,2
27.0,Female,145.7,59.7,28.1,3-5 times/week,Average,8.5,9.0,No,Low,0,2115.0,78.7,4.0,2,1,0,0,1
54.0,Male,169.1,107.2,37.5,3-5 times/week,Good,6.4,10.0,Yes,High,1,2943.0,87.3,4.0,3,3,1,1,0
42.0,Male,164.9,67.4,24.8,3-5 times/week,Good,6.8,10.0,Yes,Low,0,2137.0,68.7,4.0,3,1,1,0,0
46.0,Other,171.8,74.4,25.2,3-5 times/week,Excellent,6.5,4.0,No,Low,0,1982.0,34.4,4.0,4,1,0,0,2
39.0,Female,156.4,74.6,30.5,3-5 times/week,Good,6.6,9.0,No,Low,0,1501.0,47.8,4.0,3,1,0,0,1
69.0,Female,160.9,68.3,26.4,None,Excellent,6.7,5.0,No,Moderate,0,2039.0,45.2,0.0,4,2,0,0,1
50.0,Male,166.2,60.2,21.8,3-5 times/week,Good,6.0,8.0,No,Low,0,1905.0,46.8,4.0,3,1,0,0,0
53.0,Male,158.7,87.4,34.7,1-2 times/week,Excellent,6.9,9.0,Yes,High,1,2712.0,56.4,1.5,4,3,1,1,0
61.0,Other,172.6,55.4,18.6,Daily,Average,6.9,8.0,No,Low,0,2447.0,97.6,7.0,2,1,0,0,2
36.0,Male,182.7,102.1,30.6,1-2 times/week,Good,8.5,1.0,No,High,0,2709.0,71.6,1.5,3,3,0,0,0
32.0,Other,155.2,60.9,25.3,Daily,Good,5.9,7.0,No,Moderate,0,2735.0,76.4,7.0,3,2,0,0,2
62.0,Male,172.9,99.2,33.2,1-2 times/week,Average,6.7,7.0,Yes,Low,0,2650.0,89.8,1.5,2,1,1,0,0
60.0,Male,177.9,109.8,34.7,1-2 times/week,Excellent,6.8,9.0,No,Low,0,2132.0,61.7,1.5,4,1,0,0,0
32.0,Female,155.5,59.2,24.5,3-5 times/week,Excellent,5.9,6.0,No,Moderate,0,1829.0,46.5,4.0,4,2,0,0,1
31.0,Male,184.7,90.4,26.5,3-5 times/week,Average,7.7,8.0,No,Moderate,0,3163.0,105.3,4.0,2,2,0,0,0
48.0,Female,154.4,101.1,42.4,1-2 times/week,Poor,7.4,8.0,No,High,0,2842.0,117.5,1.5,1,3,0,0,1
57.0,Male,180.9,49.1,15.0,3-5 times/week,Good,6.3,6.0,No,Low,0,2194.0,60.4,4.0,3,1,0,0,0
48.0,Other,166.9,127.3,44.3,3-5 times/week,Poor,9.7,8.0,No,High,0,3200.0,129.4,4.0,1,3,0,0,2
68.0,Other,166.2,64.1,23.2,Daily,Average,7.4,10.0,No,Low,0,2935.0,111.3,7.0,2,1,0,0,2
38.0,Other,161.1,80.5,31.0,1-2 times/week,Average,7.4,9.0,Yes,Moderate,0,2433.0,77.8,1.5,2,2,1,0,2
39.0,Female,169.3,72.5,25.3,3-5 times/week,Average,7.2,5.0,No,Moderate,0,2336.0,94.4,4.0,2,2,0,0,1
52.0,Female,163.8,79.1,29.5,3-5 times/week,Good,6.2,9.0,No,Low,0,2533.0,97.9,4.0,3,1,0,0,1
43.0,Female,154.1,79.3,33.4,3-5 times/week,Poor,7.3,6.0,No,Moderate,0,2421.0,101.9,4.0,1,2,0,0,1
53.0,Other,161.5,92.9,35.6,1-2 times/week,Average,6.5,3.0,No,High,0,2446.0,79.5,1.5,2,3,0,0,2
48.0,Other,152.7,63.2,27.1,Daily,Good,6.7,5.0,Yes,Low,0,2949.0,118.0,7.0,3,1,1,0,2
43.0,Other,171.9,63.2,21.4,3-5 times/week,Excellent,7.1,2.0,No,Moderate,0,2276.0,55.2,4.0,4,2,0,0,2
21.0,Female,158.9,81.3,32.2,3-5 times/week,Excellent,8.0,2.0,Yes,Low,0,2479.0,67.9,4.0,4,1,1,0,1
67.0,Female,151.9,57.7,25.0,1-2 times/week,Good,6.7,2.0,No,High,0,2202.0,65.5,1.5,3,3,0,0,1
19.0,Male,150.4,67.0,29.6,Daily,Average,8.0,3.0,No,High,0,3014.0,129.9,7.0,2,3,0,0,0
46.0,Female,158.2,38.8,15.5,3-5 times/week,Excellent,7.2,5.0,Yes,Low,0,1752.0,49.3,4.0,4,1,1,0,1
64.0,Female,159.7,65.3,25.6,3-5 times/week,Poor,7.0,3.0,No,Low,0,2113.0,87.3,4.0,1,1,0,0,1
54.0,Female,164.9,64.4,23.7,1-2 times/week,Poor,8.5,4.0,No,Low,0,2354.0,108.3,1.5,1,1,0,0,1
35.0,Male,169.6,82.3,28.6,Daily,Poor,7.4,4.0,Yes,Low,0,3486.0,153.6,7.0,1,1,1,0,0
38.0,Female,160.2,58.5,22.8,3-5 times/week,Good,6.7,5.0,Yes,Low,1,1688.0,45.6,4.0,3,1,1,1,1
43.0,Female,154.3,65.9,27.7,1-2 times/week,Good,4.8,6.0,No,Moderate,0,2249.0,88.8,1.5,3,2,0,0,1
61.0,Female,159.7,71.4,28.0,1-2 times/week,Average,9.2,5.0,Yes,Moderate,1,2164.0,79.8,1.5,2,2,1,1,1
64.0,Other,160.9,81.5,31.5,3-5 times/week,Good,4.6,5.0,No,Low,0,2458.0,73.4,4.0,3,1,0,0,2
23.0,Female,160.2,85.2,33.2,3-5 times/week,Poor,5.5,10.0,No,High,0,2657.0,104.7,4.0,1,3,0,0,1
55.0,Other,158.5,59.8,23.8,Daily,Average,9.1,3.0,No,Moderate,0,3083.0,120.1,7.0,2,2,0,0,2
19.0,Male,171.4,73.4,25.0,3-5 times/week,Good,8.3,4.0,No,Low,1,2485.0,70.3,4.0,3,1,0,1,0
67.0,Other,165.1,73.6,27.0,1-2 times/week,Poor,8.3,8.0,Yes,Moderate,0,2607.0,106.6,1.5,1,2,1,0,2
50.0,Female,168.2,56.9,20.1,Daily,Excellent,5.7,10.0,No,Low,0,2049.0,45.4,7.0,4,1,0,0,1
44.0,Male,174.0,78.4,25.9,Daily,Good,9.0,9.0,No,Low,0,2807.0,82.9,7.0,3,1,0,0,0
68.0,Other,158.7,62.0,24.6,1-2 times/week,Good,7.8,2.0,Yes,Low,0,1510.0,41.0,1.5,3,1,1,0,2
58.0,Male,181.5,97.8,29.7,3-5 times/week,Poor,8.2,2.0,No,Low,1,3128.0,137.8,4.0,1,1,0,1,0
31.0,Female,152.2,57.4,24.8,1-2 times/week,Good,7.8,8.0,No,Low,0,2259.0,76.9,1.5,3,1,0,0,1
66.0,Female,165.5,97.2,35.5,3-5 times/week,Poor,6.6,5.0,Yes,Low,1,1200.0,41.7,4.0,1,1,1,1,1
55.0,Male,166.2,71.0,25.7,3-5 times/week,Average,8.6,5.0,No,Moderate,0,3256.0,110.6,4.0,2,2,0,0,0
34.0,Female,153.8,45.7,19.3,3-5 times/week,Average,6.8,6.0,No,Moderate,0,1771.0,61.4,4.0,2,2,0,0,1
21.0,Other,163.4,86.5,32.4,3-5 times/week,Poor,6.9,2.0,Yes,Low,0,2875.0,129.3,4.0,1,1,1,0,2
69.0,Other,167.8,87.3,31.0,Daily,Average,7.1,4.0,No,High,0,3140.0,111.8,7.0,2,3,0,0,2
50.0,Male,160.7,84.4,32.7,3-5 times/week,Average,8.0,9.0,No,Low,0,2123.0,70.5,4.0,2,1,0,0,0
25.0,Other,164.9,74.2,27.3,3-5 times/week,Average,7.0,4.0,No,Low,0,2715.0,90.9,4.0,2,1,0,0,2
45.0,Male,175.5,116.4,37.8,1-2 times/week,Poor,8.4,2.0,Yes,Moderate,0,3165.0,130.1,1.5,1,2,1,0,0
69.0,Male,182.9,76.3,22.8,3-5 times/week,Good,7.0,4.0,No,Low,0,1994.0,64.5,4.0,3,1,0,0,0
50.0,Male,180.6,97.8,30.0,1-2 times/week,Average,5.6,1.0,No,Moderate,0,2369.0,86.4,1.5,2,2,0,0,0
66.0,Female,150.7,80.2,35.3,3-5 times/week,Excellent,5.9,3.0,No,High,1,1200.0,24.0,4.0,4,3,0,1,1
58.0,Female,154.4,47.4,19.9,3-5 times/week,Excellent,7.0,6.0,No,Low,0,1369.0,31.5,4.0,4,1,0,0,1
51.0,Female,167.8,88.7,31.5,1-2 times/week,Good,6.6,10.0,No,Low,0,1808.0,60.1,1.5,3,1,0,0,1
28.0,Female,171.5,129.4,44.0,3-5 times/week,Poor,4.9,8.0,No,High,1,2777.0,124.6,4.0,1,3,0,1,1
31.0,Female,153.4,73.4,31.2,3-5 times/week,Good,6.1,8.0,No,Moderate,0,2203.0,63.1,4.0,3,2,0,0,1
40.0,Female,156.1,61.6,25.3,1-2 times/week,Excellent,7.7,10.0,No,Low,0,1917.0,50.0,1.5,4,1,0,0,1
32.0,Other,167.0,88.4,31.7,1-2 times/week,Average,5.2,5.0,Yes,Low,0,2617.0,84.7,1.5,2,1,1,0,2
34.0,Female,164.3,62.9,23.3,Daily,Average,7.6,2.0,No,High,0,2824.0,105.4,7.0,2,3,0,0,1
35.0,Female,169.9,58.3,20.2,3-5 times/week,Good,7.5,7.0,No,Low,1,1633.0,38.5,4.0,3,1,0,1,1
30.0,Male,174.0,73.3,24.2,3-5 times/week,Excellent,7.5,5.0,No,Moderate,0,2549.0,69.4,4.0,4,2,0,0,0
62.0,Female,159.1,44.8,17.7,3-5 times/week,Average,6.3,5.0,No,High,1,2218.0,74.0,4.0,2,3,0,1,1
55.0,Other,173.6,70.5,23.4,3-5 times/week,Good,8.0,2.0,No,Low,0,2172.0,56.4,4.0,3,1,0,0,2
23.0,Other,165.5,87.6,32.0,None,Excellent,7.6,5.0,No,Moderate,1,2901.0,115.5,0.0,4,2,0,1,2
53.0,Female,155.7,50.7,20.9,3-5 times/week,Excellent,9.1,7.0,No,Low,0,1788.0,48.0,4.0,4,1,0,0,1
56.0,Male,164.2,77.9,28.9,3-5 times/week,Average,6.5,3.0,Yes,Low,1,2235.0,68.5,4.0,2,1,1,1,0
27.0,Female,160.0,75.3,29.4,1-2 times/week,Good,6.5,6.0,No,Low,0,2210.0,83.8,1.5,3,1,0,0,1
56.0,Male,166.9,57.1,20.5,3-5 times/week,Excellent,8.6,10.0,No,Low,0,2207.0,61.0,4.0,4,1,0,0,0
54.0,Male,172.4,97.8,32.9,3-5 times/week,Poor,8.4,8.0,Yes,Low,1,2955.0,116.3,4.0,1,1,1,1,0
30.0,Male,182.2,81.3,24.5,3-5 times/week,Excellent,5.4,4.0,No,Low,0,2027.0,44.5,4.0,4,1,0,0,0
26.0,Female,153.6,89.9,38.1,Daily,Average,7.6,9.0,No,Moderate,0,2997.0,99.3,7.0,2,2,0,0,1
32.0,Male,174.1,80.0,26.4,3-5 times/week,Good,6.9,4.0,Yes,High,0,3224.0,110.4,4.0,3,3,1,0,0
27.0,Female,163.6,52.2,19.5,3-5 times/week,Average,6.6,3.0,Yes,Moderate,0,2470.0,84.1,4.0,2,2,1,0,1
30.0,Male,182.3,73.1,22.0,3-5 times/week,Good,7.9,3.0,No,High,0,2529.0,63.9,4.0,3,3,0,0,0
48.0,Other,166.2,72.1,26.1,Daily,Good,8.2,2.0,No,None,0,2617.0,73.1,7.0,3,0,0,0,2
45.0,Female,160.9,84.7,32.7,3-5 times/week,Good,7.4,2.0,No,Moderate,0,2362.0,87.0,4.0,3,2,0,0,1
25.0,Male,171.9,72.7,24.6,1-2 times/week,Poor,4.9,2.0,Yes,Low,0,3120.0,138.8,1.5,1,1,1,0,0
58.0,Female,156.6,54.7,22.3,3-5 times/week,Poor,6.7,5.0,Yes,Moderate,0,1827.0,42.8,4.0,1,2,1,0,1
31.0,Male,176.3,78.6,25.3,1-2 times/week,Poor,8.0,9.0,Yes,High,0,3070.0,118.9,1.5,1,3,1,0,0
65.0,Female,155.7,59.6,24.6,3-5 times/week,Average,9.4,2.0,No,Low,0,1749.0,55.9,4.0,2,1,0,0,1
44.0,Other,163.7,52.0,19.4,Daily,Average,9.2,5.0,No,Moderate,0,2588.0,98.9,7.0,2,2,0,0,2
63.0,Female,163.0,59.8,22.5,1-2 times/week,Poor,5.9,5.0,No,Low,0,1974.0,75.0,1.5,1,1,0,0,1
65.0,Other,183.3,101.1,30.1,1-2 times/week,Average,6.8,2.0,Yes,Low,0,2472.0,89.9,1.5,2,1,1,0,2
26.0,Male,168.6,78.5,27.6,3-5 times/week,Good,8.2,9.0,Yes,Low,0,2948.0,103.1,4.0,3,1,1,0,0
48.0,Male,174.1,85.2,28.1,1-2 times/week,Poor,6.6,5.0,No,Low,0,3250.0,132.7,1.5,1,1,0,0,0
55.0,Female,158.3,71.7,28.6,1-2 times/week,Average,7.3,4.0,No,High,0,2431.0,88.1,1.5,2,3,0,0,1
19.0,Male,169.8,72.1,25.0,3-5 times/week,Excellent,7.0,5.0,No,Moderate,0,2224.0,56.6,4.0,4,2,0,0,0
21.0,Other,153.6,58.3,24.7,3-5 times/week,Good,7.0,9.0,No,Moderate,0,2239.0,72.6,4.0,3,2,0,0,2
66.0,Other,174.2,86.2,28.4,1-2 times/week,Good,5.9,5.0,No,Low,1,1815.0,54.2,1.5,3,1,0,1,2
21.0,Male,161.5,99.6,38.2,3-5 times/week,Good,6.6,9.0,Yes,Low,0,1776.0,49.9,4.0,3,1,1,0,0
20.0,Male,180.1,115.8,35.7,Daily,Average,7.0,3.0,No,High,0,3329.0,127.9,7.0,2,3,0,0,0
29.0,Male,176.3,58.1,18.7,1-2 times/week,Good,7.0,9.0,No,Moderate,0,2378.0,74.1,1.5,3,2,0,0,0
33.0,Female,147.9,33.7,15.4,Daily,Poor,7.1,1.0,No,Low,0,2390.0,103.3,7.0,1,1,0,0,1
45.0,Female,161.9,62.6,23.9,3-5 times/week,Poor,7.0,4.0,Yes,Low,0,2336.0,98.1,4.0,1,1,1,0,1
20.0,Female,155.9,61.5,25.3,3-5 times/week,Average,7.0,6.0,No,Low,0,2427.0,74.7,4.0,2,1,0,0,1
33.0,Other,169.1,68.9,24.1,3-5 times/week,Poor,7.4,6.0,No,Low,0,3520.0,142.0,4.0,1,1,0,0,2
31.0,Male,176.6,93.9,30.1,1-2 times/week,Excellent,4.7,2.0,Yes,Low,0,2491.0,62.4,1.5,4,1,1,0,0
30.0,Male,164.5,75.8,28.0,3-5 times/week,Good,7.7,10.0,No,Low,0,1706.0,40.2,4.0,3,1,0,0,0
67.0,Male,179.7,100.8,31.2,Daily,Poor,8.3,3.0,No,Moderate,0,3643.0,162.0,7.0,1,2,0,0,0
41.0,Female,167.3,85.4,30.5,3-5 times/week,Good,7.5,7.0,No,Low,0,2233.0,60.7,4.0,3,1,0,0,1
48.0,Male,187.0,118.9,34.0,3-5 times/week,Good,8.5,1.0,No,Low,0,1943.0,61.8,4.0,3,1,0,0,0
35.0,Other,156.4,107.6,44.0,3-5 times/week,Poor,8.1,7.0,No,Low,0,2694.0,113.5,4.0,1,1,0,0,2
57.0,Other,149.6,65.8,29.4,None,Excellent,7.5,4.0,Yes,Moderate,1,1559.0,52.5,0.0,4,2,1,1,2
68.0,Female,165.4,89.5,32.7,3-5 times/week,Poor,4.2,5.0,Yes,Moderate,0,3195.0,131.5,4.0,1,2,1,0,1
50.0,Male,171.6,111.6,37.9,1-2 times/week,Average,5.2,9.0,No,High,1,3166.0,115.2,1.5,2,3,0,1,0
31.0,Female,154.4,35.8,15.0,Daily,Good,7.0,5.0,Yes,Low,0,1883.0,33.6,7.0,3,1,1,0,1
68.0,Male,167.8,85.0,30.2,3-5 times/week,Good,9.5,9.0,No,Moderate,0,2649.0,73.7,4.0,3,2,0,0,0
33.0,Male,166.3,65.0,23.5,3-5 times/week,Poor,7.3,10.0,Yes,Low,1,3000.0,120.7,4.0,1,1,1,1,0
34.0,Other,168.7,71.4,25.1,3-5 times/week,Excellent,6.8,3.0,No,High,0,2323.0,55.0,4.0,4,3,0,0,2
50.0,Other,170.0,82.4,28.5,3-5 times/week,Average,8.2,8.0,No,Low,1,2659.0,98.3,4.0,2,1,0,1,2
69.0,Other,164.2,50.1,18.6,Daily,Poor,7.0,3.0,No,Low,0,2672.0,113.8,7.0,1,1,0,0,2
40.0,Female,153.4,97.4,41.4,1-2 times/week,Poor,5.6,4.0,No,Moderate,1,2417.0,105.2,1.5,1,2,0,1,1
42.0,Female,161.8,77.8,29.7,Daily,Excellent,7.1,6.0,Yes,Low,1,1762.0,45.4,7.0,4,1,1,1,1
58.0,Female,158.1,59.2,23.7,3-5 times/week,Average,7.9,1.0,No,High,0,2825.0,104.7,4.0,2,3,0,0,1
35.0,Female,171.4,110.2,37.5,1-2 times/week,Poor,6.3,3.0,No,High,1,2930.0,123.8,1.5,1,3,0,1,1
58.0,Male,168.5,78.9,27.8,3-5 times/week,Good,7.0,6.0,Yes,Low,0,1749.0,44.0,4.0,3,1,1,0,0
37.0,Female,160.9,69.1,26.7,Daily,Good,9.5,7.0,No,High,0,2211.0,59.1,7.0,3,3,0,0,1
62.0,Female,156.5,51.7,21.1,1-2 times/week,Average,7.0,1.0,No,Moderate,0,2442.0,86.6,1.5,2,2,0,0,1
25.0,Other,168.1,53.1,18.8,3-5 times/week,Excellent,6.4,8.0,No,Low,0,2150.0,46.0,4.0,4,1,0,0,2
39.0,Female,152.6,39.1,16.8,1-2 times/week,Good,6.5,10.0,No,Low,0,2056.0,51.9,1.5,3,1,0,0,1
60.0,Other,168.4,58.1,20.5,3-5 times/week,Good,4.2,10.0,No,Moderate,0,2599.0,74.9,4.0,3,2,0,0,2
37.0,Other,159.6,61.1,24.0,Daily,Poor,7.1,2.0,Yes,Low,0,3280.0,119.0,7.0,1,1,1,0,2
68.0,Female,175.1,91.4,29.8,3-5 times/week,Good,6.1,4.0,No,Moderate,0,1847.0,53.8,4.0,3,2,0,0,1
66.0,Female,155.8,78.9,32.5,1-2 times/week,Good,6.6,2.0,No,Low,1,2179.0,71.0,1.5,3,1,0,1,1
59.0,Other,162.9,82.8,31.2,None,Average,8.3,3.0,Yes,Low,0,2238.0,73.2,0.0,2,1,1,0,2
41.0,Female,161.1,79.4,30.6,3-5 times/week,Average,8.1,6.0,No,Low,0,2083.0,83.3,4.0,2,1,0,0,1
33.0,Other,149.7,58.5,26.1,Daily,Excellent,7.0,6.0,Yes,High,0,2576.0,69.2,7.0,4,3,1,0,2
20.0,Female,166.4,72.8,26.3,3-5 times/week,Good,6.9,4.0,No,Low,0,2185.0,60.2,4.0,3,1,0,0,1
48.0,Male,172.9,56.8,19.0,3-5 times/week,Excellent,6.4,6.0,Yes,Low,0,2464.0,59.6,4.0,4,1,1,0,0
25.0,Male,172.6,92.4,31.0,1-2 times/week,Poor,8.9,3.0,No,High,0,2904.0,121.7,1.5,1,3,0,0,0
40.0,Female,160.8,74.2,28.7,3-5 times/week,Average,7.8,3.0,Yes,High,0,2594.0,96.3,4.0,2,3,1,0,1
66.0,Female,149.4,54.2,24.3,Daily,Poor,9.2,6.0,No,Moderate,0,2662.0,115.2,7.0,1,2,0,0,1
68.0,Female,165.9,70.5,25.6,Daily,Good,7.1,6.0,No,High,0,2127.0,53.5,7.0,3,3,0,0,1
34.0,Female,155.6,75.3,31.1,1-2 times/week,Good,6.6,3.0,Yes,High,0,2496.0,74.5,1.5,3,3,1,0,1
39.0,Male,168.4,68.1,24.0,3-5 times/week,Excellent,7.3,5.0,No,Low,0,2211.0,47.9,4.0,4,1,0,0,0
26.0,Other,175.9,78.9,25.5,3-5 times/week,Average,8.1,4.0,Yes,Low,0,2242.0,89.8,4.0,2,1,1,0,2
67.0,Other,171.4,84.0,28.6,Daily,Average,8.0,1.0,Yes,Low,0,2571.0,95.5,7.0,2,1,1,0,2
34.0,Female,154.5,71.8,30.1,Daily,Average,8.2,6.0,Yes,High,0,3228.0,121.8,7.0,2,3,1,0,1
67.0,Male,168.2,83.2,29.4,3-5 times/week,Excellent,6.4,8.0,Yes,Low,0,2400.0,59.8,4.0,4,1,1,0,0
33.0,Male,153.2,59.6,25.4,1-2 times/week,Good,6.8,3.0,No,Moderate,0,2079.0,67.2,1.5,3,2,0,0,0
42.0,Other,172.9,96.3,32.2,Daily,Average,6.7,6.0,No,High,0,2978.0,103.6,7.0,2,3,0,0,2
31.0,Female,163.5,48.9,18.3,3-5 times/week,Excellent,4.9,2.0,No,Low,0,2182.0,58.3,4.0,4,1,0,0,1
21.0,Female,156.8,58.5,23.8,3-5 times/week,Excellent,5.6,10.0,Yes,Moderate,0,2184.0,49.1,4.0,4,2,1,0,1
69.0,Other,180.5,85.4,26.2,Daily,Excellent,7.0,9.0,No,Moderate,0,3528.0,149.1,7.0,4,2,0,0,2
23.0,Male,178.9,100.2,31.3,3-5 times/week,Average,5.8,8.0,No,Moderate,0,3278.0,117.0,4.0,2,2,0,0,0
37.0,Other,174.8,104.5,34.2,3-5 times/week,Average,6.1,6.0,Yes,Low,1,2945.0,100.4,4.0,2,1,1,1,2
26.0,Female,172.8,103.0,34.5,3-5 times/week,Average,7.4,9.0,No,High,0,2559.0,72.2,4.0,2,3,0,0,1
66.0,Other,168.9,113.8,39.9,3-5 times/week,Poor,5.9,7.0,No,Low,0,2472.0,107.7,4.0,1,1,0,0,2
23.0,Male,170.7,43.7,15.0,Daily,Excellent,8.0,2.0,No,Moderate,0,2844.0,58.5,7.0,4,2,0,0,0
35.0,Female,157.1,83.4,33.8,None,Excellent,6.6,4.0,No,High,0,1950.0,52.8,0.0,4,3,0,0,1
34.0,Female,160.7,77.7,30.1,3-5 times/week,Average,6.5,5.0,No,Moderate,0,1998.0,71.9,4.0,2,2,0,0,1
22.0,Female,169.6,48.3,16.8,Daily,Average,6.8,6.0,No,Low,1,2831.0,97.9,7.0,2,1,0,1,1
68.0,Female,168.6,79.0,27.8,1-2 times/week,Excellent,7.0,3.0,No,High,1,1548.0,39.6,1.5,4,3,0,1,1
49.0,Male,170.7,62.1,21.3,3-5 times/week,Excellent,7.0,8.0,Yes,Low,0,2367.0,61.3,4.0,4,1,1,0,0
40.0,Female,163.1,93.4,35.1,3-5 times/week,Poor,5.4,8.0,No,High,0,2782.0,110.6,4.0,1,3,0,0,1
37.0,Male,163.8,64.7,24.1,1-2 times/week,Average,8.0,6.0,No,Low,0,2532.0,89.9,1.5,2,1,0,0,0
20.0,Male,171.5,106.8,36.3,1-2 times/week,Average,7.8,8.0,No,High,1,3478.0,126.3,1.5,2,3,0,1,0
26.0,Female,154.5,50.6,21.2,1-2 times/week,Average,6.5,1.0,No,Low,0,2364.0,84.0,1.5,2,1,0,0,1
19.0,Female,166.8,80.4,28.9,3-5 times/week,Average,7.0,8.0,No,High,0,2832.0,104.4,4.0,2,3,0,0,1
27.0,Other,159.6,43.0,16.9,3-5 times/week,Average,7.1,5.0,No,Low,0,2581.0,87.2,4.0,2,1,0,0,2
63.0,Female,155.5,67.2,27.8,3-5 times/week,Average,5.3,5.0,No,Moderate,0,1770.0,49.0,4.0,2,2,0,0,1
60.0,Female,163.5,79.9,29.9,3-5 times/week,Average,7.6,4.0,No,Low,0,2025.0,83.1,4.0,2,1,0,0,1
46.0,Female,160.9,54.9,21.2,3-5 times/week,Good,6.7,9.0,No,Moderate,1,2528.0,75.3,4.0,3,2,0,1,1
22.0,Female,165.9,80.9,29.4,1-2 times/week,Average,6.6,7.0,No,Moderate,0,1724.0,28.2,1.5,2,2,0,0,1
32.0,Female,155.9,79.2,32.6,3-5 times/week,Excellent,6.4,10.0,No,High,0,1620.0,43.9,4.0,4,3,0,0,1
54.0,Male,165.1,82.0,30.1,Daily,Average,6.4,8.0,Yes,Moderate,0,2867.0,108.5,7.0,2,2,1,0,0
24.0,Male,173.0,88.3,29.5,3-5 times/week,Good,8.1,2.0,No,Low,0,2429.0,78.2,4.0,3,1,0,0,0
32.0,Other,157.8,44.8,18.0,1-2 times/week,Excellent,9.8,8.0,Yes,Low,0,1919.0,55.5,1.5,4,1,1,0,2
63.0,Female,154.3,72.4,30.4,1-2 times/week,Average,5.2,1.0,No,Low,0,2556.0,83.7,1.5,2,1,0,0,1
36.0,Other,174.0,92.6,30.6,3-5 times/week,Average,6.5,6.0,No,None,0,2783.0,92.4,4.0,2,0,0,0,2
50.0,Other,155.5,56.1,23.2,Daily,Good,6.3,9.0,No,Low,1,2457.0,99.1,7.0,3,1,0,1,2
52.0,Other,165.2,86.8,31.8,3-5 times/week,Excellent,5.5,3.0,Yes,High,0,2128.0,51.4,4.0,4,3,1,0,2
63.0,Other,176.1,77.5,25.0,Daily,Good,6.6,7.0,Yes,Low,0,2598.0,76.0,7.0,3,1,1,0,2
25.0,Female,161.9,71.8,27.4,3-5 times/week,Average,4.8,4.0,No,High,0,2735.0,97.6,4.0,2,3,0,0,1
35.0,Female,153.5,60.3,25.6,1-2 times/week,Good,5.8,10.0,No,Moderate,0,2096.0,65.1,1.5,3,2,0,0,1
38.0,Male,169.5,72.7,25.3,1-2 times/week,Excellent,9.7,8.0,No,Low,0,2152.0,54.4,1.5,4,1,0,0,0
68.0,Other,171.7,74.0,25.1,Daily,Good,7.4,5.0,No,Moderate,0,2339.0,64.0,7.0,3,2,0,0,2
49.0,Male,167.7,50.3,17.9,1-2 times/week,Excellent,5.9,5.0,No,Low,0,1745.0,36.3,1.5,4,1,0,0,0
39.0,Male,168.7,71.1,25.0,3-5 times/week,Excellent,7.0,10.0,Yes,Moderate,0,2179.0,49.0,4.0,4,2,1,0,0
20.0,Male,174.8,83.1,27.2,Daily,Good,6.8,9.0,Yes,Low,1,2268.0,64.3,7.0,3,1,1,1,0
22.0,Female,166.3,71.1,25.7,1-2 times/week,Good,6.2,6.0,Yes,High,0,1848.0,42.2,1.5,3,3,1,0,1
18.0,Female,159.1,55.9,22.1,1-2 times/week,Good,4.9,8.0,Yes,Low,1,1777.0,30.3,1.5,3,1,1,1,1
18.0,Other,166.2,76.8,27.8,3-5 times/week,Average,7.6,4.0,Yes,Low,0,2482.0,104.5,4.0,2,1,1,0,2
39.0,Other,176.7,82.7,26.5,1-2 times/week,Excellent,7.5,4.0,No,High,0,2339.0,59.1,1.5,4,3,0,0,2
59.0,Other,157.9,56.3,22.6,3-5 times/week,Good,7.0,10.0,No,Moderate,0,2255.0,69.8,4.0,3,2,0,0,2
55.0,Female,152.2,52.4,22.6,3-5 times/week,Average,8.9,5.0,Yes,Moderate,0,2155.0,72.8,4.0,2,2,1,0,1
37.0,Other,164.7,94.1,34.7,3-5 times/week,Poor,8.3,6.0,Yes,Low,0,2673.0,113.9,4.0,1,1,1,0,2
54.0,Male,173.1,90.8,30.3,3-5 times/week,Poor,8.2,9.0,Yes,Low,0,2761.0,116.2,4.0,1,1,1,0,0
22.0,Male,176.6,96.1,30.8,1-2 times/week,Poor,7.6,3.0,No,Low,0,3304.0,142.7,1.5,1,1,0,0,0
68.0,Other,168.4,79.1,27.9,3-5 times/week,Poor,7.2,8.0,No,Low,0,2537.0,103.6,4.0,1,1,0,0,2
23.0,Female,166.6,68.6,24.7,3-5 times/week,Excellent,7.8,9.0,Yes,Low,0,1748.0,42.5,4.0,4,1,1,0,1
55.0,Other,163.0,68.5,25.8,Daily,Poor,7.8,1.0,No,High,0,3040.0,131.4,7.0,1,3,0,0,2
44.0,Other,159.3,73.1,28.8,3-5 times/week,Poor,7.9,3.0,No,Moderate,0,2953.0,124.7,4.0,1,2,0,0,2
46.0,Female,147.0,71.5,33.1,3-5 times/week,Good,7.1,8.0,No,High,1,1834.0,45.3,4.0,3,3,0,1,1
20.0,Female,149.2,51.2,23.0,Daily,Good,8.7,10.0,No,High,0,2564.0,89.1,7.0,3,3,0,0,1
69.0,Other,167.5,65.9,23.5,1-2 times/week,Good,7.7,3.0,No,Moderate,0,2257.0,71.0,1.5,3,2,0,0,2
53.0,Male,145.0,57.8,27.5,3-5 times/week,Average,6.1,7.0,No,None,0,1999.0,67.5,4.0,2,0,0,0,0
32.0,Other,171.7,92.9,31.5,3-5 times/week,Excellent,9.1,9.0,No,Moderate,1,2069.0,50.8,4.0,4,2,0,1,2
25.0,Male,174.6,101.2,33.2,3-5 times/week,Good,7.7,9.0,No,High,0,3005.0,88.3,4.0,3,3,0,0,0
31.0,Other,167.8,83.6,29.7,1-2 times/week,Good,7.1,6.0,No,High,1,2954.0,107.8,1.5,3,3,0,1,2
56.0,Female,163.8,76.5,28.5,3-5 times/week,Average,7.9,1.0,No,Moderate,0,2295.0,82.7,4.0,2,2,0,0,1
46.0,Female,163.6,75.7,28.3,3-5 times/week,Good,5.8,2.0,Yes,Low,1,1595.0,35.3,4.0,3,1,1,1,1
33.0,Male,168.8,89.5,31.4,3-5 times/week,Average,5.8,10.0,Yes,Moderate,0,1924.0,75.8,4.0,2,2,1,0,0
37.0,Male,172.3,86.1,29.0,3-5 times/week,Average,6.8,2.0,No,Moderate,1,3049.0,105.7,4.0,2,2,0,1,0
62.0,Female,163.8,45.1,16.8,3-5 times/week,Good,7.6,2.0,No,Low,0,2060.0,59.3,4.0,3,1,0,0,1
36.0,Other,161.1,38.9,15.0,Daily,Good,4.4,6.0,No,Low,0,2294.0,67.5,7.0,3,1,0,0,2
62.0,Other,165.3,82.2,30.1,1-2 times/week,Excellent,6.7,10.0,Yes,Low,0,2069.0,64.4,1.5,4,1,1,0,2
57.0,Other,173.2,71.7,23.9,3-5 times/week,Good,6.5,8.0,Yes,Low,0,1819.0,37.8,4.0,3,1,1,0,2
46.0,Female,150.0,46.8,20.8,3-5 times/week,Good,6.2,3.0,Yes,Moderate,0,2674.0,92.4,4.0,3,2,1,0,1
65.0,Male,180.9,138.1,42.2,3-5 times/week,Average,7.4,9.0,No,High,0,2547.0,101.4,4.0,2,3,0,0,0
56.0,Female,161.4,82.8,31.8,1-2 times/week,Average,4.9,8.0,No,High,0,2013.0,68.0,1.5,2,3,0,0,1
36.0,Other,158.2,83.6,33.4,3-5 times/week,Poor,7.2,5.0,No,Low,0,2261.0,85.1,4.0,1,1,0,0,2
18.0,Male,162.5,99.3,37.6,3-5 times/week,Poor,9.4,8.0,No,Moderate,0,2859.0,118.6,4.0,1,2,0,0,0
41.0,Male,168.5,57.6,20.3,1-2 times/week,Good,7.7,5.0,No,None,0,2296.0,64.2,1.5,3,0,0,0,0
18.0,Male,161.4,73.2,28.1,3-5 times/week,Good,6.3,2.0,No,Moderate,0,2521.0,65.9,4.0,3,2,0,0,0
65.0,Male,162.2,66.3,25.2,3-5 times/week,Average,6.5,1.0,No,Low,0,2385.0,68.0,4.0,2,1,0,0,0
49.0,Other,173.1,85.1,28.4,None,Good,7.9,6.0,Yes,Moderate,0,3234.0,137.6,0.0,3,2,1,0,2
18.0,Female,163.2,100.7,37.8,3-5 times/week,Average,6.5,2.0,No,High,1,2828.0,119.2,4.0,2,3,0,1,1
34.0,Female,168.8,47.6,16.7,3-5 times/week,Excellent,8.6,8.0,Yes,Low,0,1754.0,39.0,4.0,4,1,1,0,1
23.0,Other,163.6,99.8,37.3,3-5 times/week,Poor,6.2,4.0,No,High,0,3228.0,139.7,4.0,1,3,0,0,2
22.0,Female,161.8,73.6,28.1,3-5 times/week,Poor,7.3,5.0,Yes,Low,0,2296.0,83.5,4.0,1,1,1,0,1
38.0,Female,170.8,50.5,17.3,Daily,Excellent,5.9,3.0,Yes,Low,0,2281.0,71.5,7.0,4,1,1,0,1
41.0,Other,167.2,41.9,15.0,Daily,Excellent,6.1,4.0,No,Low,0,2203.0,52.9,7.0,4,1,0,0,2
46.0,Male,183.2,87.6,26.1,Daily,Good,8.7,4.0,Yes,High,0,2470.0,57.2,7.0,3,3,1,0,0
68.0,Male,176.8,94.4,30.2,3-5 times/week,Poor,6.1,4.0,Yes,High,0,3190.0,140.8,4.0,1,3,1,0,0
25.0,Male,156.9,71.6,29.1,Daily,Poor,7.3,5.0,Yes,Low,0,3106.0,128.6,7.0,1,1,1,0,0
55.0,Other,173.5,105.4,35.0,1-2 times/week,Average,6.7,6.0,Yes,Low,0,2508.0,83.9,1.5,2,1,1,0,2
18.0,Female,153.3,62.3,26.5,1-2 times/week,Average,7.3,3.0,No,Low,0,2511.0,91.4,1.5,2,1,0,0,1
22.0,Other,168.9,95.6,33.5,1-2 times/week,Average,6.4,8.0,No,High,0,2975.0,107.9,1.5,2,3,0,0,2
68.0,Female,163.5,98.4,36.8,3-5 times/week,Poor,7.0,7.0,Yes,Moderate,0,2513.0,116.3,4.0,1,2,1,0,1
51.0,Male,163.4,88.9,33.3,3-5 times/week,Poor,7.0,10.0,No,Low,0,3165.0,130.2,4.0,1,1,0,0,0
34.0,Female,163.9,67.2,25.0,3-5 times/week,Average,6.4,3.0,No,Moderate,0,2383.0,82.0,4.0,2,2,0,0,1
66.0,Other,180.3,60.8,18.7,Daily,Excellent,6.4,8.0,No,Low,0,1896.0,44.5,7.0,4,1,0,0,2
48.0,Other,164.2,79.3,29.4,3-5 times/week,Average,7.9,1.0,Yes,Moderate,0,2151.0,68.8,4.0,2,2,1,0,2
25.0,Male,166.2,71.0,25.7,1-2 times/week,Good,7.0,3.0,No,High,1,2629.0,76.8,1.5,3,3,0,1,0
44.0,Other,165.7,59.0,21.5,3-5 times/week,Average,7.8,1.0,Yes,Moderate,0,3034.0,130.3,4.0,2,2,1,0,2
45.0,Female,155.8,61.4,25.3,3-5 times/week,Good,8.6,6.0,No,Low,0,1765.0,47.4,4.0,3,1,0,0,1
20.0,Female,158.5,84.9,33.8,Daily,Good,6.3,2.0,No,High,1,2428.0,72.0,7.0,3,3,0,1,1
67.0,Male,176.4,70.6,22.7,None,Excellent,8.0,3.0,No,High,0,2026.0,45.2,0.0,4,3,0,0,0
56.0,Other,169.4,88.4,30.8,3-5 times/week,Poor,7.0,2.0,No,Low,0,2900.0,121.4,4.0,1,1,0,0,2
34.0,Other,169.9,55.7,19.3,3-5 times/week,Average,7.5,1.0,No,Low,0,2216.0,75.4,4.0,2,1,0,0,2
25.0,Female,155.2,55.9,23.2,Daily,Good,6.1,4.0,No,High,0,3054.0,108.7,7.0,3,3,0,0,1
68.0,Other,164.5,72.5,26.8,1-2 times/week,Good,5.7,7.0,Yes,Moderate,0,2236.0,58.7,1.5,3,2,1,0,2
25.0,Female,158.7,62.0,24.6,None,Poor,8.3,4.0,Yes,Low,0,3082.0,145.1,0.0,1,1,1,0,1
58.0,Other,157.6,90.2,36.3,3-5 times/week,Good,6.7,4.0,No,Low,1,2194.0,72.7,4.0,3,1,0,1,2
32.0,Other,154.8,43.9,18.3,3-5 times/week,Average,6.6,5.0,Yes,Low,1,2099.0,76.9,4.0,2,1,1,1,2
28.0,Female,175.5,65.0,21.1,Daily,Good,6.6,7.0,Yes,Low,0,2989.0,92.1,7.0,3,1,1,0,1
61.0,Male,163.2,40.0,15.0,3-5 times/week,Excellent,7.6,2.0,No,Low,1,2079.0,48.3,4.0,4,1,0,1,0
67.0,Male,172.4,62.1,20.9,3-5 times/week,Average,6.8,4.0,No,Moderate,0,2723.0,102.0,4.0,2,2,0,0,0
67.0,Male,180.4,84.0,25.8,3-5 times/week,Average,7.3,5.0,No,Low,0,3292.0,118.4,4.0,2,1,0,0,0
63.0,Male,177.1,76.5,24.4,Daily,Good,7.8,3.0,No,Moderate,0,2749.0,80.1,7.0,3,2,0,0,0
58.0,Female,160.5,42.5,16.5,3-5 times/week,Average,8.3,6.0,No,Low,0,2240.0,76.9,4.0,2,1,0,0,1
19.0,Male,168.5,98.5,34.7,1-2 times/week,Excellent,6.6,4.0,No,High,0,2770.0,66.8,1.5,4,3,0,0,0
50.0,Other,165.6,84.7,30.9,1-2 times/week,Good,5.8,6.0,Yes,High,0,2660.0,86.8,1.5,3,3,1,0,2
29.0,Female,155.5,51.0,21.1,1-2 times/week,Excellent,5.5,3.0,No,Low,0,1714.0,41.5,1.5,4,1,0,0,1
54.0,Other,157.1,68.1,27.6,3-5 times/week,Good,7.7,5.0,No,Low,1,2379.0,62.7,4.0,3,1,0,1,2
56.0,Female,160.9,46.9,18.1,Daily,Excellent,6.4,10.0,No,Low,0,1725.0,43.5,7.0,4,1,0,0,1
62.0,Male,174.9,90.2,29.5,3-5 times/week,Excellent,8.3,1.0,Yes,Low,0,2220.0,44.0,4.0,4,1,1,0,0
51.0,Male,185.0,110.5,32.3,3-5 times/week,Good,6.8,8.0,No,Moderate,0,2866.0,88.5,4.0,3,2,0,0,0
54.0,Female,161.1,76.8,29.6,3-5 times/week,Good,4.9,3.0,No,None,0,2014.0,56.6,4.0,3,0,0,0,1
49.0,Female,162.3,74.5,28.3,Daily,Good,7.0,2.0,Yes,High,0,2494.0,79.3,7.0,3,3,1,0,1
35.0,Female,163.4,77.7,29.1,1-2 times/week,Good,6.5,1.0,No,High,0,2385.0,69.6,1.5,3,3,0,0,1
18.0,Other,167.6,66.6,23.7,Daily,Good,7.0,2.0,No,Low,0,2597.0,81.1,7.0,3,1,0,0,2
50.0,Female,165.7,67.8,24.7,3-5 times/week,Good,10.0,10.0,No,Low,0,1887.0,68.0,4.0,3,1,0,0,1
29.0,Female,152.9,65.9,28.2,3-5 times/week,Excellent,7.0,6.0,No,High,0,1611.0,47.7,4.0,4,3,0,0,1
53.0,Male,178.8,93.7,29.3,3-5 times/week,Average,7.8,7.0,No,Moderate,0,2978.0,109.4,4.0,2,2,0,0,0
41.0,Female,163.7,54.9,20.5,1-2 times/week,Excellent,5.8,5.0,Yes,Low,0,1749.0,52.7,1.5,4,1,1,0,1
18.0,Other,162.6,54.7,20.7,3-5 times/week,Poor,6.0,10.0,No,Moderate,0,3188.0,120.6,4.0,1,2,0,0,2
32.0,Male,173.9,77.1,25.5,1-2 times/week,Excellent,4.4,6.0,No,Low,0,2433.0,58.3,1.5,4,1,0,0,0
63.0,Female,158.8,56.2,22.3,1-2 times/week,Good,7.1,5.0,No,Moderate,0,1583.0,52.5,1.5,3,2,0,0,1
54.0,Female,160.2,38.5,15.0,3-5 times/week,Good,7.0,3.0,No,Low,0,1941.0,62.3,4.0,3,1,0,0,1
41.0,Male,164.9,54.4,20.0,3-5 times/week,Excellent,7.6,5.0,No,High,0,2596.0,68.0,4.0,4,3,0,0,0
40.0,Other,150.2,68.8,30.5,3-5 times/week,Poor,4.1,6.0,No,Low,0,2557.0,115.6,4.0,1,1,0,0,2
34.0,Female,166.8,69.0,24.8,Daily,Excellent,7.6,6.0,Yes,High,0,2298.0,66.1,7.0,4,3,1,0,1
18.0,Female,157.7,37.3,15.0,3-5 times/week,Good,7.2,6.0,No,Low,1,2460.0,62.6,4.0,3,1,0,1,1
48.0,Male,183.6,92.7,27.5,1-2 times/week,Average,6.2,1.0,No,Moderate,1,2734.0,83.8,1.5,2,2,0,1,0
39.0,Female,166.8,92.1,33.1,3-5 times/week,Good,6.7,6.0,No,Low,0,1891.0,54.6,4.0,3,1,0,0,1
25.0,Other,167.1,58.1,20.8,3-5 times/week,Good,6.3,5.0,No,Moderate,0,2126.0,63.6,4.0,3,2,0,0,2
22.0,Female,158.2,71.1,28.4,1-2 times/week,Excellent,6.5,2.0,No,Moderate,0,1544.0,30.2,1.5,4,2,0,0,1
67.0,Male,163.5,79.7,29.8,3-5 times/week,Average,7.0,8.0,No,Low,1,2245.0,60.8,4.0,2,1,0,1,0
68.0,Male,172.5,100.9,33.9,3-5 times/week,Excellent,7.0,10.0,No,Low,1,1824.0,39.6,4.0,4,1,0,1,0
26.0,Male,163.0,84.8,31.9,3-5 times/week,Average,7.9,6.0,No,Moderate,0,2406.0,95.6,4.0,2,2,0,0,0
45.0,Male,179.3,88.1,27.4,3-5 times/week,Good,6.7,3.0,No,High,0,2538.0,71.2,4.0,3,3,0,0,0
37.0,Male,176.9,96.1,30.7,3-5 times/week,Poor,6.2,6.0,No,Low,1,3601.0,138.9,4.0,1,1,0,1,0
44.0,Other,170.5,55.2,19.0,3-5 times/week,Poor,7.3,7.0,No,Low,0,2601.0,117.4,4.0,1,1,0,0,2
45.0,Male,159.7,48.7,19.1,3-5 times/week,Good,7.4,7.0,No,Low,0,2668.0,84.4,4.0,3,1,0,0,0
35.0,Female,158.9,60.9,24.1,1-2 times/week,Good,6.0,3.0,No,Low,1,1578.0,40.7,1.5,3,1,0,1,1
40.0,Male,179.7,68.8,21.3,3-5 times/week,Excellent,7.5,1.0,No,Low,0,2643.0,58.7,4.0,4,1,0,0,0
38.0,Other,172.1,82.9,28.0,Daily,Good,7.8,6.0,Yes,Moderate,1,2963.0,105.2,7.0,3,2,1,1,2
46.0,Female,166.7,81.7,29.4,3-5 times/week,Good,6.7,10.0,No,Low,0,1592.0,43.2,4.0,3,1,0,0,1
47.0,Female,165.1,73.1,26.8,1-2 times/week,Excellent,6.8,2.0,Yes,High,0,2068.0,41.7,1.5,4,3,1,0,1
19.0,Female,154.9,68.4,28.5,1-2 times/week,Poor,6.7,6.0,No,Low,0,2853.0,110.9,1.5,1,1,0,0,1
69.0,Male,182.7,86.8,26.0,1-2 times/week,Average,7.7,4.0,No,Low,1,3202.0,116.2,1.5,2,1,0,1,0
30.0,Female,166.7,80.3,28.9,3-5 times/week,Good,7.8,5.0,No,Low,1,2064.0,73.7,4.0,3,1,0,1,1
56.0,Female,181.8,131.2,39.7,1-2 times/week,Average,6.9,1.0,Yes,High,0,3268.0,113.7,1.5,2,3,1,0,1
69.0,Male,175.5,109.6,35.6,3-5 times/week,Poor,7.0,7.0,No,High,0,3346.0,140.5,4.0,1,3,0,0,0
43.0,Female,157.9,105.5,42.3,Daily,Poor,8.4,8.0,Yes,Low,1,2163.0,89.9,7.0,1,1,1,1,1
60.0,Male,174.5,86.2,28.3,1-2 times/week,Good,7.8,6.0,No,Moderate,0,2197.0,72.3,1.5,3,2,0,0,0
27.0,Male,174.3,100.6,33.1,3-5 times/week,Average,6.2,8.0,No,High,0,3492.0,114.3,4.0,2,3,0,0,0
50.0,Male,179.8,63.0,19.5,Daily,Good,6.7,2.0,No,Low,0,3162.0,93.2,7.0,3,1,0,0,0
48.0,Other,159.8,45.7,17.9,3-5 times/week,Excellent,7.9,6.0,Yes,Moderate,0,2503.0,55.3,4.0,4,2,1,0,2
31.0,Other,175.9,94.7,30.6,3-5 times/week,Average,7.5,8.0,No,High,0,3312.0,115.5,4.0,2,3,0,0,2
40.0,Female,167.4,75.7,27.0,3-5 times/week,Good,7.4,5.0,No,Low,1,2120.0,56.9,4.0,3,1,0,1,1
58.0,Other,166.0,92.9,33.7,3-5 times/week,Excellent,7.0,6.0,Yes,Moderate,0,1559.0,34.1,4.0,4,2,1,0,2
49.0,Other,175.0,93.7,30.6,3-5 times/week,Poor,7.3,1.0,Yes,Low,1,1919.0,48.6,4.0,1,1,1,1,2
38.0,Female,153.0,40.0,17.1,3-5 times/week,Excellent,7.5,1.0,No,Low,1,2165.0,60.2,4.0,4,1,0,1,1
40.0,Male,176.8,80.0,25.6,1-2 times/week,Poor,5.5,2.0,No,Low,0,3116.0,131.7,1.5,1,1,0,0,0
26.0,Female,166.8,70.9,25.5,1-2 times/week,Excellent,6.3,9.0,No,Low,0,1872.0,39.8,1.5,4,1,0,0,1
31.0,Female,163.9,67.2,25.0,Daily,Poor,6.5,8.0,No,Moderate,0,2730.0,110.6,7.0,1,2,0,0,1
25.0,Other,165.5,82.7,30.2,1-2 times/week,Average,5.8,9.0,No,Low,1,2515.0,98.2,1.5,2,1,0,1,2
53.0,Other,173.4,118.2,39.3,1-2 times/week,Poor,8.0,9.0,Yes,Moderate,0,2686.0,114.2,1.5,1,2,1,0,2
53.0,Male,185.8,86.0,24.9,3-5 times/week,Excellent,6.9,7.0,No,Low,0,2074.0,50.9,4.0,4,1,0,0,0
26.0,Female,165.9,66.6,24.2,3-5 times/week,Excellent,7.2,8.0,No,Moderate,0,1630.0,33.5,4.0,4,2,0,0,1
20.0,Male,170.0,79.2,27.4,Daily,Average,7.0,7.0,Yes,Low,1,2970.0,110.4,7.0,2,1,1,1,0
69.0,Female,154.1,74.8,31.5,3-5 times/week,Excellent,7.7,5.0,No,Low,0,1200.0,34.1,4.0,4,1,0,0,1
62.0,Male,180.0,110.2,34.0,1-2 times/week,Poor,9.5,4.0,No,Low,0,3326.0,121.7,1.5,1,1,0,0,0
35.0,Other,161.2,99.3,38.2,3-5 times/week,Poor,7.6,7.0,No,High,0,3079.0,116.4,4.0,1,3,0,0,2
49.0,Male,170.5,91.3,31.4,3-5 times/week,Good,8.4,4.0,Yes,Low,0,2269.0,67.5,4.0,3,1,1,0,0
36.0,Female,161.9,50.3,19.2,3-5 times/week,Excellent,8.4,2.0,No,Moderate,0,1651.0,29.0,4.0,4,2,0,0,1
49.0,Female,158.9,60.3,23.9,3-5 times/week,Good,6.2,9.0,No,High,0,2030.0,53.3,4.0,3,3,0,0,1
39.0,Female,162.5,46.7,17.7,3-5 times/week,Average,8.0,5.0,No,Low,0,2588.0,92.9,4.0,2,1,0,0,1
69.0,Other,177.6,110.1,34.9,3-5 times/week,Average,5.6,7.0,No,High,1,2425.0,92.1,4.0,2,3,0,1,2
52.0,Other,146.6,50.7,23.6,3-5 times/week,Poor,7.0,3.0,Yes,Low,0,2291.0,101.4,4.0,1,1,1,0,2
33.0,Other,176.3,65.3,21.0,1-2 times/week,Average,7.5,6.0,Yes,Moderate,0,2552.0,99.0,1.5,2,2,1,0,2
69.0,Other,168.5,80.9,28.5,1-2 times/week,Good,7.4,7.0,No,Moderate,0,2338.0,68.3,1.5,3,2,0,0,2
46.0,Other,167.1,60.0,21.5,3-5 times/week,Good,7.0,9.0,No,Low,1,2569.0,101.8,4.0,3,1,0,1,2
61.0,Male,166.0,84.9,30.8,3-5 times/week,Good,5.5,8.0,Yes,Low,0,3062.0,83.5,4.0,3,1,1,0,0
69.0,Other,166.4,68.7,24.8,3-5 times/week,Poor,7.4,8.0,Yes,Low,0,3175.0,135.5,4.0,1,1,1,0,2
26.0,Female,165.5,54.8,20.0,Daily,Poor,6.4,4.0,No,Moderate,0,2859.0,124.5,7.0,1,2,0,0,1
62.0,Other,160.7,85.7,33.2,1-2 times/week,Poor,8.2,6.0,No,High,0,2851.0,120.0,1.5,1,3,0,0,2
45.0,Female,165.5,84.1,30.7,3-5 times/week,Good,8.5,1.0,No,Low,1,1644.0,46.5,4.0,3,1,0,1,1
49.0,Female,154.1,63.4,26.7,3-5 times/week,Good,6.2,5.0,No,Low,0,1743.0,54.3,4.0,3,1,0,0,1
54.0,Other,165.4,56.6,20.7,3-5 times/week,Excellent,9.0,7.0,No,Low,0,1994.0,52.2,4.0,4,1,0,0,2
34.0,Other,164.0,56.5,21.0,3-5 times/week,Average,6.3,3.0,Yes,Moderate,0,2695.0,87.5,4.0,2,2,1,0,2
59.0,Other,172.8,84.5,28.3,1-2 times/week,Good,5.4,8.0,Yes,Low,0,1869.0,50.2,1.5,3,1,1,0,2
44.0,Other,171.1,89.9,30.7,3-5 times/week,Excellent,4.0,6.0,No,Low,0,1405.0,23.4,4.0,4,1,0,0,2
26.0,Female,166.6,45.8,16.5,3-5 times/week,Good,6.4,5.0,No,High,0,2691.0,75.5,4.0,3,3,0,0,1
23.0,Male,175.3,74.7,24.3,3-5 times/week,Excellent,7.1,6.0,Yes,High,0,2799.0,69.1,4.0,4,3,1,0,0
45.0,Other,167.1,72.0,25.8,3-5 times/week,Good,9.7,9.0,No,High,0,2408.0,73.1,4.0,3,3,0,0,2
68.0,Male,175.3,98.3,32.0,1-2 times/week,Poor,7.0,10.0,No,Low,1,2889.0,122.8,1.5,1,1,0,1,0
42.0,Male,173.2,68.4,22.8,Daily,Good,7.5,10.0,No,Low,1,2333.0,66.4,7.0,3,1,0,1,0
29.0,Other,159.2,84.1,33.2,3-5 times/week,Excellent,5.7,6.0,No,Low,0,2136.0,45.3,4.0,4,1,0,0,2
54.0,Female,151.8,57.8,25.1,1-2 times/week,Average,7.9,1.0,Yes,Low,0,2308.0,79.1,1.5,2,1,1,0,1
66.0,Male,175.4,116.9,38.0,Daily,Poor,6.8,9.0,No,Low,0,2796.0,119.0,7.0,1,1,0,0,0
26.0,Other,168.8,90.9,31.9,3-5 times/week,Average,8.2,4.0,No,Moderate,0,3135.0,110.9,4.0,2,2,0,0,2
24.0,Female,156.4,58.7,24.0,3-5 times/week,Excellent,6.1,3.0,No,Low,0,1973.0,51.1,4.0,4,1,0,0,1
67.0,Male,167.5,51.9,18.5,Daily,Good,6.7,5.0,No,Moderate,0,2763.0,51.2,7.0,3,2,0,0,0
61.0,Male,170.9,91.4,31.3,3-5 times/week,Excellent,7.4,8.0,Yes,Moderate,0,2417.0,51.1,4.0,4,2,1,0,0
25.0,Male,161.7,97.3,37.2,3-5 times/week,Good,5.5,10.0,Yes,Low,1,2329.0,65.8,4.0,3,1,1,1,0
64.0,Female,149.6,66.5,29.7,3-5 times/week,Good,7.9,5.0,No,High,0,2338.0,87.5,4.0,3,3,0,0,1
26.0,Other,167.2,84.1,30.1,1-2 times/week,Excellent,5.4,5.0,No,Low,0,2077.0,47.5,1.5,4,1,0,0,2
39.0,Other,170.5,43.6,15.0,Daily,Excellent,6.9,8.0,Yes,Moderate,0,1949.0,46.5,7.0,4,2,1,0,2
27.0,Other,177.3,119.8,38.1,Daily,Poor,6.3,10.0,Yes,Moderate,0,3197.0,134.3,7.0,1,2,1,0,2
28.0,Other,172.5,106.2,35.7,1-2 times/week,Poor,6.2,5.0,No,Moderate,1,3250.0,136.1,1.5,1,2,0,1,2
21.0,Male,176.8,73.5,23.5,3-5 times/week,Average,7.8,9.0,Yes,Low,1,2952.0,100.3,4.0,2,1,1,1,0
18.0,Female,157.9,58.3,23.4,1-2 times/week,Good,7.0,9.0,No,Low,0,1930.0,56.4,1.5,3,1,0,0,1
39.0,Female,155.9,67.6,27.8,Daily,Good,6.9,4.0,Yes,High,0,2469.0,77.0,7.0,3,3,1,0,1
50.0,Female,160.9,66.3,25.6,3-5 times/week,Good,7.0,10.0,Yes,Moderate,1,1850.0,44.3,4.0,3,2,1,1,1
67.0,Male,171.0,95.3,32.6,3-5 times/week,Good,7.0,4.0,Yes,Low,1,1759.0,59.8,4.0,3,1,1,1,0
34.0,Male,173.2,75.6,25.2,3-5 times/week,Good,5.7,2.0,No,Low,0,2379.0,70.9,4.0,3,1,0,0,0
31.0,Other,168.7,102.2,35.9,3-5 times/week,Average,6.2,2.0,Yes,Low,0,2775.0,98.4,4.0,2,1,1,0,2
48.0,Male,176.5,59.2,19.0,3-5 times/week,Excellent,7.3,7.0,Yes,Low,0,2243.0,57.3,4.0,4,1,1,0,0
45.0,Female,169.8,92.3,32.0,3-5 times/week,Poor,7.0,1.0,No,Low,1,2129.0,82.8,4.0,1,1,0,1,1
26.0,Female,166.1,89.7,32.5,3-5 times/week,Good,6.1,9.0,Yes,High,0,2440.0,87.5,4.0,3,3,1,0,1
52.0,Female,170.5,86.6,29.8,3-5 times/week,Good,4.9,3.0,Yes,Moderate,0,1862.0,50.6,4.0,3,2,1,0,1
52.0,Male,169.1,48.0,16.8,3-5 times/week,Good,7.5,5.0,No,Low,0,2545.0,65.3,4.0,3,1,0,0,0
27.0,Other,163.7,92.2,34.4,3-5 times/week,Good,6.9,1.0,No,Moderate,0,2942.0,115.5,4.0,3,2,0,0,2
33.0,Other,168.3,108.2,38.2,3-5 times/week,Poor,4.0,2.0,Yes,Low,0,2703.0,98.5,4.0,1,1,1,0,2
53.0,Other,162.7,72.5,27.4,Daily,Poor,7.0,9.0,Yes,Low,0,3142.0,131.7,7.0,1,1,1,0,2
35.0,Male,164.3,119.6,44.3,1-2 times/week,Poor,4.9,1.0,No,High,0,3335.0,144.8,1.5,1,3,0,0,0
65.0,Other,166.2,81.2,29.4,3-5 times/week,Good,4.0,6.0,No,Low,0,2018.0,61.1,4.0,3,1,0,0,2
42.0,Other,172.0,80.2,27.1,Daily,Excellent,6.2,10.0,Yes,Moderate,1,2462.0,54.5,7.0,4,2,1,1,2
34.0,Female,161.6,61.9,23.7,1-2 times/week,Good,6.1,6.0,No,High,0,1553.0,43.3,1.5,3,3,0,0,1
54.0,Other,155.9,79.0,32.5,3-5 times/week,Poor,7.3,4.0,Yes,High,0,2946.0,136.6,4.0,1,3,1,0,2
20.0,Female,165.6,66.4,24.2,Daily,Excellent,7.8,10.0,No,High,0,2326.0,56.0,7.0,4,3,0,0,1
54.0,Male,170.9,82.4,28.2,3-5 times/week,Good,5.8,9.0,No,Low,0,2100.0,58.4,4.0,3,1,0,0,0
63.0,Female,165.4,97.9,35.8,1-2 times/week,Good,5.5,8.0,No,High,0,2419.0,75.2,1.5,3,3,0,0,1
21.0,Female,159.5,106.6,41.9,3-5 times/week,Good,6.3,1.0,Yes,Low,0,2467.0,97.9,4.0,3,1,1,0,1
68.0,Male,166.7,63.4,22.8,3-5 times/week,Good,8.6,8.0,No,Low,1,2589.0,68.8,4.0,3,1,0,1,0
30.0,Male,182.4,93.8,28.2,1-2 times/week,Poor,6.5,2.0,No,Moderate,0,3469.0,139.7,1.5,1,2,0,0,0
38.0,Female,171.3,61.6,21.0,3-5 times/week,Excellent,6.1,9.0,No,Low,0,2404.0,47.6,4.0,4,1,0,0,1
31.0,Male,175.7,87.7,28.4,3-5 times/week,Excellent,8.1,2.0,No,Low,1,1670.0,44.1,4.0,4,1,0,1,0
49.0,Male,180.9,115.8,35.4,3-5 times/week,Excellent,8.5,1.0,Yes,Moderate,0,2449.0,65.5,4.0,4,2,1,0,0
56.0,Other,164.5,55.2,20.4,3-5 times/week,Good,6.0,9.0,No,Low,0,1726.0,43.3,4.0,3,1,0,0,2
22.0,Male,148.8,67.5,30.5,3-5 times/week,Average,7.3,9.0,Yes,High,0,3109.0,109.6,4.0,2,3,1,0,0
27.0,Male,177.5,47.3,15.0,3-5 times/week,Average,8.0,6.0,No,Low,0,2853.0,113.6,4.0,2,1,0,0,0
24.0,Female,159.2,88.5,34.9,3-5 times/week,Poor,6.9,10.0,No,Low,1,3284.0,147.3,4.0,1,1,0,1,1
39.0,Female,160.3,114.6,44.3,3-5 times/week,Poor,9.6,1.0,Yes,Moderate,1,2452.0,107.3,4.0,1,2,1,1,1
47.0,Other,168.6,65.4,23.0,1-2 times/week,Excellent,7.3,1.0,No,Low,0,2023.0,46.0,1.5,4,1,0,0,2
45.0,Other,163.0,102.3,38.5,3-5 times/week,Poor,10.0,9.0,No,Low,0,2693.0,121.9,4.0,1,1,0,0,2
34.0,Female,153.7,45.1,19.1,Daily,Poor,7.3,6.0,No,Low,0,2763.0,109.4,7.0,1,1,0,0,1
33.0,Male,166.8,82.1,29.5,1-2 times/week,Good,5.1,5.0,No,Low,0,2898.0,114.9,1.5,3,1,0,0,0
35.0,Male,177.4,101.3,32.2,1-2 times/week,Excellent,6.0,5.0,Yes,High,0,2418.0,73.5,1.5,4,3,1,0,0
22.0,Other,155.3,79.1,32.8,3-5 times/week,Good,7.8,6.0,Yes,High,0,3164.0,107.7,4.0,3,3,1,0,2
27.0,Female,153.7,56.2,23.8,1-2 times/week,Good,5.2,4.0,No,Low,0,1796.0,53.3,1.5,3,1,0,0,1
34.0,Other,163.1,70.5,26.5,3-5 times/week,Poor,6.8,2.0,Yes,Low,0,2876.0,110.0,4.0,1,1,1,0,2
69.0,Other,178.1,105.0,33.1,Daily,Good,7.4,8.0,Yes,High,0,2641.0,70.5,7.0,3,3,1,0,2
69.0,Female,158.5,66.8,26.6,3-5 times/week,Good,7.0,7.0,Yes,Low,0,1225.0,34.8,4.0,3,1,1,0,1
44.0,Other,168.6,60.3,21.2,1-2 times/week,Good,9.3,5.0,No,Low,0,2081.0,67.0,1.5,3,1,0,0,2
21.0,Other,164.9,72.9,26.8,1-2 times/week,Poor,6.4,2.0,No,Low,0,2599.0,110.4,1.5,1,1,0,0,2
52.0,Male,167.7,93.4,33.2,None,Good,5.1,1.0,No,Low,0,2429.0,67.6,0.0,3,1,0,0,0
58.0,Other,162.4,69.9,26.5,3-5 times/week,Excellent,9.0,4.0,No,Low,0,2832.0,122.3,4.0,4,1,0,0,2
65.0,Other,145.0,63.5,30.2,Daily,Good,5.7,1.0,No,High,0,2862.0,86.6,7.0,3,3,0,0,2
36.0,Other,182.6,128.0,38.4,3-5 times/week,Poor,6.0,4.0,No,Moderate,0,3148.0,132.2,4.0,1,2,0,0,2
30.0,Female,160.2,76.7,29.9,3-5 times/week,Average,7.4,9.0,No,High,1,2375.0,78.8,4.0,2,3,0,1,1
60.0,Male,172.6,78.3,26.3,1-2 times/week,Excellent,7.0,6.0,No,None,0,2282.0,53.9,1.5,4,0,0,0,0
36.0,Female,159.3,77.7,30.6,Daily,Average,6.9,6.0,No,Low,0,2423.0,94.4,7.0,2,1,0,0,1
21.0,Other,155.6,56.2,23.2,Daily,Average,6.3,6.0,No,Low,0,2976.0,106.7,7.0,2,1,0,0,2
26.0,Female,155.5,65.8,27.2,1-2 times/week,Good,7.1,9.0,No,High,0,2140.0,55.2,1.5,3,3,0,0,1
64.0,Other,170.9,72.4,24.8,3-5 times/week,Good,6.4,3.0,No,Low,0,1766.0,43.6,4.0,3,1,0,0,2
29.0,Male,172.0,73.7,24.9,3-5 times/week,Average,4.7,9.0,No,Low,0,2748.0,100.4,4.0,2,1,0,0,0
25.0,Male,163.6,66.4,24.8,1-2 times/week,Excellent,7.0,10.0,No,Moderate,0,2515.0,55.6,1.5,4,2,0,0,0
55.0,Other,173.5,109.9,36.5,3-5 times/week,Excellent,7.4,7.0,No,High,0,1912.0,44.5,4.0,4,3,0,0,2
67.0,Other,174.7,82.7,27.1,Daily,Excellent,6.7,10.0,No,High,0,1987.0,49.0,7.0,4,3,0,0,2
34.0,Other,170.7,120.6,41.4,1-2 times/week,Average,8.5,7.0,No,Low,1,2692.0,96.3,1.5,2,1,0,1,2
40.0,Male,172.0,70.1,23.7,3-5 times/week,Average,8.2,6.0,No,Low,1,2644.0,93.2,4.0,2,1,0,1,0
61.0,Female,160.4,50.4,19.6,3-5 times/week,Excellent,8.4,7.0,No,Moderate,0,1442.0,40.4,4.0,4,2,0,0,1
51.0,Female,169.0,99.7,34.9,1-2 times/week,Poor,6.1,4.0,Yes,Moderate,0,3090.0,136.1,1.5,1,2,1,0,1
27.0,Female,164.4,74.3,27.5,Daily,Average,7.0,9.0,Yes,Low,0,2940.0,105.6,7.0,2,1,1,0,1
36.0,Other,177.0,88.7,28.3,1-2 times/week,Poor,7.5,2.0,No,Low,0,2343.0,82.2,1.5,1,1,0,0,2
50.0,Other,170.9,83.2,28.5,3-5 times/week,Average,6.4,6.0,No,Low,0,2609.0,99.8,4.0,2,1,0,0,2
47.0,Other,153.2,58.7,25.0,Daily,Good,6.9,8.0,Yes,Moderate,1,2203.0,44.1,7.0,3,2,1,1,2
49.0,Female,184.0,82.9,24.5,Daily,Good,8.7,8.0,No,Low,0,2535.0,83.0,7.0,3,1,0,0,1
50.0,Other,174.5,85.3,28.0,3-5 times/week,Poor,7.9,10.0,No,Low,0,3156.0,141.3,4.0,1,1,0,0,2
53.0,Other,166.0,59.5,21.6,3-5 times/week,Good,6.0,2.0,No,Low,0,2383.0,63.7,4.0,3,1,0,0,2
64.0,Female,171.1,92.5,31.6,3-5 times/week,Average,6.8,9.0,No,Low,0,1921.0,61.2,4.0,2,1,0,0,1
69.0,Female,162.4,39.6,15.0,3-5 times/week,Good,6.8,2.0,No,Moderate,0,2126.0,66.5,4.0,3,2,0,0,1
57.0,Male,167.9,60.6,21.5,1-2 times/week,Excellent,6.5,8.0,No,Low,0,2575.0,74.5,1.5,4,1,0,0,0
38.0,Male,170.3,73.7,25.4,3-5 times/week,Poor,7.5,2.0,No,Low,1,3330.0,137.2,4.0,1,1,0,1,0
47.0,Female,172.3,72.1,24.3,None,Good,7.0,8.0,No,High,1,2427.0,72.5,0.0,3,3,0,1,1
42.0,Other,165.7,98.0,35.7,3-5 times/week,Poor,6.3,8.0,No,Moderate,0,2563.0,102.1,4.0,1,2,0,0,2
42.0,Other,166.5,62.1,22.4,Daily,Good,7.3,7.0,No,Low,1,2312.0,60.4,7.0,3,1,0,1,2
31.0,Other,157.5,98.7,39.8,3-5 times/week,Average,5.4,10.0,No,Moderate,0,2852.0,106.7,4.0,2,2,0,0,2
35.0,Other,180.4,59.2,18.2,3-5 times/week,Excellent,6.9,2.0,No,Low,0,1568.0,44.0,4.0,4,1,0,0,2
43.0,Female,164.3,50.5,18.7,3-5 times/week,Excellent,7.0,2.0,Yes,Low,0,1561.0,50.1,4.0,4,1,1,0,1
27.0,Other,164.9,82.9,30.5,3-5 times/week,Good,4.6,7.0,Yes,Low,0,1984.0,44.6,4.0,3,1,1,0,2
58.0,Female,163.8,86.9,32.4,Daily,Average,8.2,5.0,Yes,High,0,2988.0,106.5,7.0,2,3,1,0,1
41.0,Female,174.1,75.2,24.8,Daily,Good,7.0,2.0,No,High,0,2578.0,61.7,7.0,3,3,0,0,1
52.0,Female,162.1,62.0,23.6,3-5 times/week,Good,8.6,5.0,No,Low,1,2175.0,59.6,4.0,3,1,0,1,1
57.0,Female,172.7,70.1,23.5,1-2 times/week,Excellent,6.9,7.0,Yes,Low,0,1844.0,51.4,1.5,4,1,1,0,1
69.0,Other,176.1,115.7,37.3,1-2 times/week,Poor,5.2,6.0,Yes,Moderate,0,3255.0,138.2,1.5,1,2,1,0,2
54.0,Other,164.2,103.8,38.5,3-5 times/week,Good,6.9,6.0,No,Low,0,1706.0,51.0,4.0,3,1,0,0,2
55.0,Female,160.8,88.4,34.2,Daily,Good,6.6,1.0,No,Moderate,1,2940.0,108.7,7.0,3,2,0,1,1
53.0,Female,166.6,109.4,39.4,3-5 times/week,Poor,8.4,10.0,No,Low,0,2503.0,98.8,4.0,1,1,0,0,1
20.0,Male,169.4,75.5,26.3,Daily,Average,6.4,6.0,Yes,High,0,3384.0,124.9,7.0,2,3,1,0,0
41.0,Other,164.9,41.6,15.3,3-5 times/week,Excellent,7.6,6.0,No,Low,0,1900.0,37.5,4.0,4,1,0,0,2
52.0,Other,175.1,77.3,25.2,1-2 times/week,Excellent,8.0,1.0,Yes,Low,0,1673.0,49.9,1.5,4,1,1,0,2
45.0,Other,160.1,39.0,15.2,Daily,Good,6.8,1.0,No,Low,0,2195.0,71.8,7.0,3,1,0,0,2
54.0,Other,161.2,61.8,23.8,1-2 times/week,Excellent,5.8,3.0,No,Moderate,0,2376.0,72.9,1.5,4,2,0,0,2
29.0,Other,173.4,67.4,22.4,Daily,Good,7.1,1.0,No,Low,0,2702.0,78.4,7.0,3,1,0,0,2
18.0,Female,170.9,66.6,22.8,3-5 times/week,Good,5.7,5.0,Yes,Low,0,2368.0,70.3,4.0,3,1,1,0,1
60.0,Female,165.7,81.8,29.8,3-5 times/week,Poor,6.4,10.0,No,Low,0,2359.0,102.4,4.0,1,1,0,0,1
69.0,Female,152.9,84.4,36.1,1-2 times/week,Average,4.1,9.0,Yes,Low,1,1477.0,54.4,1.5,2,1,1,1,1
67.0,Male,157.2,55.8,22.6,3-5 times/week,Poor,7.7,10.0,No,Low,0,2141.0,88.7,4.0,1,1,0,0,0
39.0,Other,167.0,89.8,32.2,3-5 times/week,Average,7.4,4.0,No,High,1,2428.0,78.3,4.0,2,3,0,1,2
50.0,Other,169.7,109.1,37.9,3-5 times/week,Poor,6.7,4.0,No,High,0,2921.0,123.7,4.0,1,3,0,0,2
53.0,Male,182.6,110.7,33.2,Daily,Good,6.9,7.0,No,Moderate,1,2971.0,101.1,7.0,3,2,0,1,0
45.0,Male,169.1,74.6,26.1,3-5 times/week,Good,7.5,9.0,No,High,1,2825.0,74.7,4.0,3,3,0,1,0
49.0,Other,155.4,75.6,31.3,3-5 times/week,Excellent,9.2,5.0,No,Moderate,1,2064.0,47.5,4.0,4,2,0,1,2
20.0,Male,170.0,64.2,22.2,Daily,Good,7.7,3.0,No,Low,0,2329.0,51.9,7.0,3,1,0,0,0
47.0,Male,185.0,74.6,21.8,3-5 times/week,Poor,8.1,4.0,No,Low,0,3045.0,127.4,4.0,1,1,0,0,0
45.0,Female,164.1,60.6,22.5,Daily,Excellent,7.3,8.0,No,High,1,2405.0,63.5,7.0,4,3,0,1,1
34.0,Male,168.3,85.3,30.1,3-5 times/week,Good,4.4,3.0,No,Moderate,1,2615.0,85.7,4.0,3,2,0,1,0
56.0,Other,175.5,63.8,20.7,3-5 times/week,Excellent,5.0,5.0,No,Low,0,2738.0,68.7,4.0,4,1,0,0,2
53.0,Female,149.2,60.3,27.1,1-2 times/week,Good,8.5,7.0,Yes,Low,0,1837.0,52.4,1.5,3,1,1,0,1
32.0,Male,170.8,94.8,32.5,Daily,Average,4.4,5.0,No,High,0,3425.0,119.6,7.0,2,3,0,0,0
45.0,Male,174.8,99.9,32.7,3-5 times/week,Good,8.6,5.0,Yes,High,1,3227.0,141.5,4.0,3,3,1,1,0
46.0,Other,153.4,53.9,22.9,Daily,Excellent,8.6,4.0,Yes,Low,0,1626.0,51.3,7.0,4,1,1,0,2
30.0,Male,174.3,81.1,26.7,None,Poor,7.0,10.0,No,High,0,3362.0,136.6,0.0,1,3,0,0,0
40.0,Female,158.9,63.1,25.0,3-5 times/week,Good,6.7,10.0,No,Low,0,2273.0,69.0,4.0,3,1,0,0,1
36.0,Other,156.3,67.4,27.6,3-5 times/week,Excellent,7.0,2.0,No,Low,0,2519.0,69.2,4.0,4,1,0,0,2
57.0,Female,158.9,69.4,27.5,3-5 times/week,Average,6.3,5.0,No,Low,0,2462.0,80.7,4.0,2,1,0,0,1
51.0,Female,154.7,79.9,33.4,1-2 times/week,Good,7.0,8.0,No,Moderate,1,1770.0,50.3,1.5,3,2,0,1,1
67.0,Male,168.1,102.6,36.3,3-5 times/week,Average,5.8,3.0,Yes,High,0,2912.0,99.5,4.0,2,3,1,0,0
24.0,Male,182.0,87.1,26.3,3-5 times/week,Good,5.9,6.0,No,Low,0,2778.0,83.5,4.0,3,1,0,0,0
19.0,Female,170.9,54.9,18.8,1-2 times/week,Good,7.3,8.0,No,Low,0,1858.0,54.0,1.5,3,1,0,0,1
41.0,Female,151.8,61.8,26.8,3-5 times/week,Good,8.0,9.0,Yes,Moderate,0,1852.0,58.8,4.0,3,2,1,0,1
36.0,Male,176.9,100.1,32.0,3-5 times/week,Good,5.5,9.0,Yes,Low,0,2571.0,77.7,4.0,3,1,1,0,0
53.0,Female,157.3,83.4,33.7,3-5 times/week,Average,7.0,8.0,Yes,Low,0,1918.0,67.1,4.0,2,1,1,0,1
35.0,Female,155.9,78.3,32.2,3-5 times/week,Poor,9.1,6.0,No,Moderate,0,2797.0,123.1,4.0,1,2,0,0,1
53.0,Male,170.6,108.6,37.3,3-5 times/week,Average,6.6,7.0,No,Low,0,2140.0,73.2,4.0,2,1,0,0,0
25.0,Female,158.9,53.3,21.1,Daily,Good,8.0,8.0,No,Low,0,2449.0,74.6,7.0,3,1,0,0,1
67.0,Female,159.9,72.1,28.2,3-5 times/week,Good,7.2,7.0,No,Low,0,1593.0,46.7,4.0,3,1,0,0,1
36.0,Female,156.5,70.5,28.8,3-5 times/week,Good,5.7,5.0,No,High,0,1969.0,54.6,4.0,3,3,0,0,1
55.0,Male,160.7,50.1,19.4,1-2 times/week,Good,7.0,8.0,No,High,1,2488.0,74.6,1.5,3,3,0,1,0
33.0,Other,172.9,68.2,22.8,Daily,Poor,6.4,9.0,No,Low,0,3473.0,147.4,7.0,1,1,0,0,2
27.0,Other,155.4,92.0,38.1,Daily,Average,7.5,9.0,Yes,High,0,3135.0,105.6,7.0,2,3,1,0,2
60.0,Male,164.4,98.6,36.5,3-5 times/week,Good,5.6,2.0,No,Moderate,0,2369.0,67.3,4.0,3,2,0,0,0
32.0,Female,156.1,63.4,26.0,1-2 times/week,Average,5.0,8.0,No,Low,0,2700.0,91.5,1.5,2,1,0,0,1
40.0,Other,154.6,65.3,27.3,3-5 times/week,Excellent,6.8,1.0,No,High,1,2004.0,54.1,4.0,4,3,0,1,2
34.0,Male,176.5,115.0,36.9,1-2 times/week,Excellent,8.6,6.0,No,Low,0,2326.0,52.3,1.5,4,1,0,0,0
20.0,Female,156.9,65.0,26.4,3-5 times/week,Excellent,6.0,2.0,No,Moderate,0,1753.0,43.2,4.0,4,2,0,0,1
43.0,Female,150.9,38.3,16.8,1-2 times/week,Excellent,8.1,6.0,Yes,None,0,1891.0,45.6,1.5,4,0,1,0,1
36.0,Male,167.7,71.4,25.4,1-2 times/week,Good,7.0,4.0,No,High,0,2855.0,73.4,1.5,3,3,0,0,0
33.0,Female,162.6,64.2,24.3,3-5 times/week,Average,5.7,9.0,No,Moderate,0,2082.0,87.3,4.0,2,2,0,0,1
67.0,Male,170.1,70.3,24.3,1-2 times/week,Good,7.3,7.0,No,Moderate,0,2087.0,61.2,1.5,3,2,0,0,0
66.0,Other,169.8,109.0,37.8,Daily,Poor,7.0,8.0,No,Low,0,2874.0,123.3,7.0,1,1,0,0,2
59.0,Female,162.9,50.7,19.1,3-5 times/week,Excellent,7.0,5.0,No,Low,0,1695.0,32.6,4.0,4,1,0,0,1
34.0,Female,146.0,46.7,21.9,3-5 times/week,Average,7.8,6.0,Yes,Moderate,0,2505.0,85.0,4.0,2,2,1,0,1
35.0,Other,161.3,82.0,31.5,3-5 times/week,Good,8.5,2.0,Yes,High,0,2489.0,86.5,4.0,3,3,1,0,2
53.0,Male,170.0,89.3,30.9,3-5 times/week,Good,7.0,10.0,Yes,High,0,2435.0,70.3,4.0,3,3,1,0,0
48.0,Male,173.4,62.8,20.9,3-5 times/week,Average,8.8,1.0,No,Low,0,2915.0,101.0,4.0,2,1,0,0,0
23.0,Other,159.3,52.5,20.7,Daily,Excellent,8.2,4.0,No,Moderate,0,2194.0,50.7,7.0,4,2,0,0,2
32.0,Female,155.2,76.6,31.8,3-5 times/week,Average,7.3,8.0,No,Low,0,1990.0,65.3,4.0,2,1,0,0,1
57.0,Other,172.8,117.9,39.5,3-5 times/week,Good,7.0,8.0,No,Moderate,0,1985.0,54.9,4.0,3,2,0,0,2
26.0,Female,164.3,84.2,31.2,3-5 times/week,Poor,8.2,6.0,Yes,Moderate,0,3201.0,140.0,4.0,1,2,1,0,1
57.0,Female,154.9,51.1,21.3,3-5 times/week,Good,5.5,7.0,No,Moderate,0,2452.0,87.7,4.0,3,2,0,0,1
30.0,Male,173.7,60.0,19.9,3-5 times/week,Excellent,8.8,9.0,No,Low,0,2140.0,59.6,4.0,4,1,0,0,0
30.0,Male,172.5,74.4,25.0,3-5 times/week,Good,8.3,10.0,No,Low,1,2707.0,68.2,4.0,3,1,0,1,0
65.0,Male,181.9,96.3,29.1,3-5 times/week,Average,6.4,7.0,No,High,0,2702.0,88.0,4.0,2,3,0,0,0
56.0,Male,168.2,76.1,26.9,1-2 times/week,Good,6.9,9.0,No,Low,0,2309.0,71.8,1.5,3,1,0,0,0
23.0,Other,162.9,81.5,30.7,3-5 times/week,Excellent,7.0,2.0,Yes,Moderate,0,2908.0,117.4,4.0,4,2,1,0,2
65.0,Other,176.2,100.6,32.4,3-5 times/week,Good,7.4,3.0,No,Moderate,0,2547.0,92.3,4.0,3,2,0,0,2
23.0,Male,169.4,68.6,23.9,Daily,Average,6.4,2.0,No,Low,0,3318.0,114.2,7.0,2,1,0,0,0
56.0,Male,173.2,89.7,29.9,3-5 times/week,Good,5.5,7.0,No,Low,1,1752.0,57.4,4.0,3,1,0,1,0
46.0,Male,168.2,92.2,32.6,3-5 times/week,Average,5.8,6.0,No,Low,0,2278.0,78.3,4.0,2,1,0,0,0
46.0,Male,169.3,58.2,20.3,1-2 times/week,Good,8.0,4.0,No,Low,1,2569.0,87.2,1.5,3,1,0,1,0
66.0,Other,156.5,83.8,34.2,Daily,Poor,5.8,7.0,No,High,0,3043.0,128.3,7.0,1,3,0,0,2
20.0,Male,172.9,84.9,28.4,3-5 times/week,Good,6.9,2.0,No,Low,1,2976.0,89.3,4.0,3,1,0,1,0
49.0,Male,177.1,95.7,30.5,Daily,Good,6.6,5.0,Yes,High,0,3095.0,92.3,7.0,3,3,1,0,0
66.0,Other,155.7,42.4,17.5,3-5 times/week,Excellent,8.0,1.0,No,Low,0,1672.0,48.7,4.0,4,1,0,0,2
30.0,Other,166.8,75.4,27.1,1-2 times/week,Poor,6.6,6.0,Yes,Moderate,0,2853.0,115.5,1.5,1,2,1,0,2
47.0,Female,158.8,68.6,27.2,3-5 times/week,Good,6.3,8.0,No,Moderate,0,1846.0,43.3,4.0,3,2,0,0,1
45.0,Male,173.8,74.3,24.6,Daily,Excellent,5.4,6.0,No,Low,1,1883.0,46.5,7.0,4,1,0,1,0
47.0,Female,168.6,77.9,27.4,3-5 times/week,Average,6.8,4.0,No,Low,0,2223.0,82.2,4.0,2,1,0,0,1
43.0,Other,167.5,102.4,36.5,3-5 times/week,Average,6.9,9.0,No,Low,1,2954.0,99.4,4.0,2,1,0,1,2
58.0,Female,171.2,69.2,23.6,1-2 times/week,Excellent,6.8,9.0,Yes,Low,0,1739.0,38.2,1.5,4,1,1,0,1
61.0,Other,166.7,90.6,32.6,3-5 times/week,Average,7.9,4.0,No,High,1,2482.0,87.0,4.0,2,3,0,1,2
37.0,Female,154.2,49.7,20.9,3-5 times/week,Average,8.2,7.0,Yes,Low,0,2193.0,69.1,4.0,2,1,1,0,1
50.0,Male,179.2,74.8,23.3,Daily,Good,7.0,9.0,No,Low,0,2466.0,91.6,7.0,3,1,0,0,0
59.0,Male,172.1,100.1,33.8,1-2 times/week,Poor,7.6,6.0,No,High,0,2935.0,128.0,1.5,1,3,0,0,0
31.0,Male,170.2,47.8,16.5,1-2 times/week,Average,7.0,9.0,Yes,Low,0,2403.0,83.8,1.5,2,1,1,0,0
33.0,Other,166.1,81.7,29.6,3-5 times/week,Average,7.0,1.0,Yes,High,0,2581.0,89.4,4.0,2,3,1,0,2
44.0,Male,174.3,99.6,32.8,3-5 times/week,Good,5.4,7.0,No,Moderate,0,3200.0,103.0,4.0,3,2,0,0,0
47.0,Female,158.8,90.3,35.8,3-5 times/week,Average,8.4,6.0,Yes,Low,0,1963.0,65.5,4.0,2,1,1,0,1
45.0,Other,171.5,50.3,17.1,3-5 times/week,Good,4.7,4.0,No,Low,0,2236.0,56.0,4.0,3,1,0,0,2
54.0,Other,172.2,75.0,25.3,1-2 times/week,Good,6.4,8.0,No,Low,1,2350.0,59.6,1.5,3,1,0,1,2
32.0,Female,170.8,90.4,31.0,3-5 times/week,Good,6.3,5.0,Yes,High,0,2073.0,58.9,4.0,3,3,1,0,1
42.0,Female,173.3,50.8,16.9,Daily,Good,8.2,9.0,No,Low,0,2785.0,83.4,7.0,3,1,0,0,1
59.0,Male,166.2,95.3,34.5,1-2 times/week,Good,7.2,10.0,Yes,Moderate,0,2626.0,82.9,1.5,3,2,1,0,0
44.0,Female,163.2,82.3,30.9,3-5 times/week,Excellent,7.9,6.0,No,Moderate,0,2363.0,67.1,4.0,4,2,0,0,1
56.0,Other,169.8,92.8,32.2,3-5 times/week,Average,8.9,3.0,No,Moderate,0,2105.0,58.7,4.0,2,2,0,0,2
49.0,Male,165.5,74.5,27.2,3-5 times/week,Excellent,9.1,10.0,Yes,Low,1,2153.0,52.0,4.0,4,1,1,1,0
45.0,Female,155.6,86.2,35.6,1-2 times/week,Poor,6.9,2.0,No,High,0,2572.0,103.4,1.5,1,3,0,0,1
49.0,Other,163.0,90.1,33.9,Daily,Average,7.6,5.0,Yes,Moderate,0,2983.0,107.6,7.0,2,2,1,0,2
54.0,Other,174.6,81.1,26.6,Daily,Good,8.1,9.0,No,Low,0,2796.0,79.9,7.0,3,1,0,0,2
58.0,Female,158.2,55.8,22.3,3-5 times/week,Excellent,6.5,10.0,Yes,Low,0,1455.0,40.8,4.0,4,1,1,0,1
69.0,Other,174.1,84.0,27.7,1-2 times/week,Average,9.1,9.0,No,Low,0,2294.0,82.5,1.5,2,1,0,0,2
43.0,Male,165.8,81.6,29.7,3-5 times/week,Good,6.5,1.0,No,Moderate,1,2727.0,85.4,4.0,3,2,0,1,0
59.0,Female,172.3,51.1,17.2,3-5 times/week,Good,5.8,10.0,No,Low,0,2364.0,72.5,4.0,3,1,0,0,1
50.0,Female,155.8,49.3,20.3,Daily,Good,7.7,2.0,No,Moderate,0,1598.0,44.3,7.0,3,2,0,0,1
50.0,Male,159.7,74.0,29.0,1-2 times/week,Average,8.2,7.0,Yes,Low,1,2237.0,82.1,1.5,2,1,1,1,0
25.0,Male,166.9,41.8,15.0,Daily,Excellent,8.8,2.0,No,Low,0,2309.0,67.5,7.0,4,1,0,0,0
20.0,Female,160.1,61.5,24.0,Daily,Good,6.3,7.0,No,Low,0,2061.0,50.5,7.0,3,1,0,0,1
40.0,Male,171.1,64.1,21.9,1-2 times/week,Good,8.7,1.0,Yes,Moderate,0,2761.0,57.6,1.5,3,2,1,0,0
65.0,Other,168.6,84.7,29.8,1-2 times/week,Average,4.4,9.0,No,Moderate,0,2518.0,87.5,1.5,2,2,0,0,2
40.0,Female,162.1,76.5,29.1,1-2 times/week,Good,7.0,3.0,No,High,0,2129.0,57.6,1.5,3,3,0,0,1
24.0,Female,157.7,79.6,32.0,Daily,Poor,8.6,4.0,Yes,High,0,3188.0,135.1,7.0,1,3,1,0,1
22.0,Other,168.6,81.6,28.7,Daily,Average,8.9,10.0,Yes,Low,0,3272.0,127.3,7.0,2,1,1,0,2
46.0,Other,172.4,98.1,33.0,3-5 times/week,Average,7.4,10.0,No,High,0,2364.0,62.9,4.0,2,3,0,0,2
51.0,Other,164.9,65.3,24.0,None,Good,7.7,6.0,Yes,Low,0,1904.0,50.6,0.0,3,1,1,0,2
47.0,Female,163.8,61.7,23.0,3-5 times/week,Good,7.6,4.0,No,High,1,2326.0,87.9,4.0,3,3,0,1,1
62.0,Other,157.6,63.6,25.6,3-5 times/week,Excellent,7.5,8.0,No,Low,1,1712.0,39.6,4.0,4,1,0,1,2
55.0,Female,156.8,67.6,27.5,Daily,Good,9.2,3.0,No,None,0,1538.0,41.3,7.0,3,0,0,0,1
48.0,Male,188.4,86.3,24.3,3-5 times/week,Excellent,7.0,6.0,Yes,Low,0,2215.0,50.3,4.0,4,1,1,0,0
41.0,Other,158.4,90.8,36.2,3-5 times/week,Poor,5.6,1.0,No,High,0,2954.0,129.4,4.0,1,3,0,0,2
30.0,Female,169.4,96.4,33.6,3-5 times/week,Good,4.9,1.0,Yes,High,0,2294.0,70.5,4.0,3,3,1,0,1
31.0,Male,170.5,54.7,18.8,3-5 times/week,Good,7.0,4.0,No,Low,1,2720.0,79.7,4.0,3,1,0,1,0
61.0,Other,150.1,83.6,37.1,3-5 times/week,Average,5.9,6.0,No,Low,0,2639.0,95.3,4.0,2,1,0,0,2
22.0,Other,182.9,116.1,34.7,3-5 times/week,Good,5.5,2.0,Yes,Low,0,2853.0,116.9,4.0,3,1,1,0,2
32.0,Other,150.0,63.0,28.0,1-2 times/week,Average,7.5,10.0,Yes,Low,0,2394.0,91.7,1.5,2,1,1,0,2
41.0,Other,169.6,75.1,26.1,Daily,Poor,6.8,5.0,No,Low,1,3256.0,140.9,7.0,1,1,0,1,2
36.0,Male,176.7,113.3,36.3,3-5 times/week,Good,6.8,6.0,Yes,Low,0,2939.0,125.8,4.0,3,1,1,0,0
45.0,Other,165.3,75.1,27.5,3-5 times/week,Poor,7.4,1.0,Yes,Low,0,2419.0,94.3,4.0,1,1,1,0,2
68.0,Other,163.6,92.3,34.5,1-2 times/week,Poor,5.3,5.0,No,Low,1,2504.0,99.6,1.5,1,1,0,1,2
22.0,Female,156.4,68.5,28.0,Daily,Poor,4.2,10.0,No,Moderate,0,2893.0,123.5,7.0,1,2,0,0,1
19.0,Male,175.7,104.7,33.9,3-5 times/week,Average,6.5,3.0,No,Moderate,0,3065.0,111.5,4.0,2,2,0,0,0
37.0,Other,174.8,80.1,26.2,3-5 times/week,Good,6.6,6.0,Yes,Low,0,2670.0,73.2,4.0,3,1,1,0,2
64.0,Other,166.1,67.9,24.6,3-5 times/week,Excellent,7.4,1.0,Yes,Low,0,1826.0,46.4,4.0,4,1,1,0,2
22.0,Male,169.9,77.4,26.8,3-5 times/week,Average,4.3,10.0,No,Low,0,2843.0,101.2,4.0,2,1,0,0,0
59.0,Male,178.3,90.6,28.5,3-5 times/week,Poor,8.8,2.0,No,Low,0,3059.0,129.6,4.0,1,1,0,0,0
21.0,Male,180.3,97.2,29.9,3-5 times/week,Average,5.2,1.0,No,Low,0,3037.0,112.3,4.0,2,1,0,0,0
65.0,Other,164.7,42.6,15.7,3-5 times/week,Excellent,7.7,8.0,No,Moderate,0,1910.0,46.0,4.0,4,2,0,0,2
32.0,Other,161.5,87.1,33.4,3-5 times/week,Good,5.4,5.0,No,Low,0,1911.0,63.8,4.0,3,1,0,0,2
60.0,Female,153.2,59.1,25.2,3-5 times/week,Excellent,6.9,3.0,No,Moderate,0,1522.0,48.2,4.0,4,2,0,0,1
64.0,Other,158.5,83.4,33.2,Daily,Poor,7.5,6.0,No,Low,1,2746.0,121.1,7.0,1,1,0,1,2
67.0,Female,169.6,71.9,25.0,1-2 times/week,Poor,7.2,6.0,No,Low,0,2677.0,120.5,1.5,1,1,0,0,1
43.0,Female,152.6,56.6,24.3,3-5 times/week,Good,4.0,9.0,Yes,Low,0,1893.0,54.5,4.0,3,1,1,0,1
32.0,Other,160.8,70.6,27.3,1-2 times/week,Average,7.5,10.0,Yes,Low,0,2503.0,85.8,1.5,2,1,1,0,2
33.0,Other,163.4,90.0,33.7,3-5 times/week,Excellent,8.3,4.0,No,High,0,2062.0,46.8,4.0,4,3,0,0,2
21.0,Female,156.6,81.7,33.3,1-2 times/week,Average,6.7,1.0,No,High,1,2772.0,94.5,1.5,2,3,0,1,1
50.0,Male,172.2,113.3,38.2,3-5 times/week,Poor,10.0,10.0,No,Low,0,2538.0,97.3,4.0,1,1,0,0,0
21.0,Male,187.2,121.6,34.7,3-5 times/week,Average,5.2,6.0,Yes,High,0,3145.0,122.7,4.0,2,3,1,0,0
39.0,Female,161.4,55.2,21.2,Daily,Excellent,6.5,4.0,Yes,Low,0,1664.0,47.3,7.0,4,1,1,0,1
41.0,Male,169.2,44.9,15.7,3-5 times/week,Good,6.1,10.0,No,Low,0,1988.0,52.5,4.0,3,1,0,0,0
42.0,Male,167.8,77.4,27.5,Daily,Good,7.6,10.0,Yes,Low,0,2454.0,67.7,7.0,3,1,1,0,0
19.0,Other,175.8,70.8,22.9,3-5 times/week,Excellent,7.2,6.0,No,Moderate,1,2397.0,62.1,4.0,4,2,0,1,2
23.0,Female,171.6,85.7,29.1,1-2 times/week,Excellent,6.2,2.0,Yes,Moderate,0,2549.0,106.9,1.5,4,2,1,0,1
48.0,Male,167.3,62.4,22.3,Daily,Excellent,4.8,3.0,Yes,Moderate,0,2253.0,56.0,7.0,4,2,1,0,0
22.0,Other,161.4,75.0,28.8,1-2 times/week,Average,7.1,1.0,No,Low,0,2942.0,99.7,1.5,2,1,0,0,2
58.0,Male,178.4,124.4,39.1,3-5 times/week,Good,7.0,6.0,No,High,0,2149.0,71.5,4.0,3,3,0,0,0
47.0,Other,180.6,71.1,21.8,3-5 times/week,Average,6.3,2.0,No,Low,0,2435.0,86.1,4.0,2,1,0,0,2
47.0,Female,152.2,70.9,30.6,None,Good,5.2,8.0,No,Moderate,0,1754.0,52.6,0.0,3,2,0,0,1
40.0,Female,157.5,42.9,17.3,3-5 times/week,Excellent,7.9,5.0,Yes,Moderate,0,1713.0,49.4,4.0,4,2,1,0,1
19.0,Male,171.9,62.9,21.3,3-5 times/week,Good,5.8,10.0,No,Low,1,2625.0,63.9,4.0,3,1,0,1,0
44.0,Female,161.7,69.3,26.5,3-5 times/week,Good,8.3,6.0,No,Low,1,2959.0,133.5,4.0,3,1,0,1,1
49.0,Female,161.3,74.7,28.7,3-5 times/week,Good,8.2,3.0,Yes,Low,0,1966.0,57.3,4.0,3,1,1,0,1
46.0,Male,169.7,82.9,28.8,1-2 times/week,Poor,7.3,9.0,Yes,Low,0,2006.0,52.9,1.5,1,1,1,0,0
66.0,Other,188.5,118.0,33.2,3-5 times/week,Average,7.2,6.0,No,Moderate,0,3023.0,105.6,4.0,2,2,0,0,2
36.0,Other,167.1,75.9,27.2,3-5 times/week,Good,7.9,5.0,No,High,0,2367.0,72.9,4.0,3,3,0,0,2
18.0,Other,172.5,59.8,20.1,3-5 times/week,Good,6.9,5.0,No,Low,0,2479.0,77.4,4.0,3,1,0,0,2
38.0,Other,168.9,104.7,36.7,3-5 times/week,Good,6.2,1.0,Yes,High,0,2304.0,65.0,4.0,3,3,1,0,2
53.0,Male,163.7,83.9,31.3,3-5 times/week,Average,6.9,1.0,No,High,0,2643.0,94.5,4.0,2,3,0,0,0
39.0,Other,170.9,85.9,29.4,3-5 times/week,Good,6.8,8.0,Yes,Low,0,2208.0,61.5,4.0,3,1,1,0,2
45.0,Female,153.1,67.0,28.6,3-5 times/week,Poor,6.6,2.0,Yes,Low,0,2400.0,100.4,4.0,1,1,1,0,1
51.0,Female,156.1,105.3,43.2,3-5 times/week,Excellent,6.9,10.0,Yes,High,0,1800.0,50.5,4.0,4,3,1,0,1
58.0,Female,149.1,68.9,31.0,3-5 times/week,Good,6.6,2.0,Yes,High,1,2152.0,52.9,4.0,3,3,1,1,1
57.0,Other,175.8,109.7,35.5,3-5 times/week,Good,5.6,1.0,Yes,High,1,2962.0,85.3,4.0,3,3,1,1,2
41.0,Male,162.1,80.1,30.5,3-5 times/week,Excellent,6.1,2.0,No,Moderate,0,2516.0,64.5,4.0,4,2,0,0,0
40.0,Female,156.9,82.2,33.4,3-5 times/week,Poor,7.1,10.0,No,Low,1,2508.0,105.7,4.0,1,1,0,1,1
29.0,Male,166.3,77.7,28.1,3-5 times/week,Good,8.5,10.0,No,Moderate,0,2483.0,75.6,4.0,3,2,0,0,0
30.0,Female,157.2,85.3,34.5,1-2 times/week,Average,5.5,6.0,Yes,Moderate,0,2381.0,87.8,1.5,2,2,1,0,1
69.0,Male,180.9,97.8,29.9,1-2 times/week,Poor,7.7,6.0,No,High,0,3595.0,155.2,1.5,1,3,0,0,0
35.0,Female,157.8,46.8,18.8,Daily,Excellent,7.9,1.0,No,Low,0,1970.0,32.2,7.0,4,1,0,0,1
54.0,Female,166.7,89.8,32.3,Daily,Good,6.6,9.0,No,Low,1,2755.0,116.0,7.0,3,1,0,1,1
42.0,Female,156.6,91.5,37.3,3-5 times/week,Excellent,6.2,3.0,No,High,0,2054.0,45.6,4.0,4,3,0,0,1
27.0,Female,160.3,64.8,25.2,3-5 times/week,Good,4.9,6.0,Yes,High,1,2561.0,71.2,4.0,3,3,1,1,1
24.0,Male,165.4,50.9,18.6,3-5 times/week,Excellent,4.2,10.0,No,Low,1,2389.0,66.6,4.0,4,1,0,1,0
65.0,Other,162.8,48.2,18.2,Daily,Good,5.7,2.0,No,Low,0,1963.0,60.5,7.0,3,1,0,0,2
24.0,Male,171.8,106.0,35.9,Daily,Average,8.7,9.0,Yes,Moderate,0,3095.0,125.1,7.0,2,2,1,0,0
43.0,Other,173.4,65.8,21.9,3-5 times/week,Good,7.4,1.0,No,Low,0,1970.0,54.2,4.0,3,1,0,0,2
55.0,Other,159.0,57.6,22.8,Daily,Excellent,9.0,10.0,No,Low,0,2019.0,41.0,7.0,4,1,0,0,2
44.0,Other,159.7,69.6,27.3,3-5 times/week,Good,7.9,9.0,No,Low,0,1663.0,52.7,4.0,3,1,0,0,2
50.0,Female,162.2,90.8,34.5,3-5 times/week,Average,6.3,1.0,No,Moderate,0,2035.0,80.9,4.0,2,2,0,0,1
23.0,Other,169.2,52.1,18.2,3-5 times/week,Excellent,7.0,7.0,No,Moderate,0,2295.0,61.5,4.0,4,2,0,0,2
35.0,Male,182.1,114.4,34.5,Daily,Average,5.8,7.0,No,Low,0,2871.0,96.1,7.0,2,1,0,0,0
69.0,Male,179.1,129.3,40.3,3-5 times/week,Good,6.2,10.0,No,High,0,2830.0,83.2,4.0,3,3,0,0,0
61.0,Female,160.9,74.6,28.8,3-5 times/week,Poor,7.8,8.0,Yes,Moderate,1,3213.0,136.3,4.0,1,2,1,1,1
49.0,Other,164.9,91.6,33.7,3-5 times/week,Good,5.9,2.0,No,Moderate,1,2442.0,95.7,4.0,3,2,0,1,2
18.0,Other,159.3,39.8,15.7,3-5 times/week,Good,7.4,7.0,No,Low,0,2393.0,76.2,4.0,3,1,0,0,2
69.0,Male,163.2,73.8,27.7,1-2 times/week,Excellent,7.1,5.0,Yes,Low,1,1941.0,54.4,1.5,4,1,1,1,0
44.0,Other,165.1,60.0,22.0,Daily,Excellent,6.6,6.0,No,Moderate,0,1686.0,37.4,7.0,4,2,0,0,2
59.0,Female,155.0,59.1,24.6,Daily,Good,6.8,7.0,No,Low,0,2065.0,68.8,7.0,3,1,0,0,1
59.0,Female,167.1,75.7,27.1,Daily,Poor,4.9,7.0,Yes,Low,0,2281.0,96.4,7.0,1,1,1,0,1
67.0,Other,180.2,53.6,16.5,3-5 times/week,Excellent,7.5,6.0,No,High,0,2389.0,52.6,4.0,4,3,0,0,2
61.0,Male,160.6,104.5,40.5,3-5 times/week,Good,7.8,6.0,No,Moderate,1,2560.0,75.5,4.0,3,2,0,1,0
53.0,Male,174.2,98.6,32.5,1-2 times/week,Good,7.7,9.0,No,Low,0,2297.0,68.4,1.5,3,1,0,0,0
69.0,Other,156.6,95.9,39.1,1-2 times/week,Good,5.5,9.0,Yes,Moderate,0,2016.0,59.4,1.5,3,2,1,0,2
57.0,Female,161.7,54.6,20.9,Daily,Excellent,7.6,10.0,No,Moderate,0,1972.0,40.3,7.0,4,2,0,0,1
69.0,Other,153.3,69.3,29.5,1-2 times/week,Average,7.0,8.0,No,Low,0,2182.0,91.2,1.5,2,1,0,0,2
56.0,Male,148.4,68.5,31.1,3-5 times/week,Good,8.1,9.0,No,High,0,3045.0,86.3,4.0,3,3,0,0,0
63.0,Male,173.5,75.0,24.9,3-5 times/week,Average,5.4,6.0,No,Low,0,2462.0,90.4,4.0,2,1,0,0,0
31.0,Female,166.8,49.0,17.6,Daily,Excellent,7.2,6.0,Yes,Low,0,1956.0,47.6,7.0,4,1,1,0,1
43.0,Male,165.4,79.9,29.2,1-2 times/week,Average,7.8,5.0,No,High,1,3272.0,109.9,1.5,2,3,0,1,0
67.0,Male,170.6,101.0,34.7,3-5 times/week,Average,8.0,4.0,No,None,0,2268.0,82.8,4.0,2,0,0,0,0
18.0,Other,175.0,100.1,32.7,3-5 times/week,Excellent,4.8,2.0,Yes,Low,0,2008.0,42.1,4.0,4,1,1,0,2
26.0,Other,172.5,88.1,29.6,3-5 times/week,Excellent,8.3,10.0,Yes,High,0,2557.0,82.8,4.0,4,3,1,0,2
65.0,Other,152.7,46.9,20.1,3-5 times/week,Average,5.3,9.0,No,Low,0,2384.0,75.6,4.0,2,1,0,0,2
30.0,Other,167.5,79.1,28.2,3-5 times/week,Average,4.7,7.0,No,Low,0,2425.0,92.5,4.0,2,1,0,0,2
40.0,Male,158.0,60.2,24.1,Daily,Good,7.2,8.0,Yes,Low,1,2709.0,114.3,7.0,3,1,1,1,0
49.0,Female,153.0,97.6,41.7,3-5 times/week,Good,5.9,4.0,No,High,0,2544.0,104.6,4.0,3,3,0,0,1
51.0,Male,185.0,131.8,38.5,3-5 times/week,Poor,6.9,5.0,No,Low,0,2534.0,112.7,4.0,1,1,0,0,0
28.0,Other,163.7,68.6,25.6,1-2 times/week,Poor,7.3,9.0,No,Moderate,1,2713.0,119.3,1.5,1,2,0,1,2
66.0,Female,176.5,76.0,24.4,Daily,Poor,7.7,4.0,No,Moderate,0,3556.0,146.1,7.0,1,2,0,0,1
56.0,Female,167.9,69.1,24.5,3-5 times/week,Excellent,8.8,7.0,No,Low,0,1923.0,44.3,4.0,4,1,0,0,1
23.0,Female,171.5,61.8,21.0,1-2 times/week,Average,6.3,6.0,Yes,Low,0,2523.0,91.9,1.5,2,1,1,0,1
24.0,Other,163.1,76.9,28.9,3-5 times/week,Good,5.1,3.0,No,Low,0,1741.0,66.1,4.0,3,1,0,0,2
26.0,Male,167.0,114.6,41.1,Daily,Good,6.4,10.0,Yes,Low,0,2886.0,125.3,7.0,3,1,1,0,0
21.0,Other,173.7,82.1,27.2,Daily,Excellent,5.5,10.0,No,High,0,2517.0,66.2,7.0,4,3,0,0,2
56.0,Female,169.9,82.0,28.4,Daily,Excellent,7.0,1.0,No,High,1,2457.0,65.9,7.0,4,3,0,1,1
26.0,Female,145.5,64.8,30.6,1-2 times/week,Poor,7.3,1.0,Yes,High,0,3157.0,134.0,1.5,1,3,1,0,1
49.0,Female,162.9,73.5,27.7,3-5 times/week,Poor,5.2,10.0,No,Low,0,2463.0,107.8,4.0,1,1,0,0,1
37.0,Other,166.4,71.2,25.7,3-5 times/week,Poor,6.7,3.0,No,Low,0,3170.0,126.2,4.0,1,1,0,0,2
36.0,Female,150.1,58.4,25.9,Daily,Good,6.2,1.0,No,High,0,2540.0,74.1,7.0,3,3,0,0,1
29.0,Other,166.5,71.2,25.7,3-5 times/week,Average,8.3,8.0,No,Low,0,2848.0,100.4,4.0,2,1,0,0,2
32.0,Other,167.8,54.3,19.3,Daily,Good,9.2,4.0,No,Low,0,2337.0,71.6,7.0,3,1,0,0,2
58.0,Female,168.3,78.2,27.6,1-2 times/week,Poor,7.9,5.0,No,Low,0,2652.0,123.0,1.5,1,1,0,0,1
53.0,Male,176.9,75.1,24.0,3-5 times/week,Good,8.2,1.0,Yes,Moderate,0,2262.0,67.4,4.0,3,2,1,0,0
27.0,Male,168.6,67.1,23.6,3-5 times/week,Good,6.2,8.0,No,Low,0,2356.0,63.5,4.0,3,1,0,0,0
19.0,Other,168.6,58.3,20.5,Daily,Excellent,7.7,1.0,Yes,High,0,2282.0,59.0,7.0,4,3,1,0,2
54.0,Other,163.1,75.0,28.2,Daily,Good,7.4,9.0,No,High,0,2569.0,76.4,7.0,3,3,0,0,2
46.0,Female,152.1,49.3,21.3,1-2 times/week,Good,6.1,9.0,No,High,0,1899.0,62.2,1.5,3,3,0,0,1
26.0,Other,158.1,103.2,41.3,3-5 times/week,Average,6.2,1.0,Yes,Low,1,2351.0,102.3,4.0,2,1,1,1,2
30.0,Male,161.3,81.7,31.4,3-5 times/week,Poor,5.9,2.0,Yes,Low,0,2435.0,102.6,4.0,1,1,1,0,0
40.0,Male,168.1,73.2,25.9,3-5 times/week,Poor,7.5,5.0,No,Moderate,0,2815.0,118.0,4.0,1,2,0,0,0
38.0,Male,178.1,69.5,21.9,3-5 times/week,Good,7.6,3.0,No,High,0,2579.0,75.1,4.0,3,3,0,0,0
48.0,Male,162.4,52.7,20.0,3-5 times/week,Excellent,7.8,6.0,Yes,High,0,2358.0,58.8,4.0,4,3,1,0,0
36.0,Other,170.3,78.3,27.0,3-5 times/week,Excellent,4.8,6.0,No,Low,0,2771.0,69.6,4.0,4,1,0,0,2
61.0,Male,176.1,95.5,30.8,3-5 times/week,Good,6.1,6.0,No,Moderate,0,2681.0,74.5,4.0,3,2,0,0,0
38.0,Other,159.1,66.6,26.3,Daily,Poor,7.8,2.0,No,High,0,3167.0,123.2,7.0,1,3,0,0,2
60.0,Male,162.4,89.7,34.0,1-2 times/week,Average,6.9,6.0,No,High,1,2199.0,87.1,1.5,2,3,0,1,0
52.0,Male,174.1,74.3,24.5,Daily,Average,7.2,2.0,No,Low,0,2910.0,107.7,7.0,2,1,0,0,0
60.0,Other,162.3,87.5,33.2,Daily,Poor,6.5,10.0,Yes,Moderate,0,2604.0,100.4,7.0,1,2,1,0,2
27.0,Other,162.4,69.9,26.5,1-2 times/week,Average,6.7,8.0,Yes,Low,0,1964.0,40.9,1.5,2,1,1,0,2
69.0,Female,163.2,72.4,27.2,3-5 times/week,Good,8.9,5.0,No,High,0,2316.0,73.5,4.0,3,3,0,0,1
55.0,Female,159.1,72.4,28.6,1-2 times/week,Good,7.4,2.0,No,Moderate,1,1790.0,43.3,1.5,3,2,0,1,1
42.0,Other,176.2,102.8,33.1,3-5 times/week,Excellent,7.0,9.0,Yes,High,0,2221.0,44.9,4.0,4,3,1,0,2
41.0,Other,155.8,60.2,24.8,3-5 times/week,Good,5.7,6.0,No,Low,0,2548.0,73.0,4.0,3,1,0,0,2
53.0,Male,186.7,106.7,30.6,3-5 times/week,Good,6.9,6.0,Yes,Low,0,1989.0,65.0,4.0,3,1,1,0,0
23.0,Male,173.7,76.6,25.4,Daily,Average,7.0,3.0,No,Low,0,3087.0,110.7,7.0,2,1,0,0,0
39.0,Male,181.4,123.1,37.4,3-5 times/week,Good,5.8,10.0,Yes,Low,0,2519.0,62.1,4.0,3,1,1,0,0
54.0,Female,159.1,91.4,36.1,3-5 times/week,Poor,7.0,10.0,No,Low,0,2232.0,94.8,4.0,1,1,0,0,1
50.0,Female,180.8,85.3,26.1,1-2 times/week,Excellent,6.6,5.0,No,Low,0,2119.0,49.0,1.5,4,1,0,0,1
60.0,Other,158.9,54.0,21.4,3-5 times/week,Good,8.0,9.0,No,Low,1,1719.0,51.9,4.0,3,1,0,1,2
57.0,Other,165.4,99.9,36.5,Daily,Poor,6.8,4.0,No,High,0,2966.0,121.5,7.0,1,3,0,0,2
42.0,Male,174.0,66.6,22.0,Daily,Excellent,8.1,9.0,No,Moderate,0,2797.0,62.3,7.0,4,2,0,0,0
25.0,Male,182.2,108.2,32.6,1-2 times/week,Poor,7.0,6.0,No,Moderate,0,2830.0,132.1,1.5,1,2,0,0,0
45.0,Male,176.3,74.3,23.9,Daily,Good,7.6,6.0,No,Low,0,2487.0,72.8,7.0,3,1,0,0,0
56.0,Female,162.1,80.1,30.5,3-5 times/week,Average,7.0,8.0,Yes,Low,0,1432.0,26.2,4.0,2,1,1,0,1
35.0,Other,161.0,84.8,32.7,3-5 times/week,Average,6.5,2.0,No,Moderate,0,2510.0,95.7,4.0,2,2,0,0,2
20.0,Male,176.8,105.0,33.6,3-5 times/week,Average,8.0,9.0,No,Moderate,0,2867.0,98.3,4.0,2,2,0,0,0
68.0,Female,163.1,71.6,26.9,3-5 times/week,Good,7.2,1.0,No,Low,0,2506.0,96.6,4.0,3,1,0,0,1
58.0,Male,162.7,74.6,28.2,3-5 times/week,Poor,9.3,3.0,No,Low,0,2914.0,130.2,4.0,1,1,0,0,0
33.0,Female,161.5,62.1,23.8,3-5 times/week,Poor,7.2,7.0,No,Moderate,1,2586.0,104.3,4.0,1,2,0,1,1
67.0,Male,174.1,80.0,26.4,1-2 times/week,Average,6.9,4.0,No,Low,0,2991.0,112.2,1.5,2,1,0,0,0
44.0,Female,164.6,42.3,15.6,Daily,Excellent,7.5,6.0,No,Moderate,0,1570.0,42.3,7.0,4,2,0,0,1
22.0,Other,169.6,94.1,32.7,1-2 times/week,Poor,4.6,3.0,Yes,Low,0,2755.0,109.7,1.5,1,1,1,0,2
56.0,Male,172.7,101.7,34.1,Daily,Poor,7.2,9.0,Yes,Low,0,2928.0,126.8,7.0,1,1,1,0,0
26.0,Female,161.8,92.2,35.2,1-2 times/week,Poor,7.5,6.0,Yes,Low,0,2926.0,125.9,1.5,1,1,1,0,1
39.0,Other,164.6,62.0,22.9,3-5 times/week,Average,6.4,7.0,No,Moderate,0,2754.0,101.8,4.0,2,2,0,0,2
56.0,Female,160.5,104.8,40.7,3-5 times/week,Poor,6.6,7.0,No,High,1,2776.0,116.8,4.0,1,3,0,1,1
56.0,Male,166.8,80.1,28.8,1-2 times/week,Average,6.6,6.0,No,High,0,2614.0,80.0,1.5,2,3,0,0,0
42.0,Female,163.1,57.7,21.7,None,Excellent,5.0,6.0,Yes,Moderate,0,2114.0,53.2,0.0,4,2,1,0,1
50.0,Other,183.4,100.2,29.8,3-5 times/week,Average,6.9,8.0,No,Low,0,2717.0,89.1,4.0,2,1,0,0,2
64.0,Female,158.2,86.6,34.6,3-5 times/week,Average,7.0,3.0,Yes,Low,0,2112.0,69.0,4.0,2,1,1,0,1
46.0,Male,163.5,99.7,37.3,Daily,Good,6.4,6.0,Yes,Low,0,2972.0,137.1,7.0,3,1,1,0,0
52.0,Other,170.1,58.4,20.2,3-5 times/week,Average,8.0,2.0,No,Low,0,1799.0,65.4,4.0,2,1,0,0,2
59.0,Male,152.1,90.2,39.0,3-5 times/week,Average,6.6,4.0,No,High,0,2659.0,97.4,4.0,2,3,0,0,0
18.0,Female,159.6,38.2,15.0,Daily,Excellent,8.1,1.0,No,Low,0,1750.0,42.8,7.0,4,1,0,0,1
51.0,Female,165.3,75.1,27.5,3-5 times/week,Good,7.8,7.0,No,High,1,2293.0,61.5,4.0,3,3,0,1,1
62.0,Female,149.5,73.1,32.7,3-5 times/week,Poor,6.4,9.0,No,High,0,2479.0,104.6,4.0,1,3,0,0,1
41.0,Male,171.5,76.5,26.0,Daily,Average,8.0,9.0,No,Low,0,2853.0,97.0,7.0,2,1,0,0,0
63.0,Female,157.1,67.4,27.3,3-5 times/week,Poor,7.5,3.0,Yes,Low,0,2293.0,97.9,4.0,1,1,1,0,1
37.0,Male,170.2,94.1,32.5,3-5 times/week,Excellent,6.5,9.0,No,Low,1,1885.0,47.9,4.0,4,1,0,1,0
53.0,Male,191.8,123.2,33.5,1-2 times/week,Poor,6.8,6.0,No,High,0,3011.0,129.8,1.5,1,3,0,0,0
66.0,Female,167.5,85.0,30.3,3-5 times/week,Good,5.6,10.0,No,High,0,2108.0,67.7,4.0,3,3,0,0,1
48.0,Female,149.8,56.3,25.1,3-5 times/week,Good,8.0,1.0,No,Low,0,1696.0,62.2,4.0,3,1,0,0,1
26.0,Other,170.3,81.2,28.0,Daily,Average,7.4,1.0,Yes,High,0,3114.0,109.7,7.0,2,3,1,0,2
45.0,Female,162.7,57.2,21.6,3-5 times/week,Average,5.3,4.0,Yes,Low,0,1898.0,47.6,4.0,2,1,1,0,1
61.0,Male,176.1,71.9,23.2,3-5 times/week,Poor,4.0,6.0,No,Low,0,3301.0,151.9,4.0,1,1,0,0,0
46.0,Other,165.0,66.2,24.3,1-2 times/week,Good,4.8,2.0,Yes,High,0,2454.0,57.9,1.5,3,3,1,0,2
40.0,Other,178.3,108.7,34.2,3-5 times/week,Average,4.3,2.0,No,High,0,3154.0,117.2,4.0,2,3,0,0,2
69.0,Female,163.1,85.7,32.2,3-5 times/week,Average,7.5,3.0,No,High,0,2243.0,86.2,4.0,2,3,0,0,1
47.0,Female,158.2,85.1,34.0,3-5 times/week,Average,5.6,8.0,Yes,Low,0,2302.0,75.1,4.0,2,1,1,0,1
69.0,Female,155.0,60.8,25.3,Daily,Average,6.8,8.0,Yes,Low,0,2215.0,74.0,7.0,2,1,1,0,1
69.0,Other,167.0,85.9,30.8,1-2 times/week,Good,7.3,2.0,No,High,0,2426.0,72.6,1.5,3,3,0,0,2
41.0,Other,159.0,75.8,30.0,1-2 times/week,Excellent,7.8,6.0,No,High,1,1775.0,43.1,1.5,4,3,0,1,2
64.0,Female,166.9,94.4,33.9,3-5 times/week,Poor,9.5,7.0,Yes,Moderate,0,2150.0,92.4,4.0,1,2,1,0,1
28.0,Other,167.8,90.7,32.2,3-5 times/week,Good,6.9,8.0,No,Low,0,2132.0,50.7,4.0,3,1,0,0,2
45.0,Other,168.6,58.0,20.4,3-5 times/week,Excellent,7.4,6.0,Yes,Low,0,1458.0,31.2,4.0,4,1,1,0,2
20.0,Male,169.0,80.3,28.1,1-2 times/week,Poor,6.3,2.0,Yes,Low,1,3053.0,123.7,1.5,1,1,1,1,0
65.0,Other,172.2,100.2,33.8,1-2 times/week,Good,7.0,1.0,Yes,High,1,3013.0,88.9,1.5,3,3,1,1,2
27.0,Male,171.8,90.0,30.5,3-5 times/week,Average,5.5,1.0,No,High,0,2910.0,103.5,4.0,2,3,0,0,0
57.0,Male,163.4,108.7,40.7,3-5 times/week,Excellent,8.5,4.0,No,High,1,2786.0,69.3,4.0,4,3,0,1,0
25.0,Female,178.0,133.4,42.1,1-2 times/week,Average,7.9,5.0,No,Low,0,2835.0,101.2,1.5,2,1,0,0,1
18.0,Male,172.6,98.3,33.0,3-5 times/week,Average,6.6,1.0,No,Low,1,2495.0,86.0,4.0,2,1,0,1,0
62.0,Male,180.3,104.0,32.0,1-2 times/week,Good,7.2,1.0,Yes,High,0,2740.0,67.8,1.5,3,3,1,0,0
52.0,Male,171.6,81.0,27.5,1-2 times/week,Poor,7.8,4.0,No,Low,0,3546.0,146.7,1.5,1,1,0,0,0
53.0,Other,174.7,102.2,33.5,3-5 times/week,Average,5.3,6.0,No,Low,0,2107.0,74.8,4.0,2,1,0,0,2
27.0,Male,171.1,87.8,30.0,3-5 times/week,Average,5.2,1.0,Yes,Low,0,3114.0,102.2,4.0,2,1,1,0,0
23.0,Other,190.1,97.6,27.0,3-5 times/week,Good,7.0,7.0,No,Low,0,2483.0,73.5,4.0,3,1,0,0,2
68.0,Male,179.4,63.4,19.7,3-5 times/week,Good,7.8,4.0,No,Moderate,0,2645.0,77.2,4.0,3,2,0,0,0
69.0,Male,173.2,108.9,36.3,3-5 times/week,Poor,7.0,6.0,No,Moderate,1,2651.0,103.8,4.0,1,2,0,1,0
41.0,Other,161.6,63.7,24.4,3-5 times/week,Good,8.1,1.0,Yes,Low,0,1827.0,59.7,4.0,3,1,1,0,2
63.0,Female,159.9,65.5,25.6,3-5 times/week,Good,7.9,1.0,No,Moderate,0,1788.0,55.7,4.0,3,2,0,0,1
64.0,Other,174.1,68.5,22.6,3-5 times/week,Good,7.0,9.0,No,Moderate,0,2048.0,64.4,4.0,3,2,0,0,2
32.0,Female,155.7,84.6,34.9,3-5 times/week,Excellent,6.6,4.0,No,High,0,2198.0,52.0,4.0,4,3,0,0,1
51.0,Other,158.1,78.5,31.4,Daily,Poor,7.7,4.0,No,Low,0,3535.0,154.3,7.0,1,1,0,0,2
54.0,Other,172.2,78.9,26.6,3-5 times/week,Poor,9.4,2.0,Yes,High,0,2576.0,115.1,4.0,1,3,1,0,2
56.0,Female,178.0,56.4,17.8,Daily,Excellent,5.0,2.0,No,Low,1,2294.0,46.4,7.0,4,1,0,1,1
33.0,Other,172.1,56.6,19.1,Daily,Poor,6.0,5.0,No,Low,1,3547.0,159.9,7.0,1,1,0,1,2
40.0,Other,161.7,70.9,27.1,1-2 times/week,Good,6.9,1.0,Yes,Low,0,2088.0,63.6,1.5,3,1,1,0,2
36.0,Female,158.8,63.0,25.0,Daily,Excellent,6.0,9.0,No,Low,0,1831.0,35.7,7.0,4,1,0,0,1
25.0,Male,177.9,81.0,25.6,3-5 times/week,Average,9.2,7.0,No,Low,0,3171.0,110.4,4.0,2,1,0,0,0
44.0,Female,147.7,63.7,29.2,Daily,Average,5.9,10.0,No,Low,1,1967.0,72.5,7.0,2,1,0,1,1
43.0,Female,162.0,97.4,37.1,3-5 times/week,Average,7.0,9.0,Yes,Low,0,2589.0,96.7,4.0,2,1,1,0,1
43.0,Male,173.7,117.1,38.8,3-5 times/week,Average,5.9,10.0,Yes,Low,0,2530.0,91.2,4.0,2,1,1,0,0
35.0,Other,172.3,76.6,25.8,1-2 times/week,Average,6.3,7.0,No,Low,0,2378.0,88.7,1.5,2,1,0,0,2
45.0,Male,165.4,84.8,31.0,Daily,Good,6.1,9.0,No,Low,0,2451.0,74.1,7.0,3,1,0,0,0
28.0,Female,152.6,54.3,23.3,1-2 times/week,Good,7.7,4.0,No,Low,0,2068.0,53.3,1.5,3,1,0,0,1
29.0,Other,166.5,41.9,15.1,1-2 times/week,Good,7.6,1.0,No,Low,0,1982.0,49.4,1.5,3,1,0,0,2
45.0,Male,182.0,65.9,19.9,1-2 times/week,Good,7.2,9.0,Yes,Low,0,2020.0,60.7,1.5,3,1,1,0,0
24.0,Male,170.7,64.7,22.2,3-5 times/week,Good,7.7,8.0,No,Low,0,2806.0,87.6,4.0,3,1,0,0,0
44.0,Other,175.3,101.4,33.0,3-5 times/week,Average,7.0,1.0,No,High,0,2615.0,86.8,4.0,2,3,0,0,2
55.0,Male,163.4,71.0,26.6,1-2 times/week,Excellent,10.0,10.0,No,Low,0,1951.0,45.5,1.5,4,1,0,0,0
49.0,Male,172.2,91.0,30.7,Daily,Poor,5.1,2.0,No,Moderate,0,3311.0,148.7,7.0,1,2,0,0,0
28.0,Other,169.6,93.5,32.5,1-2 times/week,Excellent,9.0,4.0,No,High,0,2042.0,46.5,1.5,4,3,0,0,2
19.0,Other,161.6,72.3,27.7,3-5 times/week,Poor,7.4,7.0,No,Moderate,0,2705.0,122.4,4.0,1,2,0,0,2
23.0,Female,159.7,43.4,17.0,Daily,Excellent,7.9,6.0,No,Low,0,2175.0,46.7,7.0,4,1,0,0,1
40.0,Male,163.0,82.4,31.0,3-5 times/week,Good,6.8,5.0,Yes,High,0,3102.0,89.0,4.0,3,3,1,0,0
30.0,Other,174.5,93.2,30.6,1-2 times/week,Poor,9.6,7.0,No,Low,0,3521.0,153.9,1.5,1,1,0,0,2
43.0,Female,156.9,66.0,26.8,3-5 times/week,Average,5.2,6.0,No,High,1,2215.0,65.2,4.0,2,3,0,1,1
46.0,Female,165.2,69.0,25.3,3-5 times/week,Poor,6.8,6.0,No,Low,0,2303.0,102.5,4.0,1,1,0,0,1
56.0,Female,162.7,76.8,29.0,3-5 times/week,Average,6.1,10.0,No,Low,1,2281.0,88.3,4.0,2,1,0,1,1
39.0,Other,178.3,114.4,36.0,1-2 times/week,Poor,7.9,3.0,Yes,Low,0,2935.0,123.4,1.5,1,1,1,0,2
36.0,Female,163.2,78.6,29.5,3-5 times/week,Excellent,6.3,6.0,No,None,0,1494.0,32.3,4.0,4,0,0,0,1
57.0,Other,177.1,68.1,21.7,3-5 times/week,Average,8.2,4.0,No,Low,0,2806.0,101.0,4.0,2,1,0,0,2
31.0,Male,177.6,108.2,34.3,1-2 times/week,Poor,6.7,6.0,Yes,High,0,3534.0,156.8,1.5,1,3,1,0,0
54.0,Other,157.2,102.6,41.5,3-5 times/week,Poor,5.7,7.0,No,Moderate,0,2870.0,134.0,4.0,1,2,0,0,2
69.0,Female,167.8,80.5,28.6,Daily,Poor,6.0,4.0,No,High,1,3176.0,126.6,7.0,1,3,0,1,1
35.0,Other,156.5,52.4,21.4,Daily,Poor,7.9,10.0,No,Low,0,2886.0,131.8,7.0,1,1,0,0,2
64.0,Other,151.2,60.8,26.6,3-5 times/week,Average,7.2,9.0,Yes,Low,0,2206.0,82.2,4.0,2,1,1,0,2
43.0,Other,172.4,77.3,26.0,3-5 times/week,Poor,9.1,6.0,No,Low,0,2483.0,103.7,4.0,1,1,0,0,2
60.0,Male,167.3,107.8,38.5,3-5 times/week,Poor,7.0,8.0,Yes,Low,1,3143.0,132.3,4.0,1,1,1,1,0
30.0,Female,165.4,51.7,18.9,1-2 times/week,Excellent,8.9,3.0,No,Low,0,2003.0,51.8,1.5,4,1,0,0,1
63.0,Male,178.8,74.8,23.4,1-2 times/week,Good,8.3,8.0,No,Low,0,2120.0,52.2,1.5,3,1,0,0,0
66.0,Female,163.3,64.5,24.2,3-5 times/week,Excellent,6.5,10.0,No,Low,0,1845.0,51.0,4.0,4,1,0,0,1
31.0,Male,188.8,62.0,17.4,3-5 times/week,Good,6.6,6.0,Yes,Low,0,2388.0,70.9,4.0,3,1,1,0,0
49.0,Male,163.2,54.6,20.5,3-5 times/week,Excellent,9.7,6.0,No,Low,0,2396.0,56.8,4.0,4,1,0,0,0
25.0,Female,162.4,81.5,30.9,Daily,Poor,9.2,4.0,Yes,Low,1,3625.0,161.8,7.0,1,1,1,1,1
40.0,Female,164.0,64.6,24.0,3-5 times/week,Excellent,8.5,5.0,Yes,Low,1,2419.0,65.8,4.0,4,1,1,1,1
30.0,Other,161.8,43.5,16.6,Daily,Excellent,6.7,2.0,No,Low,0,2033.0,51.6,7.0,4,1,0,0,2
24.0,Other,158.4,88.8,35.4,Daily,Average,6.8,7.0,No,Moderate,0,2836.0,95.2,7.0,2,2,0,0,2
66.0,Male,175.4,90.1,29.3,Daily,Good,4.8,6.0,No,Low,0,2427.0,65.4,7.0,3,1,0,0,0
38.0,Male,165.5,92.9,33.9,1-2 times/week,Poor,7.3,6.0,Yes,High,1,2896.0,124.2,1.5,1,3,1,1,0
58.0,Female,159.3,62.2,24.5,3-5 times/week,Average,7.8,1.0,Yes,Moderate,1,2194.0,78.1,4.0,2,2,1,1,1
58.0,Male,171.6,111.3,37.8,None,Average,7.0,5.0,Yes,High,0,3062.0,108.8,0.0,2,3,1,0,0
46.0,Male,174.3,59.5,19.6,1-2 times/week,Good,7.7,5.0,No,Low,1,1636.0,35.9,1.5,3,1,0,1,0
31.0,Other,172.1,96.3,32.5,3-5 times/week,Excellent,7.7,7.0,Yes,Low,0,2375.0,62.7,4.0,4,1,1,0,2
44.0,Other,158.6,38.5,15.3,Daily,Excellent,8.4,1.0,No,Moderate,0,2453.0,53.2,7.0,4,2,0,0,2
18.0,Other,161.9,109.6,41.8,1-2 times/week,Good,8.4,5.0,No,Moderate,1,2292.0,60.8,1.5,3,2,0,1,2
56.0,Female,158.5,71.6,28.5,3-5 times/week,Poor,8.0,6.0,Yes,Low,0,2280.0,96.6,4.0,1,1,1,0,1
48.0,Other,149.6,61.3,27.4,Daily,Good,7.0,1.0,No,High,0,3177.0,129.6,7.0,3,3,0,0,2
62.0,Female,159.9,76.7,30.0,3-5 times/week,Average,6.6,7.0,No,Low,0,2230.0,81.2,4.0,2,1,0,0,1
63.0,Female,153.4,84.0,35.7,3-5 times/week,Good,8.2,3.0,Yes,Moderate,0,1945.0,54.7,4.0,3,2,1,0,1
64.0,Other,165.1,85.6,31.4,3-5 times/week,Good,7.0,2.0,Yes,Moderate,0,2468.0,69.0,4.0,3,2,1,0,2
28.0,Other,157.4,83.2,33.6,3-5 times/week,Poor,8.2,8.0,No,Low,0,2924.0,118.8,4.0,1,1,0,0,2
64.0,Female,151.6,54.5,23.7,Daily,Good,9.2,9.0,No,Low,0,2403.0,73.1,7.0,3,1,0,0,1
47.0,Male,161.9,57.7,22.0,Daily,Average,9.5,7.0,No,Low,1,2504.0,80.6,7.0,2,1,0,1,0
27.0,Other,151.8,84.1,36.5,3-5 times/week,Average,7.0,2.0,No,Moderate,1,2593.0,103.3,4.0,2,2,0,1,2
32.0,Female,155.1,52.7,21.9,Daily,Average,7.2,9.0,No,Moderate,0,2740.0,100.3,7.0,2,2,0,0,1
25.0,Other,158.8,92.8,36.8,1-2 times/week,Good,6.8,9.0,No,High,1,2588.0,95.1,1.5,3,3,0,1,2
46.0,Other,165.2,86.0,31.5,3-5 times/week,Good,6.6,6.0,Yes,Low,1,1682.0,52.7,4.0,3,1,1,1,2
18.0,Other,167.3,76.7,27.4,3-5 times/week,Good,8.0,8.0,No,Low,0,2328.0,68.6,4.0,3,1,0,0,2
67.0,Other,162.4,89.4,33.9,1-2 times/week,Poor,6.6,8.0,Yes,Moderate,1,2570.0,98.9,1.5,1,2,1,1,2
60.0,Other,177.0,90.2,28.8,3-5 times/week,Excellent,5.6,10.0,No,High,0,2372.0,52.1,4.0,4,3,0,0,2
18.0,Other,173.7,72.7,24.1,Daily,Good,7.4,1.0,No,Low,0,2299.0,70.8,7.0,3,1,0,0,2
62.0,Other,164.3,96.4,35.7,1-2 times/week,Poor,11.0,7.0,No,Moderate,0,2304.0,98.7,1.5,1,2,0,0,2
40.0,Female,152.2,34.7,15.0,Daily,Excellent,6.1,6.0,No,Low,1,2080.0,45.4,7.0,4,1,0,1,1
40.0,Other,174.3,69.6,22.9,1-2 times/week,Good,7.2,6.0,No,High,0,2446.0,71.1,1.5,3,3,0,0,2
58.0,Other,155.7,46.8,19.3,1-2 times/week,Good,7.5,3.0,No,Low,0,1645.0,53.6,1.5,3,1,0,0,2
37.0,Female,157.3,55.2,22.3,3-5 times/week,Excellent,7.3,6.0,No,Moderate,0,1850.0,52.5,4.0,4,2,0,0,1
69.0,Female,159.5,98.7,38.8,3-5 times/week,Excellent,5.7,6.0,Yes,Low,0,2367.0,88.6,4.0,4,1,1,0,1
65.0,Other,166.0,71.1,25.8,3-5 times/week,Good,7.1,5.0,No,High,1,2025.0,52.0,4.0,3,3,0,1,2
19.0,Female,164.8,57.3,21.1,Daily,Good,6.0,7.0,No,Low,1,2525.0,70.6,7.0,3,1,0,1,1
33.0,Other,167.1,59.5,21.3,3-5 times/week,Good,6.4,5.0,No,Low,0,1991.0,65.8,4.0,3,1,0,0,2
52.0,Other,169.9,107.7,37.3,3-5 times/week,Average,6.5,1.0,No,Low,0,2906.0,102.8,4.0,2,1,0,0,2
62.0,Female,163.1,87.5,32.9,3-5 times/week,Excellent,6.8,9.0,No,Low,0,1899.0,45.5,4.0,4,1,0,0,1
53.0,Other,155.7,82.4,34.0,3-5 times/week,Good,9.0,4.0,Yes,Low,0,1788.0,54.5,4.0,3,1,1,0,2
48.0,Male,175.1,58.9,19.2,3-5 times/week,Excellent,6.8,1.0,No,Low,1,2276.0,41.0,4.0,4,1,0,1,0
62.0,Female,158.6,51.3,20.4,1-2 times/week,Good,7.0,8.0,No,Low,1,1470.0,36.8,1.5,3,1,0,1,1
38.0,Female,151.5,68.2,29.7,3-5 times/week,Poor,6.6,6.0,No,None,0,2362.0,106.2,4.0,1,0,0,0,1
18.0,Other,164.3,98.3,36.4,3-5 times/week,Excellent,5.4,4.0,Yes,Moderate,0,2047.0,51.4,4.0,4,2,1,0,2
36.0,Male,164.1,50.9,18.9,3-5 times/week,Good,7.1,2.0,No,Low,0,2879.0,99.5,4.0,3,1,0,0,0
34.0,Other,155.0,70.9,29.5,1-2 times/week,Excellent,6.8,5.0,No,Moderate,0,1855.0,41.7,1.5,4,2,0,0,2
48.0,Other,158.9,50.5,20.0,3-5 times/week,Excellent,8.1,9.0,No,Low,1,2074.0,58.8,4.0,4,1,0,1,2
29.0,Male,162.8,58.3,22.0,1-2 times/week,Average,7.1,6.0,No,High,0,2850.0,106.6,1.5,2,3,0,0,0
42.0,Male,175.2,69.7,22.7,3-5 times/week,Poor,9.0,7.0,No,Low,0,3221.0,137.7,4.0,1,1,0,0,0
63.0,Other,177.1,64.3,20.5,1-2 times/week,Good,7.0,6.0,No,Moderate,1,2085.0,59.5,1.5,3,2,0,1,2
45.0,Male,170.6,98.7,33.9,3-5 times/week,Poor,4.0,5.0,No,Low,0,2945.0,134.1,4.0,1,1,0,0,0
65.0,Female,154.4,80.3,33.7,3-5 times/week,Good,7.0,10.0,No,Low,0,1752.0,54.7,4.0,3,1,0,0,1
67.0,Other,157.6,52.7,21.2,3-5 times/week,Excellent,8.4,4.0,No,High,0,1887.0,44.2,4.0,4,3,0,0,2
29.0,Other,172.1,102.5,34.6,1-2 times/week,Good,8.3,8.0,No,High,0,2125.0,65.6,1.5,3,3,0,0,2
19.0,Male,180.5,86.7,26.6,3-5 times/week,Good,8.4,6.0,No,Low,0,2828.0,90.3,4.0,3,1,0,0,0
63.0,Other,192.8,122.7,33.0,1-2 times/week,Poor,7.0,6.0,No,High,0,2860.0,112.9,1.5,1,3,0,0,2
40.0,Male,173.5,101.1,33.6,1-2 times/week,Poor,5.6,10.0,No,Low,1,3122.0,128.5,1.5,1,1,0,1,0
57.0,Other,174.1,85.8,28.3,3-5 times/week,Good,5.6,1.0,No,Low,0,2145.0,65.2,4.0,3,1,0,0,2
44.0,Male,166.8,79.6,28.6,3-5 times/week,Average,8.1,7.0,Yes,Low,1,2249.0,87.1,4.0,2,1,1,1,0
56.0,Male,178.0,118.5,37.4,3-5 times/week,Poor,9.5,9.0,No,Moderate,0,2674.0,111.3,4.0,1,2,0,0,0
43.0,Female,164.3,83.7,31.0,1-2 times/week,Good,7.3,1.0,Yes,Moderate,0,1831.0,55.0,1.5,3,2,1,0,1
44.0,Other,154.4,51.7,21.7,1-2 times/week,Good,6.9,9.0,Yes,Low,1,2290.0,78.4,1.5,3,1,1,1,2
31.0,Other,161.6,77.6,29.7,3-5 times/week,Good,4.8,7.0,No,None,1,2299.0,57.9,4.0,3,0,0,1,2
26.0,Female,165.9,73.2,26.6,3-5 times/week,Excellent,8.0,3.0,No,Low,0,2087.0,50.2,4.0,4,1,0,0,1
30.0,Male,166.7,65.9,23.7,3-5 times/week,Good,7.0,8.0,No,Low,0,2805.0,98.2,4.0,3,1,0,0,0
66.0,Female,156.0,88.6,36.4,3-5 times/week,Poor,6.5,2.0,No,Moderate,0,2406.0,106.2,4.0,1,2,0,0,1
42.0,Male,180.0,107.9,33.3,1-2 times/week,Excellent,8.8,8.0,No,High,0,2383.0,50.7,1.5,4,3,0,0,0
47.0,Female,160.0,99.1,38.7,3-5 times/week,Good,8.0,10.0,No,Low,0,2374.0,106.1,4.0,3,1,0,0,1
39.0,Female,147.4,48.7,22.4,1-2 times/week,Good,7.6,1.0,No,High,1,1959.0,54.8,1.5,3,3,0,1,1
32.0,Other,161.5,67.6,25.9,3-5 times/week,Poor,5.2,7.0,Yes,Low,0,2289.0,97.2,4.0,1,1,1,0,2
25.0,Female,155.7,95.3,39.3,3-5 times/week,Poor,9.6,3.0,Yes,Low,1,2768.0,102.7,4.0,1,1,1,1,1
49.0,Female,181.1,121.7,37.1,3-5 times/week,Poor,7.0,3.0,Yes,High,1,3306.0,144.3,4.0,1,3,1,1,1
62.0,Other,161.4,93.0,35.7,3-5 times/week,Poor,5.8,1.0,No,Moderate,0,2476.0,100.1,4.0,1,2,0,0,2
30.0,Male,170.2,109.2,37.7,3-5 times/week,Poor,4.9,9.0,Yes,Low,0,3400.0,145.7,4.0,1,1,1,0,0
49.0,Other,162.9,75.9,28.6,3-5 times/week,Poor,9.1,8.0,No,Moderate,0,2743.0,117.3,4.0,1,2,0,0,2
23.0,Other,169.4,82.4,28.7,3-5 times/week,Good,7.7,9.0,No,High,1,2715.0,74.1,4.0,3,3,0,1,2
53.0,Female,158.1,75.2,30.1,3-5 times/week,Good,7.2,4.0,No,Moderate,0,1634.0,48.8,4.0,3,2,0,0,1
34.0,Other,161.8,83.2,31.8,3-5 times/week,Average,8.1,9.0,No,Low,0,2183.0,87.1,4.0,2,1,0,0,2
23.0,Other,161.3,51.5,19.8,Daily,Excellent,8.4,5.0,No,High,0,2775.0,76.7,7.0,4,3,0,0,2
66.0,Other,162.0,78.2,29.8,1-2 times/week,Poor,7.8,3.0,No,Low,0,2739.0,123.4,1.5,1,1,0,0,2
39.0,Female,171.3,77.8,26.5,Daily,Average,8.4,6.0,No,Low,0,2631.0,96.7,7.0,2,1,0,0,1
51.0,Other,166.2,107.5,38.9,3-5 times/week,Good,6.4,6.0,Yes,High,1,2882.0,90.6,4.0,3,3,1,1,2
52.0,Female,164.7,62.1,22.9,3-5 times/week,Excellent,5.6,2.0,No,Low,0,1826.0,45.1,4.0,4,1,0,0,1
50.0,Female,152.8,58.1,24.9,3-5 times/week,Good,6.4,7.0,No,Low,0,2153.0,67.1,4.0,3,1,0,0,1
44.0,Female,161.0,59.6,23.0,1-2 times/week,Good,9.0,9.0,No,Low,0,2348.0,108.1,1.5,3,1,0,0,1
41.0,Other,179.7,62.6,19.4,3-5 times/week,Good,6.5,2.0,Yes,Low,0,2479.0,56.2,4.0,3,1,1,0,2
56.0,Other,162.7,70.9,26.8,3-5 times/week,Average,5.7,8.0,Yes,Low,0,2429.0,78.4,4.0,2,1,1,0,2
47.0,Other,161.4,68.5,26.3,None,Poor,7.7,9.0,No,Low,0,2485.0,104.9,0.0,1,1,0,0,2
43.0,Other,168.7,67.7,23.8,3-5 times/week,Good,9.8,7.0,No,Low,0,2337.0,79.0,4.0,3,1,0,0,2
18.0,Other,160.1,70.0,27.3,3-5 times/week,Good,5.7,5.0,No,Low,1,2200.0,60.5,4.0,3,1,0,1,2
32.0,Other,167.2,48.6,17.4,3-5 times/week,Good,7.0,3.0,No,Low,0,2358.0,62.7,4.0,3,1,0,0,2
49.0,Other,149.8,43.5,19.4,Daily,Good,6.7,7.0,No,Moderate,0,1948.0,52.4,7.0,3,2,0,0,2
58.0,Male,176.3,83.3,26.8,3-5 times/week,Good,7.3,4.0,No,Low,0,2129.0,51.2,4.0,3,1,0,0,0
38.0,Male,169.3,108.6,37.9,3-5 times/week,Average,5.9,2.0,No,Low,0,2596.0,92.5,4.0,2,1,0,0,0
18.0,Other,162.3,39.5,15.0,3-5 times/week,Excellent,5.2,8.0,No,Low,0,2353.0,62.6,4.0,4,1,0,0,2
59.0,Male,170.2,66.0,22.8,3-5 times/week,Good,7.1,3.0,No,Moderate,0,2783.0,82.4,4.0,3,2,0,0,0
34.0,Female,152.7,49.2,21.1,Daily,Excellent,10.0,3.0,Yes,Low,1,1700.0,49.3,7.0,4,1,1,1,1
46.0,Female,163.3,90.4,33.9,3-5 times/week,Good,5.7,9.0,Yes,Low,0,2314.0,66.9,4.0,3,1,1,0,1
64.0,Female,148.8,39.9,18.0,Daily,Excellent,7.0,4.0,No,Moderate,0,1713.0,38.9,7.0,4,2,0,0,1
33.0,Female,157.6,65.8,26.5,3-5 times/week,Excellent,6.5,2.0,No,Low,0,2056.0,44.2,4.0,4,1,0,0,1
48.0,Other,172.9,63.1,21.1,Daily,Good,8.1,2.0,No,High,0,2742.0,74.4,7.0,3,3,0,0,2
45.0,Other,173.1,100.4,33.5,1-2 times/week,Poor,7.0,7.0,Yes,Moderate,0,3231.0,143.2,1.5,1,2,1,0,2
32.0,Female,157.4,55.5,22.4,3-5 times/week,Good,4.0,1.0,No,Low,1,1776.0,46.6,4.0,3,1,0,1,1
65.0,Male,165.2,68.0,24.9,3-5 times/week,Good,9.4,9.0,No,Low,0,2595.0,72.2,4.0,3,1,0,0,0
64.0,Other,156.5,92.1,37.6,1-2 times/week,Poor,5.2,6.0,Yes,High,0,2752.0,107.7,1.5,1,3,1,0,2
54.0,Female,158.8,55.2,21.9,3-5 times/week,Good,8.1,6.0,No,Moderate,0,2414.0,67.9,4.0,3,2,0,0,1
27.0,Male,174.0,80.5,26.6,1-2 times/week,Excellent,7.9,9.0,No,Low,0,2114.0,51.6,1.5,4,1,0,0,0
45.0,Female,162.5,39.6,15.0,3-5 times/week,Good,6.6,2.0,No,Low,0,2620.0,104.5,4.0,3,1,0,0,1
24.0,Female,177.1,89.1,28.4,3-5 times/week,Average,6.3,10.0,Yes,High,1,2927.0,92.5,4.0,2,3,1,1,1
64.0,Female,172.6,74.5,25.0,1-2 times/week,Good,7.0,8.0,No,Low,1,1732.0,58.3,1.5,3,1,0,1,1
58.0,Male,175.1,98.4,32.1,1-2 times/week,Good,7.0,10.0,No,High,1,2450.0,71.1,1.5,3,3,0,1,0
24.0,Female,160.4,55.1,21.4,3-5 times/week,Good,7.0,3.0,No,Moderate,0,2335.0,69.7,4.0,3,2,0,0,1
56.0,Other,167.1,113.4,40.6,1-2 times/week,Poor,6.5,1.0,Yes,Moderate,0,2519.0,99.4,1.5,1,2,1,0,2
48.0,Male,164.1,66.2,24.6,Daily,Excellent,5.4,9.0,No,Low,0,2454.0,63.5,7.0,4,1,0,0,0
43.0,Female,161.4,54.2,20.8,1-2 times/week,Excellent,7.2,9.0,No,Low,0,1613.0,32.9,1.5,4,1,0,0,1
49.0,Other,174.2,91.3,30.1,1-2 times/week,Poor,7.2,7.0,Yes,Moderate,0,3445.0,142.2,1.5,1,2,1,0,2
42.0,Male,169.3,106.1,37.0,1-2 times/week,Poor,7.8,2.0,No,Moderate,0,2473.0,113.7,1.5,1,2,0,0,0
30.0,Male,175.8,83.1,26.9,Daily,Good,7.5,8.0,No,Moderate,0,2969.0,84.4,7.0,3,2,0,0,0
46.0,Female,154.3,55.2,23.2,1-2 times/week,Good,8.8,8.0,No,Low,0,2275.0,72.5,1.5,3,1,0,0,1
30.0,Other,169.0,97.1,34.0,1-2 times/week,Average,8.4,10.0,No,Low,0,2054.0,76.7,1.5,2,1,0,0,2
61.0,Male,169.4,117.7,41.0,3-5 times/week,Poor,5.4,9.0,No,Moderate,0,3681.0,154.5,4.0,1,2,0,0,0
51.0,Female,167.1,74.3,26.6,3-5 times/week,Excellent,4.9,10.0,No,Moderate,0,2256.0,63.9,4.0,4,2,0,0,1
62.0,Male,169.1,61.5,21.5,Daily,Excellent,6.8,2.0,No,Low,0,2546.0,59.6,7.0,4,1,0,0,0
66.0,Male,167.0,70.8,25.4,3-5 times/week,Excellent,8.4,10.0,No,Moderate,0,2815.0,66.1,4.0,4,2,0,0,0
23.0,Female,145.0,49.6,23.6,Daily,Good,6.1,10.0,Yes,Low,0,2075.0,68.5,7.0,3,1,1,0,1
34.0,Male,180.5,106.9,32.8,Daily,Poor,6.1,4.0,Yes,High,0,3729.0,153.0,7.0,1,3,1,0,0
59.0,Other,160.4,61.7,24.0,3-5 times/week,Good,7.1,1.0,No,Low,1,1598.0,44.8,4.0,3,1,0,1,2
19.0,Male,171.1,78.5,26.8,Daily,Good,6.7,4.0,No,High,0,2943.0,84.5,7.0,3,3,0,0,0
28.0,Male,169.8,56.2,19.5,Daily,Excellent,9.6,3.0,No,High,0,2613.0,70.1,7.0,4,3,0,0,0
39.0,Other,162.5,68.4,25.9,3-5 times/week,Good,5.1,5.0,No,Low,0,3031.0,126.6,4.0,3,1,0,0,2
39.0,Female,163.4,91.6,34.3,3-5 times/week,Average,7.2,8.0,Yes,Low,1,1833.0,56.2,4.0,2,1,1,1,1
43.0,Female,155.4,36.2,15.0,Daily,Average,5.6,3.0,No,High,0,1873.0,46.0,7.0,2,3,0,0,1
67.0,Other,162.9,69.3,26.1,Daily,Good,6.8,2.0,Yes,Low,0,2318.0,68.2,7.0,3,1,1,0,2
30.0,Other,171.7,80.2,27.2,Daily,Poor,5.7,2.0,No,Low,0,3239.0,133.0,7.0,1,1,0,0,2
59.0,Other,165.9,68.8,25.0,3-5 times/week,Excellent,7.2,3.0,Yes,Low,0,2147.0,51.2,4.0,4,1,1,0,2
31.0,Other,171.4,72.0,24.5,Daily,Poor,5.8,7.0,No,Low,0,3227.0,140.5,7.0,1,1,0,0,2
25.0,Male,171.8,82.3,27.9,1-2 times/week,Good,7.8,7.0,No,Low,0,2870.0,80.1,1.5,3,1,0,0,0
52.0,Female,150.8,34.3,15.1,3-5 times/week,Average,8.2,4.0,No,Low,0,2322.0,78.5,4.0,2,1,0,0,1
61.0,Female,160.7,51.9,20.1,3-5 times/week,Poor,8.8,1.0,No,Low,0,2691.0,115.6,4.0,1,1,0,0,1
64.0,Male,163.6,56.2,21.0,3-5 times/week,Excellent,7.0,4.0,No,High,0,2255.0,51.0,4.0,4,3,0,0,0
49.0,Male,176.7,69.6,22.3,3-5 times/week,Average,7.9,3.0,No,Low,1,2370.0,91.2,4.0,2,1,0,1,0
19.0,Other,167.9,119.8,42.5,1-2 times/week,Poor,7.8,5.0,No,High,0,3355.0,143.7,1.5,1,3,0,0,2
46.0,Male,160.0,96.0,37.5,3-5 times/week,Average,8.7,8.0,No,Low,0,2261.0,78.0,4.0,2,1,0,0,0
18.0,Other,180.7,84.9,26.0,1-2 times/week,Good,7.1,9.0,No,Low,0,2289.0,73.2,1.5,3,1,0,0,2
18.0,Male,169.0,86.0,30.1,Daily,Good,8.9,3.0,No,Low,0,3375.0,137.2,7.0,3,1,0,0,0
48.0,Female,152.4,34.8,15.0,3-5 times/week,Excellent,8.0,9.0,No,Low,0,1625.0,44.6,4.0,4,1,0,0,1
35.0,Female,171.9,70.0,23.7,1-2 times/week,Good,8.7,2.0,Yes,Low,0,2109.0,58.6,1.5,3,1,1,0,1
63.0,Male,181.1,97.4,29.7,3-5 times/week,Excellent,8.2,4.0,Yes,Low,0,2046.0,51.3,4.0,4,1,1,0,0
21.0,Male,164.0,83.6,31.1,3-5 times/week,Good,4.0,3.0,No,Low,1,2996.0,131.3,4.0,3,1,0,1,0
47.0,Other,183.1,82.8,24.7,3-5 times/week,Average,8.0,3.0,Yes,Low,0,2399.0,81.1,4.0,2,1,1,0,2
27.0,Other,164.9,60.1,22.1,1-2 times/week,Average,6.5,5.0,No,High,1,2503.0,97.8,1.5,2,3,0,1,2
34.0,Male,162.7,93.2,35.2,3-5 times/week,Poor,6.1,2.0,Yes,Low,0,2565.0,108.3,4.0,1,1,1,0,0
39.0,Female,154.6,60.0,25.1,3-5 times/week,Average,4.9,10.0,Yes,Low,0,2023.0,75.8,4.0,2,1,1,0,1
58.0,Other,174.0,108.7,35.9,Daily,Good,5.6,6.0,No,Low,0,2515.0,70.6,7.0,3,1,0,0,2
35.0,Male,183.0,78.7,23.5,3-5 times/week,Excellent,6.5,4.0,No,High,0,2659.0,69.2,4.0,4,3,0,0,0
54.0,Female,153.5,46.4,19.7,3-5 times/week,Excellent,7.0,5.0,No,Low,0,1799.0,39.1,4.0,4,1,0,0,1
50.0,Male,172.5,98.2,33.0,3-5 times/week,Good,5.7,10.0,Yes,Low,0,2685.0,71.7,4.0,3,1,1,0,0
66.0,Male,182.9,107.7,32.2,3-5 times/week,Average,8.1,10.0,Yes,Low,0,2140.0,78.2,4.0,2,1,1,0,0
44.0,Female,158.9,58.8,23.3,3-5 times/week,Average,8.0,4.0,Yes,Moderate,0,2231.0,81.6,4.0,2,2,1,0,1
22.0,Other,178.1,129.1,40.7,3-5 times/week,Poor,9.5,8.0,Yes,Low,1,3547.0,153.8,4.0,1,1,1,1,2
22.0,Other,170.5,60.2,20.7,3-5 times/week,Excellent,7.4,9.0,No,Low,0,2690.0,54.7,4.0,4,1,0,0,2
30.0,Other,166.4,51.8,18.7,Daily,Excellent,7.3,2.0,Yes,Low,0,1998.0,53.6,7.0,4,1,1,0,2
53.0,Other,185.5,62.6,18.2,Daily,Good,8.8,4.0,Yes,Moderate,0,2181.0,61.3,7.0,3,2,1,0,2
41.0,Male,178.8,68.4,21.4,1-2 times/week,Good,7.5,1.0,Yes,Low,1,2136.0,61.7,1.5,3,1,1,1,0
59.0,Other,166.9,96.7,34.7,3-5 times/week,Good,5.7,5.0,Yes,Moderate,0,2404.0,79.6,4.0,3,2,1,0,2
56.0,Male,152.7,88.1,37.8,3-5 times/week,Good,5.9,8.0,Yes,Low,1,3182.0,140.8,4.0,3,1,1,1,0
57.0,Male,176.7,98.7,31.6,Daily,Poor,7.9,2.0,No,Low,1,3473.0,146.0,7.0,1,1,0,1,0
47.0,Female,162.2,88.9,33.8,1-2 times/week,Good,5.7,2.0,Yes,Low,0,2352.0,103.8,1.5,3,1,1,0,1
51.0,Male,168.4,102.4,36.1,3-5 times/week,Poor,6.1,10.0,No,Low,0,3045.0,130.0,4.0,1,1,0,0,0
47.0,Female,168.8,70.1,24.6,3-5 times/week,Good,6.8,1.0,No,High,0,2722.0,75.6,4.0,3,3,0,0,1
36.0,Other,180.4,78.1,24.0,3-5 times/week,Excellent,7.4,7.0,No,Moderate,0,2067.0,42.3,4.0,4,2,0,0,2
35.0,Other,158.4,76.5,30.5,3-5 times/week,Poor,7.5,6.0,No,High,0,3226.0,124.6,4.0,1,3,0,0,2
33.0,Other,163.4,71.8,26.9,3-5 times/week,Good,6.1,6.0,No,Low,0,2354.0,68.0,4.0,3,1,0,0,2
54.0,Male,150.2,71.1,31.5,1-2 times/week,Good,6.9,5.0,Yes,Moderate,1,1995.0,68.0,1.5,3,2,1,1,0
56.0,Male,158.1,87.0,34.8,3-5 times/week,Average,7.5,7.0,Yes,Low,1,2301.0,78.8,4.0,2,1,1,1,0
58.0,Female,168.0,70.8,25.1,Daily,Good,7.7,4.0,No,Moderate,0,2712.0,88.7,7.0,3,2,0,0,1
23.0,Other,146.7,41.5,19.3,3-5 times/week,Average,7.5,4.0,No,Low,0,2385.0,89.1,4.0,2,1,0,0,2
37.0,Female,163.9,79.5,29.6,3-5 times/week,Poor,8.4,8.0,Yes,Low,0,2000.0,88.2,4.0,1,1,1,0,1
39.0,Female,160.1,64.3,25.1,1-2 times/week,Good,7.2,6.0,No,High,0,2073.0,65.5,1.5,3,3,0,0,1
56.0,Male,175.0,119.1,38.9,1-2 times/week,Poor,7.2,5.0,No,High,0,3222.0,136.0,1.5,1,3,0,0,0
48.0,Other,173.3,45.3,15.1,1-2 times/week,Excellent,7.7,6.0,No,Low,0,2000.0,46.5,1.5,4,1,0,0,2
59.0,Other,169.2,95.0,33.2,1-2 times/week,Average,4.5,9.0,No,High,1,2724.0,92.8,1.5,2,3,0,1,2
33.0,Other,175.1,101.5,33.1,3-5 times/week,Poor,7.2,9.0,No,Moderate,0,2777.0,117.6,4.0,1,2,0,0,2
59.0,Other,164.4,51.4,19.0,1-2 times/week,Excellent,6.4,1.0,No,High,0,2298.0,51.7,1.5,4,3,0,0,2
43.0,Female,161.4,74.2,28.5,3-5 times/week,Excellent,5.5,1.0,Yes,Low,0,1990.0,46.2,4.0,4,1,1,0,1
55.0,Other,170.5,86.9,29.9,3-5 times/week,Average,9.0,1.0,Yes,Low,1,2282.0,85.5,4.0,2,1,1,1,2
33.0,Male,183.1,105.3,31.4,None,Excellent,4.6,6.0,No,Low,0,1961.0,55.9,0.0,4,1,0,0,0
29.0,Female,162.1,93.3,35.5,3-5 times/week,Average,5.5,10.0,Yes,Low,0,2559.0,98.5,4.0,2,1,1,0,1
40.0,Male,161.6,56.4,21.6,Daily,Excellent,6.9,6.0,No,High,0,2328.0,62.0,7.0,4,3,0,0,0
29.0,Other,168.3,70.0,24.7,3-5 times/week,Excellent,7.7,5.0,No,Low,1,1930.0,46.4,4.0,4,1,0,1,2
46.0,Other,168.4,85.6,30.2,1-2 times/week,Good,3.0,9.0,Yes,Moderate,0,2512.0,74.9,1.5,3,2,1,0,2
36.0,Female,162.5,75.3,28.5,3-5 times/week,Average,8.0,2.0,Yes,Moderate,0,2381.0,82.3,4.0,2,2,1,0,1
35.0,Female,155.2,70.6,29.3,1-2 times/week,Good,8.7,9.0,No,Moderate,0,1802.0,51.0,1.5,3,2,0,0,1
60.0,Male,175.2,81.3,26.5,1-2 times/week,Good,8.4,6.0,No,High,0,2482.0,86.2,1.5,3,3,0,0,0
59.0,Other,159.0,96.6,38.2,1-2 times/week,Average,5.5,6.0,Yes,Moderate,1,2375.0,87.1,1.5,2,2,1,1,2
31.0,Male,176.7,65.6,21.0,Daily,Average,8.6,5.0,No,Moderate,1,3189.0,122.0,7.0,2,2,0,1,0
25.0,Other,169.4,109.3,38.1,3-5 times/week,Poor,6.0,8.0,Yes,Moderate,1,3484.0,152.3,4.0,1,2,1,1,2
18.0,Female,152.5,56.0,24.1,3-5 times/week,Poor,7.4,6.0,No,High,0,2680.0,100.1,4.0,1,3,0,0,1
53.0,Female,169.4,111.6,38.9,3-5 times/week,Poor,6.8,8.0,Yes,Moderate,1,2401.0,109.3,4.0,1,2,1,1,1
62.0,Female,166.7,85.0,30.6,1-2 times/week,Average,5.9,3.0,No,Moderate,1,2284.0,80.7,1.5,2,2,0,1,1
36.0,Female,165.0,77.3,28.4,3-5 times/week,Excellent,7.7,2.0,No,High,0,2685.0,66.9,4.0,4,3,0,0,1
46.0,Male,169.4,73.2,25.5,3-5 times/week,Poor,6.2,6.0,No,Moderate,1,1994.0,41.1,4.0,1,2,0,1,0
34.0,Male,184.5,131.7,38.7,3-5 times/week,Average,7.0,2.0,No,Moderate,0,2920.0,90.6,4.0,2,2,0,0,0
61.0,Male,161.7,45.2,17.3,3-5 times/week,Excellent,7.5,2.0,Yes,Moderate,0,1557.0,40.2,4.0,4,2,1,0,0
67.0,Female,157.8,59.8,24.0,3-5 times/week,Excellent,6.1,1.0,No,Low,1,1200.0,35.0,4.0,4,1,0,1,1
44.0,Other,158.1,62.0,24.8,3-5 times/week,Good,6.6,1.0,No,Low,0,2674.0,67.0,4.0,3,1,0,0,2
30.0,Other,155.1,75.1,31.2,3-5 times/week,Average,6.1,9.0,No,Low,1,2319.0,77.4,4.0,2,1,0,1,2
55.0,Other,170.1,68.6,23.7,Daily,Good,8.0,2.0,No,Low,0,2947.0,135.6,7.0,3,1,0,0,2
45.0,Female,154.0,61.0,25.7,1-2 times/week,Good,7.0,6.0,No,Moderate,0,2224.0,61.5,1.5,3,2,0,0,1
58.0,Other,155.4,66.7,27.6,1-2 times/week,Good,6.2,8.0,Yes,Low,0,1912.0,56.4,1.5,3,1,1,0,2
29.0,Male,174.2,82.2,27.1,3-5 times/week,Good,9.1,3.0,Yes,Low,0,2251.0,70.0,4.0,3,1,1,0,0
31.0,Other,171.6,71.8,24.4,3-5 times/week,Excellent,7.9,2.0,No,Low,0,3042.0,122.5,4.0,4,1,0,0,2
30.0,Other,159.1,57.7,22.8,3-5 times/week,Excellent,5.3,6.0,Yes,Low,1,1658.0,36.1,4.0,4,1,1,1,2
53.0,Female,153.9,53.1,22.4,1-2 times/week,Excellent,6.0,4.0,Yes,Low,0,1436.0,41.1,1.5,4,1,1,0,1
35.0,Female,152.5,63.0,27.1,3-5 times/week,Poor,7.0,9.0,No,Low,1,2882.0,120.6,4.0,1,1,0,1,1
57.0,Female,164.4,97.8,36.2,Daily,Poor,5.6,5.0,No,Low,0,3157.0,138.6,7.0,1,1,0,0,1
57.0,Male,173.4,96.2,32.0,3-5 times/week,Good,6.7,6.0,No,Low,0,2180.0,61.0,4.0,3,1,0,0,0
62.0,Female,163.7,40.2,15.0,Daily,Excellent,8.5,2.0,No,Low,0,1973.0,45.0,7.0,4,1,0,0,1
54.0,Other,167.3,83.7,29.9,3-5 times/week,Good,6.4,8.0,No,High,0,1833.0,48.1,4.0,3,3,0,0,2
20.0,Other,162.4,52.5,19.9,3-5 times/week,Average,5.4,5.0,Yes,Low,0,2689.0,84.3,4.0,2,1,1,0,2
41.0,Male,169.4,94.4,32.9,1-2 times/week,Excellent,8.1,10.0,No,Moderate,1,2653.0,65.4,1.5,4,2,0,1,0
69.0,Other,152.8,73.3,31.4,3-5 times/week,Good,6.5,6.0,Yes,Low,0,1879.0,48.7,4.0,3,1,1,0,2
39.0,Male,165.5,84.6,30.9,3-5 times/week,Poor,7.0,3.0,No,Moderate,1,3008.0,131.8,4.0,1,2,0,1,0
44.0,Male,158.9,76.8,30.4,1-2 times/week,Average,6.6,2.0,Yes,Moderate,0,2636.0,94.3,1.5,2,2,1,0,0
25.0,Male,167.0,72.0,25.8,1-2 times/week,Good,5.9,9.0,No,Low,0,2424.0,67.8,1.5,3,1,0,0,0
28.0,Other,164.6,81.6,30.1,Daily,Poor,6.9,10.0,Yes,Low,0,2726.0,121.0,7.0,1,1,1,0,2
59.0,Other,155.0,60.5,25.2,Daily,Average,6.4,4.0,No,High,0,2907.0,120.2,7.0,2,3,0,0,2
20.0,Other,158.1,61.7,24.7,None,Average,6.2,2.0,No,High,0,2537.0,92.3,0.0,2,3,0,0,2
23.0,Other,161.7,95.4,36.5,3-5 times/week,Average,8.5,6.0,No,High,0,2329.0,81.1,4.0,2,3,0,0,2
55.0,Male,184.1,87.1,25.7,1-2 times/week,Excellent,8.0,5.0,Yes,Low,0,2585.0,69.6,1.5,4,1,1,0,0
56.0,Female,168.2,82.9,29.3,3-5 times/week,Poor,6.3,1.0,Yes,Low,1,2924.0,121.0,4.0,1,1,1,1,1
19.0,Other,167.5,74.3,26.5,3-5 times/week,Poor,6.8,7.0,Yes,Moderate,0,3090.0,131.8,4.0,1,2,1,0,2
32.0,Male,168.4,43.7,15.4,3-5 times/week,Excellent,7.3,3.0,No,Low,0,2039.0,48.4,4.0,4,1,0,0,0
39.0,Female,165.7,82.6,30.1,3-5 times/week,Poor,6.4,9.0,Yes,Low,0,2338.0,96.9,4.0,1,1,1,0,1
19.0,Male,164.8,82.3,30.3,3-5 times/week,Poor,6.2,9.0,Yes,Low,0,3074.0,127.2,4.0,1,1,1,0,0
34.0,Male,176.1,89.3,28.8,1-2 times/week,Good,4.0,7.0,No,Low,0,2631.0,80.5,1.5,3,1,0,0,0
59.0,Other,164.7,104.2,38.4,Daily,Poor,5.7,10.0,Yes,Low,0,3053.0,125.0,7.0,1,1,1,0,2
57.0,Other,165.5,63.8,23.3,1-2 times/week,Average,7.3,6.0,No,Moderate,1,2294.0,80.2,1.5,2,2,0,1,2
31.0,Female,164.6,74.0,27.3,1-2 times/week,Excellent,6.7,8.0,No,Low,0,2203.0,41.2,1.5,4,1,0,0,1
37.0,Other,167.3,55.7,19.9,3-5 times/week,Excellent,6.0,4.0,No,Moderate,0,2473.0,67.1,4.0,4,2,0,0,2
43.0,Other,151.0,69.3,30.4,3-5 times/week,Average,5.3,10.0,No,Low,0,2865.0,114.4,4.0,2,1,0,0,2
44.0,Female,164.5,86.6,32.0,1-2 times/week,Good,9.0,2.0,No,Moderate,0,2091.0,68.0,1.5,3,2,0,0,1
58.0,Male,164.1,85.9,31.9,3-5 times/week,Good,8.0,10.0,No,Low,0,2184.0,72.6,4.0,3,1,0,0,0
21.0,Male,172.2,72.9,24.6,Daily,Average,6.5,4.0,Yes,Low,1,4071.0,147.4,7.0,2,1,1,1,0
55.0,Other,160.5,68.0,26.4,Daily,Poor,5.6,7.0,No,Moderate,0,2345.0,103.6,7.0,1,2,0,0,2
53.0,Male,173.6,111.5,37.0,3-5 times/week,Average,8.5,8.0,No,Moderate,0,2460.0,92.8,4.0,2,2,0,0,0
45.0,Female,165.0,101.5,37.3,1-2 times/week,Good,7.9,10.0,No,Low,0,2024.0,61.1,1.5,3,1,0,0,1
32.0,Other,165.9,77.3,28.1,3-5 times/week,Average,9.4,7.0,Yes,Moderate,0,2356.0,74.3,4.0,2,2,1,0,2
21.0,Other,155.0,36.0,15.0,3-5 times/week,Good,6.4,6.0,No,High,0,1871.0,43.1,4.0,3,3,0,0,2
68.0,Female,160.8,71.4,27.6,Daily,Excellent,7.0,7.0,Yes,Low,0,1730.0,41.1,7.0,4,1,1,0,1
23.0,Female,156.0,73.5,30.2,Daily,Poor,8.3,6.0,Yes,Low,0,2620.0,113.4,7.0,1,1,1,0,1
47.0,Male,172.6,61.1,20.5,3-5 times/week,Good,6.7,4.0,No,Low,0,2391.0,77.0,4.0,3,1,0,0,0
69.0,Female,159.5,73.5,28.9,1-2 times/week,Excellent,5.5,9.0,No,Low,0,1874.0,45.2,1.5,4,1,0,0,1
47.0,Male,172.1,81.2,27.4,Daily,Poor,5.9,6.0,No,High,0,3360.0,156.4,7.0,1,3,0,0,0
18.0,Male,180.8,69.3,21.2,3-5 times/week,Excellent,8.1,3.0,Yes,High,0,2416.0,65.2,4.0,4,3,1,0,0
37.0,Female,156.9,57.4,23.3,3-5 times/week,Good,6.0,5.0,Yes,Low,0,1961.0,46.2,4.0,3,1,1,0,1
39.0,Female,154.0,68.3,28.8,3-5 times/week,Average,7.1,7.0,No,Low,1,2401.0,92.3,4.0,2,1,0,1,1
50.0,Male,166.9,78.0,28.0,3-5 times/week,Excellent,7.8,5.0,No,Low,0,2115.0,55.5,4.0,4,1,0,0,0
61.0,Male,169.2,75.6,26.4,3-5 times/week,Excellent,7.1,6.0,No,None,1,2376.0,57.5,4.0,4,0,0,1,0
68.0,Female,158.5,91.4,36.4,Daily,Poor,5.3,1.0,Yes,Moderate,1,2795.0,113.6,7.0,1,2,1,1,1
28.0,Male,172.6,89.4,30.0,Daily,Average,6.4,8.0,Yes,Low,0,3349.0,112.5,7.0,2,1,1,0,0
36.0,Male,180.3,81.6,25.1,Daily,Average,5.0,8.0,No,Moderate,0,2942.0,101.2,7.0,2,2,0,0,0
30.0,Other,169.9,71.6,24.8,Daily,Good,7.4,4.0,No,High,1,2996.0,76.3,7.0,3,3,0,1,2
63.0,Male,180.1,86.0,26.5,3-5 times/week,Good,5.2,10.0,No,Low,0,2356.0,71.1,4.0,3,1,0,0,0
28.0,Male,160.8,59.2,22.9,1-2 times/week,Average,7.0,6.0,No,High,0,3221.0,112.0,1.5,2,3,0,0,0
21.0,Other,157.9,37.4,15.0,3-5 times/week,Good,4.3,2.0,No,Low,0,2097.0,56.2,4.0,3,1,0,0,2
56.0,Female,157.2,86.7,35.1,3-5 times/week,Excellent,4.9,10.0,No,Low,0,1415.0,41.6,4.0,4,1,0,0,1
58.0,Male,173.2,96.3,32.1,Daily,Good,6.0,3.0,Yes,Moderate,0,2876.0,74.2,7.0,3,2,1,0,0
24.0,Other,154.6,94.6,39.6,3-5 times/week,Poor,4.9,5.0,No,High,1,3114.0,131.7,4.0,1,3,0,1,2
45.0,Male,180.2,99.4,30.6,1-2 times/week,Average,8.1,10.0,Yes,Moderate,0,3232.0,114.6,1.5,2,2,1,0,0
56.0,Female,167.7,87.7,31.2,1-2 times/week,Average,6.7,3.0,No,Moderate,0,2456.0,100.1,1.5,2,2,0,0,1
32.0,Female,157.2,65.0,26.3,3-5 times/week,Poor,6.0,6.0,No,Low,0,2592.0,111.3,4.0,1,1,0,0,1
34.0,Other,158.4,37.9,15.1,3-5 times/week,Excellent,7.4,3.0,No,High,0,2497.0,59.3,4.0,4,3,0,0,2
40.0,Female,165.9,81.7,29.7,1-2 times/week,Poor,8.7,9.0,No,Low,0,2875.0,107.7,1.5,1,1,0,0,1
30.0,Other,172.4,87.7,29.5,3-5 times/week,Poor,8.6,3.0,No,Moderate,0,2779.0,119.4,4.0,1,2,0,0,2
22.0,Other,159.5,65.6,25.8,3-5 times/week,Average,8.2,2.0,Yes,Low,0,2831.0,111.2,4.0,2,1,1,0,2
38.0,Female,157.2,80.6,32.6,3-5 times/week,Average,6.2,10.0,No,Moderate,0,1850.0,72.2,4.0,2,2,0,0,1
27.0,Other,158.5,82.1,32.7,3-5 times/week,Poor,8.8,3.0,Yes,Low,0,3248.0,128.4,4.0,1,1,1,0,2
41.0,Male,179.2,84.8,26.4,3-5 times/week,Good,7.9,4.0,No,None,0,2551.0,73.1,4.0,3,0,0,0,0
52.0,Other,171.0,79.8,27.3,3-5 times/week,Poor,4.9,2.0,No,Low,0,2951.0,129.9,4.0,1,1,0,0,2
64.0,Female,166.5,80.9,29.2,1-2 times/week,Poor,8.0,9.0,No,High,0,2758.0,121.0,1.5,1,3,0,0,1
54.0,Female,161.2,52.5,20.2,3-5 times/week,Excellent,8.0,2.0,Yes,Low,0,2009.0,46.4,4.0,4,1,1,0,1
40.0,Male,169.8,72.1,25.0,3-5 times/week,Good,7.3,1.0,No,Low,0,2431.0,76.8,4.0,3,1,0,0,0
69.0,Female,159.2,59.8,23.6,1-2 times/week,Excellent,7.0,6.0,No,High,0,1668.0,37.4,1.5,4,3,0,0,1
24.0,Male,171.8,90.6,30.7,3-5 times/week,Poor,5.1,6.0,No,Moderate,1,3182.0,128.8,4.0,1,2,0,1,0
33.0,Male,158.5,68.3,27.2,3-5 times/week,Good,7.5,10.0,No,Low,0,2536.0,104.4,4.0,3,1,0,0,0
61.0,Other,166.8,88.2,31.7,3-5 times/week,Poor,7.6,9.0,No,Low,0,2560.0,115.9,4.0,1,1,0,0,2
21.0,Other,170.1,74.6,25.8,1-2 times/week,Excellent,6.5,5.0,No,Moderate,0,2049.0,47.8,1.5,4,2,0,0,2
48.0,Female,163.3,80.5,30.2,3-5 times/week,Average,5.6,6.0,No,High,0,2077.0,76.6,4.0,2,3,0,0,1
54.0,Female,149.5,65.9,29.5,3-5 times/week,Poor,8.4,8.0,No,Low,0,2942.0,119.9,4.0,1,1,0,0,1
45.0,Female,170.3,95.4,32.9,1-2 times/week,Excellent,7.0,5.0,Yes,High,0,1746.0,40.2,1.5,4,3,1,0,1
27.0,Male,180.1,123.3,38.0,3-5 times/week,Average,5.9,8.0,No,High,0,3632.0,129.4,4.0,2,3,0,0,0
61.0,Male,177.0,68.9,22.0,Daily,Excellent,7.0,7.0,No,Low,0,2565.0,63.3,7.0,4,1,0,0,0
35.0,Male,178.6,102.1,32.0,3-5 times/week,Poor,4.0,6.0,Yes,Low,0,3792.0,160.2,4.0,1,1,1,0,0
27.0,Other,157.0,64.3,26.1,Daily,Average,7.3,1.0,Yes,Low,0,2461.0,86.3,7.0,2,1,1,0,2
61.0,Female,161.3,57.0,21.9,Daily,Poor,7.3,9.0,No,Low,0,2470.0,115.5,7.0,1,1,0,0,1
51.0,Female,160.2,72.6,28.3,3-5 times/week,Excellent,4.1,10.0,Yes,High,0,1954.0,41.4,4.0,4,3,1,0,1
62.0,Female,167.0,56.1,20.1,3-5 times/week,Good,7.7,6.0,No,None,0,2881.0,86.1,4.0,3,0,0,0,1
40.0,Other,169.4,43.0,15.0,3-5 times/week,Excellent,7.2,5.0,No,Low,0,2279.0,64.1,4.0,4,1,0,0,2
54.0,Other,158.2,101.4,40.5,3-5 times/week,Poor,5.6,1.0,Yes,Low,0,2444.0,98.5,4.0,1,1,1,0,2
39.0,Female,157.0,47.8,19.4,1-2 times/week,Excellent,6.4,4.0,No,Low,1,1877.0,47.3,1.5,4,1,0,1,1
31.0,Male,166.8,90.7,32.6,3-5 times/week,Poor,7.1,7.0,No,Moderate,0,2920.0,131.9,4.0,1,2,0,0,0
59.0,Male,171.2,116.1,39.6,3-5 times/week,Average,5.2,4.0,Yes,Low,0,2205.0,78.3,4.0,2,1,1,0,0
27.0,Female,148.5,44.1,20.0,Daily,Poor,6.8,6.0,No,Moderate,0,2944.0,111.4,7.0,1,2,0,0,1
62.0,Male,176.9,112.0,35.8,3-5 times/week,Good,6.3,7.0,No,Low,0,2708.0,74.2,4.0,3,1,0,0,0
39.0,Other,164.8,59.2,21.8,3-5 times/week,Good,7.8,7.0,Yes,Moderate,0,2813.0,83.8,4.0,3,2,1,0,2
34.0,Female,166.6,41.6,15.0,Daily,Average,7.4,6.0,No,Low,0,2299.0,83.7,7.0,2,1,0,0,1
55.0,Other,156.0,51.6,21.2,3-5 times/week,Good,8.9,6.0,No,Low,0,2060.0,45.5,4.0,3,1,0,0,2
44.0,Other,158.2,59.3,23.7,Daily,Average,6.0,4.0,Yes,High,0,2488.0,86.9,7.0,2,3,1,0,2
20.0,Other,157.8,69.5,27.9,Daily,Good,8.0,4.0,No,Low,0,2666.0,58.3,7.0,3,1,0,0,2
51.0,Female,161.1,77.1,29.7,Daily,Excellent,6.6,10.0,No,High,1,2544.0,62.7,7.0,4,3,0,1,1
66.0,Female,161.6,60.8,23.3,Daily,Good,6.0,2.0,Yes,Low,0,2392.0,84.8,7.0,3,1,1,0,1
69.0,Male,168.7,94.2,33.1,Daily,Poor,7.6,8.0,No,Moderate,0,3230.0,135.2,7.0,1,2,0,0,0
50.0,Other,148.7,56.4,25.5,3-5 times/week,Average,7.5,10.0,Yes,Moderate,0,2271.0,90.9,4.0,2,2,1,0,2
62.0,Female,156.4,76.6,31.3,3-5 times/week,Excellent,6.5,1.0,No,Low,1,2144.0,91.2,4.0,4,1,0,1,1
36.0,Male,167.3,87.6,31.3,3-5 times/week,Good,5.7,6.0,Yes,Low,0,1927.0,71.6,4.0,3,1,1,0,0
28.0,Male,182.6,134.0,40.2,Daily,Good,6.3,7.0,Yes,High,0,3640.0,102.5,7.0,3,3,1,0,0
43.0,Other,155.6,102.7,42.4,3-5 times/week,Poor,8.1,5.0,No,High,1,2725.0,124.0,4.0,1,3,0,1,2
65.0,Other,171.3,68.4,23.3,3-5 times/week,Excellent,7.4,10.0,Yes,None,1,1990.0,49.3,4.0,4,0,1,1,2
67.0,Female,154.3,73.8,31.0,1-2 times/week,Poor,5.5,2.0,No,Low,0,2487.0,106.0,1.5,1,1,0,0,1
64.0,Other,167.0,92.6,33.2,1-2 times/week,Average,6.0,3.0,No,High,1,3043.0,113.2,1.5,2,3,0,1,2
66.0,Female,157.6,81.7,32.9,1-2 times/week,Average,6.6,6.0,Yes,Low,0,2283.0,67.4,1.5,2,1,1,0,1
18.0,Other,178.9,92.8,29.0,3-5 times/week,Excellent,7.2,9.0,No,Low,0,2908.0,124.0,4.0,4,1,0,0,2
44.0,Other,172.1,56.0,18.9,Daily,Excellent,5.2,4.0,Yes,Moderate,1,2443.0,54.2,7.0,4,2,1,1,2
46.0,Other,156.2,86.6,35.5,1-2 times/week,Poor,4.3,6.0,No,High,0,2752.0,111.6,1.5,1,3,0,0,2
55.0,Other,170.9,79.7,27.3,3-5 times/week,Good,5.9,5.0,Yes,Moderate,0,2154.0,56.5,4.0,3,2,1,0,2
39.0,Female,163.9,70.9,26.4,3-5 times/week,Average,7.0,10.0,No,Low,0,2685.0,110.3,4.0,2,1,0,0,1
23.0,Male,166.3,61.4,22.2,3-5 times/week,Poor,8.1,8.0,No,Low,0,2867.0,123.0,4.0,1,1,0,0,0
52.0,Female,160.0,56.1,21.9,3-5 times/week,Excellent,6.4,5.0,No,High,0,1289.0,26.3,4.0,4,3,0,0,1
35.0,Male,161.3,73.4,28.2,1-2 times/week,Excellent,5.4,4.0,Yes,High,0,2472.0,86.1,1.5,4,3,1,0,0
65.0,Female,160.3,81.5,31.7,3-5 times/week,Good,9.0,5.0,No,Moderate,0,2669.0,106.7,4.0,3,2,0,0,1
20.0,Female,166.8,62.3,22.4,1-2 times/week,Poor,7.1,7.0,No,Low,0,2589.0,115.1,1.5,1,1,0,0,1
63.0,Female,155.6,38.7,16.0,3-5 times/week,Excellent,7.6,2.0,No,Low,0,1441.0,32.5,4.0,4,1,0,0,1
55.0,Male,178.4,100.3,31.5,3-5 times/week,Average,8.0,10.0,Yes,Low,0,2166.0,74.1,4.0,2,1,1,0,0
52.0,Other,148.0,47.1,21.5,Daily,Good,5.9,3.0,No,Moderate,0,2177.0,66.3,7.0,3,2,0,0,2
18.0,Male,177.7,122.2,38.7,3-5 times/week,Good,5.9,6.0,No,Moderate,1,2587.0,75.0,4.0,3,2,0,1,0
37.0,Female,153.6,36.1,15.3,3-5 times/week,Excellent,7.0,3.0,No,Low,1,1780.0,43.2,4.0,4,1,0,1,1
69.0,Other,156.4,54.8,22.4,3-5 times/week,Excellent,4.5,6.0,Yes,Moderate,0,2067.0,53.8,4.0,4,2,1,0,2
37.0,Other,163.7,83.6,31.2,1-2 times/week,Poor,6.3,5.0,No,Low,0,2686.0,117.1,1.5,1,1,0,0,2
19.0,Female,162.0,80.0,30.5,1-2 times/week,Good,6.9,5.0,No,Low,0,2208.0,58.5,1.5,3,1,0,0,1
50.0,Female,159.0,50.8,20.1,3-5 times/week,Average,9.2,9.0,No,Low,0,1916.0,61.0,4.0,2,1,0,0,1
31.0,Female,155.3,70.9,29.4,Daily,Good,5.8,6.0,No,Moderate,0,2913.0,127.9,7.0,3,2,0,0,1
28.0,Female,168.8,71.5,25.1,Daily,Good,4.9,7.0,No,Low,0,2756.0,116.9,7.0,3,1,0,0,1
56.0,Other,180.7,82.3,25.2,1-2 times/week,Average,7.3,7.0,No,High,1,2756.0,101.4,1.5,2,3,0,1,2
53.0,Male,178.4,90.1,28.3,1-2 times/week,Poor,5.3,3.0,No,Low,0,3224.0,139.2,1.5,1,1,0,0,0
21.0,Male,174.1,87.3,28.8,Daily,Poor,6.2,3.0,No,Low,0,3301.0,134.6,7.0,1,1,0,0,0
22.0,Other,164.5,77.4,28.6,3-5 times/week,Good,6.6,3.0,No,High,0,2182.0,67.4,4.0,3,3,0,0,2
28.0,Other,178.7,116.6,36.5,1-2 times/week,Good,9.3,2.0,No,High,1,2593.0,74.7,1.5,3,3,0,1,2
58.0,Male,164.6,98.1,36.2,1-2 times/week,Poor,7.7,7.0,No,High,1,3136.0,127.3,1.5,1,3,0,1,0
65.0,Other,165.7,101.0,36.8,3-5 times/week,Average,6.1,7.0,No,Low,0,2723.0,96.1,4.0,2,1,0,0,2
55.0,Other,170.5,77.9,26.8,1-2 times/week,Good,5.2,6.0,No,Low,0,2037.0,51.6,1.5,3,1,0,0,2
21.0,Other,170.9,69.5,23.8,Daily,Excellent,6.3,6.0,No,Low,0,2199.0,62.1,7.0,4,1,0,0,2
51.0,Other,164.7,66.5,24.5,Daily,Excellent,6.0,10.0,No,Moderate,0,1708.0,31.9,7.0,4,2,0,0,2
36.0,Female,152.7,69.5,29.8,3-5 times/week,Average,7.8,6.0,Yes,Low,1,2106.0,79.2,4.0,2,1,1,1,1
56.0,Other,169.6,55.8,19.4,Daily,Average,8.0,5.0,Yes,Low,0,2817.0,108.9,7.0,2,1,1,0,2
68.0,Other,165.7,58.8,21.4,Daily,Excellent,6.7,7.0,No,Low,1,2216.0,56.9,7.0,4,1,0,1,2
44.0,Male,168.1,91.0,32.2,Daily,Poor,6.0,8.0,No,Low,0,3144.0,121.5,7.0,1,1,0,0,0
25.0,Male,180.8,80.7,24.7,3-5 times/week,Excellent,8.0,10.0,No,Low,0,2294.0,65.4,4.0,4,1,0,0,0
37.0,Female,163.2,59.9,22.5,3-5 times/week,Good,9.7,3.0,No,Moderate,0,2166.0,64.9,4.0,3,2,0,0,1
62.0,Male,165.4,95.2,34.8,3-5 times/week,Good,6.7,7.0,Yes,Low,1,2222.0,68.0,4.0,3,1,1,1,0
37.0,Female,171.6,58.9,20.0,3-5 times/week,Good,6.1,1.0,No,Low,1,1834.0,54.6,4.0,3,1,0,1,1
67.0,Female,156.4,55.0,22.5,Daily,Excellent,4.8,7.0,Yes,Low,0,1450.0,28.5,7.0,4,1,1,0,1
21.0,Female,163.3,56.3,21.1,1-2 times/week,Average,8.1,3.0,No,Low,0,2064.0,59.1,1.5,2,1,0,0,1
52.0,Male,166.1,88.3,32.0,1-2 times/week,Average,6.9,1.0,No,Moderate,0,2566.0,84.3,1.5,2,2,0,0,0
63.0,Female,151.4,58.7,25.6,3-5 times/week,Poor,6.7,6.0,No,Low,0,2329.0,105.4,4.0,1,1,0,0,1
54.0,Female,161.5,57.4,22.0,Daily,Excellent,7.2,6.0,No,Low,0,1349.0,34.2,7.0,4,1,0,0,1
19.0,Female,153.6,71.5,30.3,Daily,Poor,5.4,6.0,No,Moderate,0,2630.0,103.0,7.0,1,2,0,0,1
36.0,Male,172.1,77.9,26.3,1-2 times/week,Good,8.3,4.0,No,Moderate,0,2689.0,80.1,1.5,3,2,0,0,0
42.0,Female,165.1,92.7,34.0,Daily,Excellent,7.4,9.0,No,Low,1,2782.0,99.1,7.0,4,1,0,1,1
37.0,Other,161.6,62.9,24.1,1-2 times/week,Good,9.8,4.0,No,Low,1,2366.0,66.8,1.5,3,1,0,1,2
61.0,Female,163.6,88.3,33.0,3-5 times/week,Poor,6.3,9.0,No,Low,0,2359.0,101.2,4.0,1,1,0,0,1
44.0,Male,169.5,62.9,21.9,3-5 times/week,Excellent,8.0,2.0,No,Moderate,0,1597.0,48.1,4.0,4,2,0,0,0
65.0,Other,158.9,66.9,26.5,3-5 times/week,Excellent,7.0,10.0,No,Low,0,1960.0,47.8,4.0,4,1,0,0,2
43.0,Other,168.5,125.8,44.3,3-5 times/week,Poor,4.7,2.0,Yes,High,0,3601.0,158.0,4.0,1,3,1,0,2
63.0,Female,175.7,81.2,26.3,3-5 times/week,Average,6.3,8.0,No,Moderate,0,2453.0,62.0,4.0,2,2,0,0,1
68.0,Other,150.4,62.9,27.8,3-5 times/week,Poor,7.3,8.0,No,High,0,3117.0,123.1,4.0,1,3,0,0,2
32.0,Male,175.9,89.1,28.8,3-5 times/week,Poor,7.2,7.0,No,Low,0,3510.0,148.6,4.0,1,1,0,0,0
50.0,Male,163.0,78.4,29.5,3-5 times/week,Poor,5.6,7.0,No,Low,0,3261.0,144.1,4.0,1,1,0,0,0
38.0,Female,156.3,54.7,22.4,Daily,Good,7.4,2.0,No,Moderate,1,2669.0,86.7,7.0,3,2,0,1,1
27.0,Male,171.5,96.5,32.8,1-2 times/week,Average,6.3,9.0,Yes,Low,0,2364.0,87.4,1.5,2,1,1,0,0
37.0,Other,181.5,84.3,25.6,Daily,Poor,5.9,4.0,Yes,Low,0,3281.0,132.3,7.0,1,1,1,0,2
56.0,Male,179.5,75.1,23.3,3-5 times/week,Excellent,8.5,3.0,No,Low,0,1995.0,55.3,4.0,4,1,0,0,0
62.0,Female,156.0,55.5,22.8,1-2 times/week,Good,8.4,10.0,No,Moderate,0,1870.0,61.1,1.5,3,2,0,0,1
43.0,Male,175.4,116.3,37.8,3-5 times/week,Excellent,7.6,6.0,No,Moderate,1,2197.0,56.1,4.0,4,2,0,1,0
41.0,Male,181.5,67.2,20.4,Daily,Excellent,7.2,9.0,Yes,Moderate,0,3046.0,79.5,7.0,4,2,1,0,0
39.0,Female,162.4,83.9,31.8,3-5 times/week,Poor,7.6,6.0,Yes,Low,1,2323.0,107.0,4.0,1,1,1,1,1
66.0,Female,157.1,37.0,15.0,Daily,Excellent,8.9,3.0,Yes,Low,0,1837.0,45.1,7.0,4,1,1,0,1
25.0,Male,167.7,88.6,31.5,3-5 times/week,Poor,5.6,2.0,No,Low,0,3314.0,147.9,4.0,1,1,0,0,0
47.0,Other,170.4,61.3,21.1,1-2 times/week,Excellent,10.0,1.0,Yes,Low,0,2223.0,48.5,1.5,4,1,1,0,2
40.0,Male,180.5,83.1,25.5,1-2 times/week,Poor,6.4,1.0,No,Low,1,3410.0,146.0,1.5,1,1,0,1,0
35.0,Other,164.5,100.1,37.0,3-5 times/week,Poor,9.4,1.0,Yes,Low,1,2761.0,129.8,4.0,1,1,1,1,2
45.0,Male,145.9,46.4,21.8,Daily,Excellent,7.0,9.0,Yes,Moderate,0,1689.0,40.3,7.0,4,2,1,0,0
27.0,Male,170.2,92.4,31.9,3-5 times/week,Excellent,6.8,5.0,Yes,Moderate,0,2329.0,48.0,4.0,4,2,1,0,0
37.0,Other,161.1,65.7,25.3,Daily,Poor,7.0,6.0,No,Low,0,2803.0,129.6,7.0,1,1,0,0,2
69.0,Female,156.2,71.5,29.3,3-5 times/week,Good,8.9,6.0,No,Low,0,1685.0,49.2,4.0,3,1,0,0,1
57.0,Other,185.2,100.8,29.4,1-2 times/week,Average,7.1,5.0,Yes,Moderate,0,2513.0,84.9,1.5,2,2,1,0,2
18.0,Male,177.8,95.8,30.3,Daily,Average,7.3,6.0,Yes,Moderate,0,3729.0,123.3,7.0,2,2,1,0,0
67.0,Female,168.3,101.7,35.9,3-5 times/week,Good,8.5,7.0,No,High,0,1576.0,25.8,4.0,3,3,0,0,1
33.0,Male,160.1,62.8,24.5,3-5 times/week,Average,6.6,5.0,No,Low,0,2652.0,95.6,4.0,2,1,0,0,0
20.0,Male,165.8,77.8,28.3,3-5 times/week,Excellent,5.5,8.0,Yes,High,0,2090.0,47.5,4.0,4,3,1,0,0
25.0,Female,161.9,76.0,29.0,3-5 times/week,Good,8.2,7.0,No,Low,1,2156.0,63.5,4.0,3,1,0,1,1
30.0,Female,166.2,56.6,20.5,1-2 times/week,Good,7.0,5.0,No,Low,0,1907.0,60.1,1.5,3,1,0,0,1
47.0,Female,146.9,59.1,27.4,Daily,Average,6.9,1.0,No,Low,0,2485.0,85.0,7.0,2,1,0,0,1
29.0,Other,173.3,82.3,27.4,3-5 times/week,Poor,7.5,3.0,No,Low,0,2927.0,128.6,4.0,1,1,0,0,2
67.0,Male,172.7,105.0,35.2,3-5 times/week,Poor,7.1,10.0,Yes,Low,1,3295.0,142.8,4.0,1,1,1,1,0
32.0,Other,169.4,58.8,20.5,None,Good,7.7,1.0,Yes,Low,0,2340.0,59.0,0.0,3,1,1,0,2
63.0,Male,167.9,66.5,23.6,3-5 times/week,Excellent,6.9,6.0,Yes,Moderate,0,2567.0,59.5,4.0,4,2,1,0,0
54.0,Other,145.3,57.4,27.2,1-2 times/week,Good,7.1,1.0,No,High,0,2688.0,105.0,1.5,3,3,0,0,2
46.0,Other,153.1,57.4,24.5,3-5 times/week,Average,8.1,6.0,No,Moderate,0,2795.0,93.4,4.0,2,2,0,0,2
65.0,Female,157.9,50.9,20.4,3-5 times/week,Good,6.2,8.0,No,Moderate,0,1386.0,36.4,4.0,3,2,0,0,1
58.0,Female,164.7,91.1,33.6,3-5 times/week,Good,6.4,6.0,No,Low,0,1838.0,42.6,4.0,3,1,0,0,1
59.0,Female,167.2,73.0,26.1,Daily,Good,6.2,1.0,No,Moderate,1,1953.0,46.5,7.0,3,2,0,1,1
41.0,Female,163.1,76.9,28.9,3-5 times/week,Average,6.6,3.0,No,Moderate,0,2754.0,92.2,4.0,2,2,0,0,1
50.0,Female,155.3,61.5,25.5,3-5 times/week,Average,7.5,2.0,Yes,High,0,2628.0,95.7,4.0,2,3,1,0,1
63.0,Female,151.8,71.2,30.9,3-5 times/week,Poor,6.5,3.0,No,High,1,2819.0,124.7,4.0,1,3,0,1,1
24.0,Male,177.7,112.7,35.7,3-5 times/week,Good,6.9,4.0,No,Low,0,2925.0,81.2,4.0,3,1,0,0,0
51.0,Male,168.4,66.4,23.4,3-5 times/week,Average,8.3,8.0,No,Low,0,2880.0,95.8,4.0,2,1,0,0,0
31.0,Other,163.5,56.7,21.2,3-5 times/week,Average,6.2,4.0,No,Low,0,2370.0,79.6,4.0,2,1,0,0,2
68.0,Male,164.3,86.1,31.9,3-5 times/week,Poor,6.4,10.0,No,Low,0,3092.0,132.0,4.0,1,1,0,0,0
62.0,Female,156.0,78.6,32.3,Daily,Good,5.6,7.0,No,Low,0,2515.0,73.7,7.0,3,1,0,0,1
60.0,Other,172.4,91.8,30.9,3-5 times/week,Poor,7.0,8.0,Yes,None,0,2734.0,105.9,4.0,1,0,1,0,2
24.0,Male,184.0,97.2,28.7,3-5 times/week,Good,6.0,5.0,No,High,0,3640.0,156.1,4.0,3,3,0,0,0
52.0,Male,166.3,99.3,35.9,3-5 times/week,Excellent,5.2,9.0,Yes,Low,1,2299.0,55.9,4.0,4,1,1,1,0
28.0,Female,167.6,95.2,33.9,3-5 times/week,Poor,7.2,3.0,Yes,Low,0,2870.0,109.6,4.0,1,1,1,0,1
26.0,Female,156.8,85.8,34.9,1-2 times/week,Good,7.4,6.0,No,Moderate,1,1949.0,63.0,1.5,3,2,0,1,1
61.0,Male,164.2,72.0,26.7,Daily,Good,5.6,5.0,No,Moderate,0,2624.0,69.7,7.0,3,2,0,0,0
67.0,Other,167.3,106.1,37.9,3-5 times/week,Poor,5.8,2.0,No,High,1,2603.0,103.4,4.0,1,3,0,1,2
19.0,Male,163.9,87.3,32.5,Daily,Average,4.7,7.0,No,High,1,3672.0,132.0,7.0,2,3,0,1,0
19.0,Female,161.3,88.2,33.9,1-2 times/week,Poor,8.4,10.0,Yes,High,0,2728.0,112.5,1.5,1,3,1,0,1
21.0,Male,170.3,100.6,34.7,3-5 times/week,Poor,7.3,1.0,No,Low,0,2808.0,122.9,4.0,1,1,0,0,0
22.0,Male,177.5,89.2,28.3,Daily,Good,6.8,4.0,Yes,Moderate,0,2917.0,107.1,7.0,3,2,1,0,0
32.0,Male,179.9,68.6,21.2,3-5 times/week,Good,7.5,1.0,No,Low,0,2285.0,56.9,4.0,3,1,0,0,0
61.0,Male,182.6,92.0,27.6,Daily,Good,6.7,6.0,No,Moderate,0,2955.0,104.2,7.0,3,2,0,0,0
41.0,Other,159.9,66.2,25.9,Daily,Good,8.7,5.0,No,Low,1,2278.0,70.6,7.0,3,1,0,1,2
32.0,Male,177.7,105.2,33.3,3-5 times/week,Poor,6.9,5.0,No,Low,0,3019.0,129.2,4.0,1,1,0,0,0
35.0,Other,145.0,53.8,25.6,3-5 times/week,Poor,6.8,5.0,No,Low,0,2613.0,106.1,4.0,1,1,0,0,2
31.0,Male,170.1,56.4,19.5,1-2 times/week,Good,8.6,5.0,No,Low,0,2832.0,74.7,1.5,3,1,0,0,0
66.0,Other,175.4,119.4,38.8,1-2 times/week,Poor,6.5,6.0,No,High,0,2695.0,117.3,1.5,1,3,0,0,2
53.0,Other,173.7,97.2,32.2,3-5 times/week,Good,5.1,8.0,No,Low,0,2945.0,112.7,4.0,3,1,0,0,2
37.0,Male,169.7,94.2,32.7,1-2 times/week,Average,7.0,4.0,No,Low,1,3086.0,116.6,1.5,2,1,0,1,0
69.0,Male,166.9,90.0,32.3,Daily,Poor,6.4,5.0,No,Moderate,0,3236.0,139.7,7.0,1,2,0,0,0
63.0,Other,174.5,71.6,23.5,3-5 times/week,Average,6.7,8.0,No,Low,0,2511.0,84.1,4.0,2,1,0,0,2
30.0,Other,162.8,86.1,32.5,3-5 times/week,Average,8.5,2.0,Yes,High,0,3226.0,115.7,4.0,2,3,1,0,2
57.0,Male,165.3,91.3,33.4,3-5 times/week,Average,8.1,1.0,No,Low,0,2782.0,99.1,4.0,2,1,0,0,0
47.0,Female,159.7,79.8,31.3,1-2 times/week,Poor,6.8,3.0,No,Low,0,2234.0,95.9,1.5,1,1,0,0,1
53.0,Other,170.7,44.3,15.2,Daily,Excellent,6.5,4.0,No,Low,0,1955.0,44.0,7.0,4,1,0,0,2
48.0,Female,153.1,72.4,30.9,1-2 times/week,Poor,7.0,6.0,No,Low,1,2596.0,105.2,1.5,1,1,0,1,1
52.0,Male,162.6,58.2,22.0,Daily,Poor,6.8,5.0,No,Low,0,2755.0,118.2,7.0,1,1,0,0,0
62.0,Other,165.8,68.7,25.0,3-5 times/week,Good,7.4,6.0,No,Low,0,2598.0,109.7,4.0,3,1,0,0,2
60.0,Other,165.0,61.0,22.4,Daily,Poor,7.5,6.0,Yes,Moderate,0,2517.0,59.0,7.0,1,2,1,0,2
26.0,Other,156.1,82.6,33.9,3-5 times/week,Poor,5.9,4.0,Yes,Low,0,2595.0,121.2,4.0,1,1,1,0,2
32.0,Female,154.3,78.6,33.0,1-2 times/week,Poor,7.7,5.0,No,Low,0,2253.0,92.4,1.5,1,1,0,0,1
38.0,Male,186.1,75.5,21.8,3-5 times/week,Average,9.1,5.0,No,Low,0,3105.0,102.7,4.0,2,1,0,0,0
43.0,Male,175.9,106.4,34.4,3-5 times/week,Average,6.7,8.0,No,Low,0,2665.0,92.6,4.0,2,1,0,0,0
31.0,Male,173.2,88.8,29.6,Daily,Good,7.0,10.0,No,Moderate,0,2625.0,72.8,7.0,3,2,0,0,0
53.0,Other,158.1,65.5,26.2,3-5 times/week,Excellent,7.5,6.0,Yes,Low,0,1963.0,61.3,4.0,4,1,1,0,2
44.0,Male,166.7,91.4,32.9,1-2 times/week,Good,9.3,1.0,Yes,Low,1,2465.0,61.7,1.5,3,1,1,1,0
27.0,Female,168.1,90.1,31.9,3-5 times/week,Average,4.8,6.0,Yes,Low,0,2436.0,86.1,4.0,2,1,1,0,1
58.0,Female,164.2,76.3,28.3,3-5 times/week,Poor,7.2,9.0,No,Low,0,2270.0,95.1,4.0,1,1,0,0,1
20.0,Female,167.9,50.5,17.9,1-2 times/week,Good,7.9,5.0,Yes,High,0,2862.0,93.0,1.5,3,3,1,0,1
38.0,Male,168.5,95.7,33.7,3-5 times/week,Average,8.1,9.0,No,Low,0,2772.0,99.7,4.0,2,1,0,0,0
20.0,Male,170.7,69.1,23.7,3-5 times/week,Good,6.8,2.0,No,Low,0,2269.0,80.9,4.0,3,1,0,0,0
49.0,Female,151.3,49.2,21.5,3-5 times/week,Good,6.1,6.0,Yes,Low,1,1805.0,59.0,4.0,3,1,1,1,1
47.0,Female,160.5,75.0,29.1,1-2 times/week,Average,9.1,4.0,No,Low,1,2100.0,76.7,1.5,2,1,0,1,1
53.0,Other,165.4,107.0,39.1,3-5 times/week,Poor,6.9,10.0,No,Moderate,0,3016.0,119.3,4.0,1,2,0,0,2
43.0,Other,166.0,88.7,32.2,3-5 times/week,Poor,7.7,9.0,No,Moderate,0,3316.0,140.4,4.0,1,2,0,0,2
18.0,Male,178.4,86.6,27.2,1-2 times/week,Good,6.5,5.0,No,Low,0,2696.0,76.3,1.5,3,1,0,0,0
51.0,Other,176.9,74.5,23.8,1-2 times/week,Good,7.2,3.0,Yes,Low,1,2003.0,71.8,1.5,3,1,1,1,2
61.0,Other,166.2,75.4,27.3,3-5 times/week,Good,7.4,9.0,Yes,Low,1,1831.0,45.8,4.0,3,1,1,1,2
69.0,Other,169.6,94.6,32.9,3-5 times/week,Average,6.8,7.0,No,High,1,2885.0,107.6,4.0,2,3,0,1,2
40.0,Male,173.1,94.1,31.4,3-5 times/week,Good,5.7,2.0,No,Low,1,2894.0,104.3,4.0,3,1,0,1,0
48.0,Male,163.7,94.3,35.2,1-2 times/week,Poor,7.6,8.0,No,None,0,2937.0,127.4,1.5,1,0,0,0,0
34.0,Other,175.6,59.8,19.4,3-5 times/week,Good,4.3,3.0,Yes,Low,1,2080.0,62.0,4.0,3,1,1,1,2
30.0,Other,156.3,62.3,25.5,Daily,Poor,6.9,7.0,No,Low,0,2831.0,116.6,7.0,1,1,0,0,2
62.0,Other,145.0,64.1,30.5,Daily,Poor,4.9,2.0,No,High,0,2854.0,118.3,7.0,1,3,0,0,2
37.0,Male,174.5,66.1,21.7,3-5 times/week,Average,8.8,3.0,Yes,Moderate,0,2444.0,95.8,4.0,2,2,1,0,0
65.0,Male,173.1,117.5,39.2,3-5 times/week,Good,6.2,5.0,Yes,Low,1,2709.0,79.3,4.0,3,1,1,1,0
50.0,Other,170.4,69.1,23.8,3-5 times/week,Good,6.4,1.0,Yes,High,0,1932.0,67.3,4.0,3,3,1,0,2
22.0,Other,162.0,39.4,15.0,3-5 times/week,Excellent,7.4,1.0,No,Moderate,0,2063.0,54.2,4.0,4,2,0,0,2
40.0,Female,151.1,42.0,18.4,Daily,Average,8.1,6.0,No,Low,0,2399.0,87.6,7.0,2,1,0,0,1
44.0,Other,159.6,70.6,27.7,1-2 times/week,Average,8.7,10.0,Yes,High,0,2430.0,83.8,1.5,2,3,1,0,2
41.0,Female,161.9,64.2,24.5,1-2 times/week,Excellent,6.8,8.0,Yes,Low,0,2420.0,108.8,1.5,4,1,1,0,1
52.0,Male,174.5,54.5,17.9,1-2 times/week,Excellent,7.1,10.0,Yes,Low,0,2185.0,53.1,1.5,4,1,1,0,0
27.0,Other,159.3,66.5,26.2,3-5 times/week,Poor,6.8,10.0,No,Low,1,2859.0,126.5,4.0,1,1,0,1,2
65.0,Other,166.9,66.6,23.9,Daily,Poor,8.7,9.0,No,Low,0,3068.0,129.1,7.0,1,1,0,0,2
69.0,Male,161.1,76.6,29.5,3-5 times/week,Average,10.0,7.0,No,Low,0,2445.0,95.4,4.0,2,1,0,0,0
62.0,Male,166.3,74.7,27.0,3-5 times/week,Average,9.4,1.0,Yes,Low,0,2603.0,91.3,4.0,2,1,1,0,0
44.0,Male,168.1,74.3,10.700000000000003,Daily,Average,7.0,5.0,No,Moderate,0,3209.0,114.2,7.0,2,2,0,0,0
18.0,Male,165.6,68.3,24.9,Daily,Poor,6.7,6.0,No,Low,0,3160.0,128.2,7.0,1,1,0,0,0
59.0,Male,172.8,97.9,32.8,Daily,Good,7.0,5.0,No,Low,0,2853.0,120.5,7.0,3,1,0,0,0
29.0,Male,180.3,92.3,28.4,Daily,Average,5.6,6.0,Yes,Moderate,0,3119.0,107.4,7.0,2,2,1,0,0
20.0,Other,174.6,87.2,28.6,1-2 times/week,Poor,7.7,9.0,No,Low,0,3548.0,146.5,1.5,1,1,0,0,2
68.0,Male,176.7,50.6,16.2,3-5 times/week,Good,7.4,2.0,Yes,Low,0,2810.0,82.3,4.0,3,1,1,0,0
39.0,Male,170.7,66.7,22.9,1-2 times/week,Average,5.2,6.0,Yes,Low,0,2729.0,95.1,1.5,2,1,1,0,0
20.0,Other,160.4,67.9,26.4,3-5 times/week,Poor,5.4,9.0,No,Low,0,2844.0,127.1,4.0,1,1,0,0,2
37.0,Male,166.2,89.5,32.4,1-2 times/week,Average,6.5,2.0,No,Low,1,2525.0,87.7,1.5,2,1,0,1,0
32.0,Male,182.5,92.6,27.8,3-5 times/week,Excellent,7.6,3.0,Yes,High,0,2831.0,62.0,4.0,4,3,1,0,0
57.0,Female,153.5,56.8,24.1,3-5 times/week,Excellent,7.8,7.0,No,Low,0,1656.0,35.2,4.0,4,1,0,0,1
66.0,Male,160.6,55.2,21.4,3-5 times/week,Average,8.5,5.0,No,High,0,2438.0,91.1,4.0,2,3,0,0,0
28.0,Other,156.1,78.0,32.0,3-5 times/week,Good,6.5,7.0,Yes,Moderate,0,3250.0,122.3,4.0,3,2,1,0,2
51.0,Other,164.1,73.2,27.2,Daily,Poor,5.4,4.0,Yes,Low,0,3437.0,134.4,7.0,1,1,1,0,2
65.0,Female,155.7,58.7,24.2,3-5 times/week,Good,6.3,6.0,Yes,Low,0,2260.0,68.9,4.0,3,1,1,0,1
44.0,Female,153.7,57.6,24.4,1-2 times/week,Excellent,8.7,4.0,No,Moderate,1,1623.0,44.6,1.5,4,2,0,1,1
27.0,Other,154.7,70.1,29.3,3-5 times/week,Average,6.9,6.0,No,Low,0,2487.0,91.5,4.0,2,1,0,0,2
59.0,Female,164.0,67.2,25.0,3-5 times/week,Excellent,8.2,8.0,Yes,Moderate,0,2003.0,51.6,4.0,4,2,1,0,1
32.0,Male,166.1,70.9,25.7,3-5 times/week,Average,7.9,6.0,No,Moderate,1,3002.0,106.3,4.0,2,2,0,1,0
20.0,Female,165.3,85.5,31.3,3-5 times/week,Good,6.4,6.0,No,Moderate,0,2122.0,62.2,4.0,3,2,0,0,1
56.0,Female,155.6,78.2,32.3,1-2 times/week,Good,6.8,1.0,No,High,0,2119.0,57.5,1.5,3,3,0,0,1
34.0,Other,151.6,69.6,30.3,3-5 times/week,Average,8.6,10.0,No,Low,0,2743.0,99.4,4.0,2,1,0,0,2
50.0,Other,166.9,59.3,21.3,Daily,Poor,6.7,2.0,No,Low,0,2788.0,125.7,7.0,1,1,0,0,2
39.0,Female,171.0,82.5,28.2,Daily,Good,6.1,8.0,Yes,Moderate,0,2799.0,74.9,7.0,3,2,1,0,1
32.0,Male,167.6,76.7,27.3,1-2 times/week,Excellent,5.4,7.0,No,Moderate,0,1881.0,44.9,1.5,4,2,0,0,0
45.0,Female,145.0,40.8,19.4,1-2 times/week,Excellent,6.9,10.0,Yes,Low,0,1416.0,37.2,1.5,4,1,1,0,1
55.0,Female,151.8,64.5,28.0,3-5 times/week,Good,6.9,6.0,No,High,0,2533.0,82.8,4.0,3,3,0,0,1
65.0,Female,170.8,99.8,34.2,3-5 times/week,Poor,7.2,2.0,No,High,0,2751.0,121.5,4.0,1,3,0,0,1
37.0,Male,169.2,119.4,41.7,3-5 times/week,Good,7.0,5.0,No,High,0,2459.0,72.0,4.0,3,3,0,0,0
22.0,Female,154.0,77.1,32.5,None,Poor,5.9,6.0,No,Moderate,1,2762.0,113.9,0.0,1,2,0,1,1
28.0,Other,165.6,101.7,37.1,3-5 times/week,Poor,6.7,7.0,No,None,0,3272.0,138.7,4.0,1,0,0,0,2
36.0,Male,157.5,58.3,23.5,1-2 times/week,Good,8.5,10.0,No,Low,0,2611.0,104.8,1.5,3,1,0,0,0
50.0,Female,165.7,57.7,21.0,Daily,Average,9.1,5.0,No,High,0,2654.0,92.9,7.0,2,3,0,0,1
69.0,Female,182.6,139.0,41.7,3-5 times/week,Good,7.0,4.0,No,Moderate,0,2949.0,126.9,4.0,3,2,0,0,1
34.0,Female,155.8,72.8,30.0,3-5 times/week,Good,4.7,6.0,No,Low,0,1788.0,58.5,4.0,3,1,0,0,1
23.0,Female,161.5,86.1,33.0,1-2 times/week,Poor,5.4,7.0,No,Low,0,2751.0,120.2,1.5,1,1,0,0,1
59.0,Female,152.6,34.9,15.0,3-5 times/week,Good,6.0,5.0,No,Low,1,2213.0,64.4,4.0,3,1,0,1,1
35.0,Other,158.8,47.9,19.0,1-2 times/week,Average,8.7,5.0,No,Moderate,0,2381.0,79.8,1.5,2,2,0,0,2
30.0,Other,176.5,84.1,27.0,3-5 times/week,Average,6.5,8.0,Yes,High,1,3029.0,102.8,4.0,2,3,1,1,2
37.0,Other,166.3,84.6,30.6,3-5 times/week,Excellent,7.0,7.0,Yes,Moderate,0,2468.0,73.7,4.0,4,2,1,0,2
54.0,Female,162.3,73.8,28.0,1-2 times/week,Average,9.4,10.0,Yes,High,0,2211.0,86.5,1.5,2,3,1,0,1
33.0,Female,154.9,48.9,20.4,3-5 times/week,Excellent,10.0,6.0,Yes,Low,1,1415.0,34.8,4.0,4,1,1,1,1
45.0,Other,163.6,75.7,28.3,3-5 times/week,Excellent,6.7,4.0,No,Low,0,1734.0,37.5,4.0,4,1,0,0,2
39.0,Male,169.9,86.0,29.8,3-5 times/week,Poor,8.1,5.0,Yes,Low,0,3609.0,153.1,4.0,1,1,1,0,0
56.0,Male,168.3,79.3,28.0,Daily,Good,6.3,9.0,No,Low,0,2566.0,115.0,7.0,3,1,0,0,0
38.0,Male,162.8,71.8,27.1,1-2 times/week,Good,6.8,6.0,No,Low,0,2688.0,78.6,1.5,3,1,0,0,0
50.0,Male,161.9,108.8,41.5,3-5 times/week,Poor,4.2,7.0,No,High,0,2978.0,103.1,4.0,1,3,0,0,0
58.0,Male,183.7,80.3,23.8,1-2 times/week,Average,8.6,8.0,No,Moderate,0,3029.0,117.5,1.5,2,2,0,0,0
64.0,Male,172.2,63.2,21.3,3-5 times/week,Good,7.2,1.0,No,Low,0,2669.0,83.1,4.0,3,1,0,0,0
34.0,Female,160.4,60.5,23.5,None,Good,6.6,4.0,No,High,0,2608.0,68.6,0.0,3,3,0,0,1
31.0,Male,174.7,87.0,28.5,1-2 times/week,Excellent,5.6,3.0,No,Moderate,0,2595.0,62.5,1.5,4,2,0,0,0
52.0,Other,170.0,66.2,22.9,3-5 times/week,Poor,7.9,8.0,No,Low,0,2554.0,101.6,4.0,1,1,0,0,2
38.0,Other,160.1,78.9,30.8,3-5 times/week,Excellent,6.5,8.0,No,Low,0,1866.0,45.6,4.0,4,1,0,0,2
62.0,Other,162.6,77.2,29.2,1-2 times/week,Good,5.6,1.0,No,Low,0,1728.0,44.5,1.5,3,1,0,0,2
19.0,Male,176.9,65.4,20.9,Daily,Good,6.4,6.0,No,High,0,3015.0,104.0,7.0,3,3,0,0,0
44.0,Female,174.1,76.4,44.3,Daily,Poor,7.8,9.0,Yes,Low,0,3329.0,132.4,7.0,1,1,1,0,1
18.0,Other,161.9,71.6,27.3,3-5 times/week,Good,7.0,4.0,No,Low,0,2116.0,58.1,4.0,3,1,0,0,2
44.0,Other,158.8,75.1,29.8,1-2 times/week,Excellent,8.1,5.0,No,Moderate,0,1967.0,47.1,1.5,4,2,0,0,2
54.0,Other,166.8,63.7,22.9,3-5 times/week,Average,5.3,5.0,No,Moderate,0,2876.0,103.5,4.0,2,2,0,0,2
44.0,Female,150.0,70.2,31.2,3-5 times/week,Average,7.0,4.0,No,Low,1,2066.0,71.7,4.0,2,1,0,1,1
38.0,Female,157.1,51.6,20.9,3-5 times/week,Good,7.5,3.0,No,Low,0,2529.0,83.4,4.0,3,1,0,0,1
37.0,Female,163.5,59.3,22.2,3-5 times/week,Average,7.5,8.0,Yes,Low,1,2211.0,74.9,4.0,2,1,1,1,1
37.0,Other,176.4,65.3,21.0,1-2 times/week,Excellent,7.1,9.0,Yes,High,0,2299.0,58.2,1.5,4,3,1,0,2
32.0,Female,158.5,37.7,15.0,3-5 times/week,Good,8.5,5.0,No,Low,0,1918.0,60.2,4.0,3,1,0,0,1
26.0,Female,164.0,77.7,28.9,3-5 times/week,Good,9.0,6.0,No,Low,0,1661.0,50.8,4.0,3,1,0,0,1
28.0,Male,172.4,85.0,28.6,3-5 times/week,Excellent,6.7,2.0,No,Moderate,0,2721.0,60.3,4.0,4,2,0,0,0
66.0,Other,151.1,59.1,25.9,3-5 times/week,Good,6.8,7.0,No,Low,0,1837.0,55.1,4.0,3,1,0,0,2
26.0,Female,165.5,78.1,28.5,1-2 times/week,Average,7.0,5.0,No,High,0,1905.0,63.9,1.5,2,3,0,0,1
38.0,Female,148.5,66.6,30.2,Daily,Poor,8.7,6.0,No,Low,0,3222.0,133.9,7.0,1,1,0,0,1
35.0,Female,163.1,51.3,19.3,3-5 times/week,Average,7.6,2.0,No,Low,0,1806.0,68.6,4.0,2,1,0,0,1
41.0,Male,174.6,118.3,38.8,3-5 times/week,Average,5.2,1.0,Yes,High,0,3198.0,118.4,4.0,2,3,1,0,0
32.0,Male,171.7,99.9,33.9,3-5 times/week,Average,7.8,8.0,Yes,Moderate,0,2976.0,97.9,4.0,2,2,1,0,0
68.0,Female,162.6,69.5,26.3,3-5 times/week,Good,6.8,2.0,No,High,0,1746.0,45.2,4.0,3,3,0,0,1
40.0,Other,152.3,55.7,24.0,3-5 times/week,Excellent,7.2,6.0,Yes,Low,0,1498.0,36.9,4.0,4,1,1,0,2
39.0,Male,175.3,85.1,27.7,1-2 times/week,Average,6.6,10.0,No,Low,0,2698.0,93.4,1.5,2,1,0,0,0
49.0,Male,166.5,78.7,28.4,3-5 times/week,Good,7.0,3.0,No,Low,1,2285.0,68.4,4.0,3,1,0,1,0
24.0,Female,158.3,37.6,15.0,1-2 times/week,Excellent,6.3,5.0,Yes,Low,0,1463.0,44.4,1.5,4,1,1,0,1
34.0,Female,166.0,79.4,28.8,1-2 times/week,Poor,8.9,2.0,No,High,1,2940.0,126.1,1.5,1,3,0,1,1
67.0,Other,158.5,76.4,30.4,Daily,Good,7.5,3.0,No,Moderate,0,2654.0,81.5,7.0,3,2,0,0,2
39.0,Other,172.3,64.7,21.8,1-2 times/week,Good,4.8,6.0,Yes,Low,0,2477.0,73.3,1.5,3,1,1,0,2
53.0,Male,163.9,66.1,24.6,Daily,Average,6.6,4.0,No,High,0,2698.0,82.2,7.0,2,3,0,0,0
23.0,Male,171.6,85.4,29.0,3-5 times/week,Good,8.3,8.0,Yes,Moderate,0,2307.0,66.3,4.0,3,2,1,0,0
35.0,Other,157.9,49.6,19.9,Daily,Average,8.8,3.0,No,Low,0,2365.0,87.2,7.0,2,1,0,0,2
39.0,Male,168.6,79.3,27.9,Daily,Excellent,7.2,9.0,No,Moderate,0,2658.0,67.1,7.0,4,2,0,0,0
54.0,Male,169.4,72.0,25.1,Daily,Good,6.4,1.0,No,Moderate,0,3120.0,108.7,7.0,3,2,0,0,0
59.0,Other,161.8,45.8,17.5,Daily,Good,10.0,1.0,No,Low,0,2044.0,45.5,7.0,3,1,0,0,2
18.0,Other,159.5,65.4,25.7,Daily,Average,4.8,1.0,No,High,1,3238.0,113.8,7.0,2,3,0,1,2
24.0,Male,171.6,84.5,28.7,3-5 times/week,Average,4.5,3.0,No,High,0,3049.0,110.7,4.0,2,3,0,0,0
46.0,Female,148.7,73.9,33.4,3-5 times/week,Average,7.8,2.0,No,Moderate,1,2184.0,73.4,4.0,2,2,0,1,1
53.0,Female,170.2,80.0,27.6,3-5 times/week,Average,7.9,5.0,No,Moderate,0,2634.0,98.3,4.0,2,2,0,0,1
29.0,Female,153.2,70.2,29.9,3-5 times/week,Average,5.9,2.0,No,Low,0,2238.0,79.7,4.0,2,1,0,0,1
40.0,Female,157.8,60.3,24.2,1-2 times/week,Good,7.1,9.0,Yes,Low,0,1725.0,38.5,1.5,3,1,1,0,1
49.0,Male,166.6,102.4,36.9,3-5 times/week,Average,7.0,5.0,No,Moderate,1,2567.0,104.1,4.0,2,2,0,1,0
54.0,Other,174.3,70.2,23.1,None,Excellent,8.1,3.0,Yes,Moderate,0,1969.0,55.3,0.0,4,2,1,0,2
65.0,Other,168.1,76.0,26.9,3-5 times/week,Excellent,5.7,10.0,Yes,High,0,2153.0,50.7,4.0,4,3,1,0,2
23.0,Other,172.2,69.1,23.3,3-5 times/week,Excellent,6.4,3.0,No,Low,0,1714.0,47.1,4.0,4,1,0,0,2
68.0,Female,153.2,44.6,19.0,1-2 times/week,Excellent,6.1,7.0,Yes,Low,0,1393.0,30.1,1.5,4,1,1,0,1
26.0,Male,179.7,80.7,25.0,Daily,Average,6.0,2.0,Yes,Low,0,3132.0,104.6,7.0,2,1,1,0,0
49.0,Male,185.7,73.1,21.2,1-2 times/week,Good,7.9,8.0,No,Moderate,0,2244.0,61.2,1.5,3,2,0,0,0
45.0,Other,165.1,83.1,30.5,1-2 times/week,Good,6.7,2.0,No,Low,0,2660.0,72.7,1.5,3,1,0,0,2
18.0,Female,148.9,64.1,28.9,1-2 times/week,Good,4.6,8.0,No,Low,0,2557.0,105.3,1.5,3,1,0,0,1
47.0,Other,174.9,100.6,32.9,Daily,Average,6.1,10.0,Yes,None,1,2520.0,93.7,7.0,2,0,1,1,2
25.0,Other,163.3,86.4,32.4,3-5 times/week,Good,6.7,9.0,No,Low,0,2411.0,88.4,4.0,3,1,0,0,2
42.0,Male,175.8,93.6,30.3,1-2 times/week,Good,7.6,10.0,Yes,Low,1,2163.0,62.2,1.5,3,1,1,1,0
66.0,Female,172.3,103.6,34.9,3-5 times/week,Good,6.8,6.0,No,Low,0,1555.0,58.6,4.0,3,1,0,0,1
23.0,Other,176.4,86.2,27.7,Daily,Poor,7.0,8.0,No,None,0,3121.0,135.3,7.0,1,0,0,0,2
41.0,Male,179.8,76.3,23.6,3-5 times/week,Good,8.5,1.0,No,Low,0,3050.0,84.6,4.0,3,1,0,0,0
39.0,Female,156.5,49.5,20.2,3-5 times/week,Average,6.8,4.0,No,Low,0,2089.0,81.8,4.0,2,1,0,0,1
30.0,Female,156.3,48.6,44.3,3-5 times/week,Good,8.2,6.0,No,Low,0,1906.0,55.4,4.0,3,1,0,0,1
60.0,Male,166.4,94.1,34.0,3-5 times/week,Good,6.5,5.0,Yes,Moderate,1,2833.0,90.4,4.0,3,2,1,1,0
41.0,Other,145.5,70.3,33.2,3-5 times/week,Poor,7.4,1.0,No,Moderate,1,2008.0,87.4,4.0,1,2,0,1,2
41.0,Other,171.5,90.9,30.9,1-2 times/week,Average,6.0,6.0,Yes,Moderate,0,3317.0,122.8,1.5,2,2,1,0,2
38.0,Male,172.6,92.9,31.2,3-5 times/week,Good,6.5,8.0,No,Moderate,0,2597.0,106.3,4.0,3,2,0,0,0
65.0,Female,167.5,56.1,20.0,3-5 times/week,Poor,5.9,9.0,No,Low,0,2253.0,95.6,4.0,1,1,0,0,1
61.0,Other,168.4,112.9,39.8,1-2 times/week,Average,7.0,10.0,No,Moderate,0,2053.0,71.1,1.5,2,2,0,0,2
19.0,Female,162.8,49.0,18.5,Daily,Average,6.0,3.0,No,Low,0,2701.0,107.0,7.0,2,1,0,0,1
66.0,Female,158.9,61.9,24.5,Daily,Excellent,7.0,10.0,No,Low,0,1537.0,37.3,7.0,4,1,0,0,1
38.0,Other,179.6,90.0,27.9,1-2 times/week,Excellent,6.9,5.0,No,High,0,2241.0,51.0,1.5,4,3,0,0,2
63.0,Female,160.0,38.4,15.0,Daily,Poor,7.0,2.0,No,Moderate,0,2668.0,112.5,7.0,1,2,0,0,1
45.0,Female,164.5,79.8,29.5,3-5 times/week,Excellent,6.2,2.0,No,Low,0,1386.0,32.3,4.0,4,1,0,0,1
58.0,Female,167.3,64.7,23.1,3-5 times/week,Average,8.8,5.0,No,Low,0,2221.0,65.5,4.0,2,1,0,0,1
20.0,Other,164.5,97.7,36.1,1-2 times/week,Good,7.0,1.0,Yes,Low,1,2263.0,73.0,1.5,3,1,1,1,2
25.0,Female,165.7,64.8,23.6,3-5 times/week,Average,7.7,6.0,Yes,High,0,2907.0,101.9,4.0,2,3,1,0,1
45.0,Female,164.9,90.8,33.4,3-5 times/week,Average,7.1,5.0,No,High,1,2907.0,106.3,4.0,2,3,0,1,1
55.0,Male,183.8,122.6,36.3,Daily,Poor,8.9,6.0,No,Moderate,1,3158.0,131.1,7.0,1,2,0,1,0
47.0,Other,159.4,101.1,39.8,1-2 times/week,Good,5.6,6.0,No,Moderate,1,2484.0,73.9,1.5,3,2,0,1,2
20.0,Other,162.9,75.9,28.6,3-5 times/week,Good,7.3,6.0,No,Low,0,1554.0,34.7,4.0,3,1,0,0,2
37.0,Male,178.8,97.2,30.4,3-5 times/week,Good,5.9,10.0,No,High,0,2220.0,63.8,4.0,3,3,0,0,0
61.0,Male,174.9,90.9,29.7,Daily,Good,8.6,7.0,No,Low,0,3065.0,80.6,7.0,3,1,0,0,0
36.0,Male,162.6,43.9,16.6,1-2 times/week,Average,8.4,8.0,No,Moderate,0,2671.0,93.7,1.5,2,2,0,0,0
65.0,Female,165.0,59.1,21.7,Daily,Good,7.5,5.0,Yes,Moderate,0,2440.0,70.4,7.0,3,2,1,0,1
58.0,Male,180.3,108.9,33.5,3-5 times/week,Average,8.3,4.0,No,High,0,2945.0,108.3,4.0,2,3,0,0,0
28.0,Male,168.6,67.1,23.6,Daily,Poor,9.9,3.0,No,Low,0,3135.0,132.0,7.0,1,1,0,0,0
20.0,Female,165.8,84.1,30.6,3-5 times/week,Good,6.3,10.0,No,Low,0,1737.0,55.4,4.0,3,1,0,0,1
38.0,Female,159.9,63.7,24.9,3-5 times/week,Excellent,6.8,6.0,No,Moderate,0,1297.0,22.6,4.0,4,2,0,0,1
36.0,Male,175.1,91.7,29.9,Daily,Good,6.9,4.0,No,Low,0,3006.0,84.0,7.0,3,1,0,0,0
21.0,Male,180.0,76.1,23.5,3-5 times/week,Good,7.8,2.0,No,Low,0,3243.0,98.1,4.0,3,1,0,0,0
35.0,Male,175.7,99.1,32.1,3-5 times/week,Average,5.2,9.0,No,Low,0,2390.0,82.4,4.0,2,1,0,0,0
30.0,Female,155.2,36.1,15.0,3-5 times/week,Excellent,6.9,6.0,No,Low,0,2040.0,63.2,4.0,4,1,0,0,1
18.0,Female,157.7,67.9,27.3,3-5 times/week,Poor,6.1,2.0,No,Low,0,2341.0,59.7,4.0,1,1,0,0,1
24.0,Other,176.0,57.9,18.7,3-5 times/week,Good,8.0,4.0,No,Low,0,1935.0,57.9,4.0,3,1,0,0,2
53.0,Female,158.3,57.6,23.0,1-2 times/week,Average,5.5,10.0,No,Low,0,1938.0,60.7,1.5,2,1,0,0,1
23.0,Other,167.4,72.0,25.7,Daily,Good,7.7,6.0,No,Low,0,2598.0,70.6,7.0,3,1,0,0,2
49.0,Male,184.7,65.2,19.1,Daily,Good,6.7,4.0,No,Low,1,2173.0,72.7,7.0,3,1,0,1,0
34.0,Other,175.2,74.0,24.1,3-5 times/week,Good,7.5,6.0,No,Low,0,1924.0,38.8,4.0,3,1,0,0,2
34.0,Female,162.9,83.3,31.4,3-5 times/week,Average,9.2,8.0,Yes,None,0,1850.0,77.5,4.0,2,0,1,0,1
44.0,Female,159.1,40.0,15.8,Daily,Good,6.8,4.0,No,Low,0,2415.0,70.8,7.0,3,1,0,0,1
36.0,Male,159.5,65.4,25.7,3-5 times/week,Good,4.6,2.0,Yes,Low,0,2224.0,60.9,4.0,3,1,1,0,0
53.0,Female,154.2,88.5,37.2,None,Poor,9.5,2.0,No,Low,0,2530.0,112.5,0.0,1,1,0,0,1
53.0,Male,165.7,101.9,37.1,Daily,Good,6.2,1.0,Yes,Low,0,3525.0,149.3,7.0,3,1,1,0,0
36.0,Other,154.7,96.2,40.2,1-2 times/week,Poor,8.5,4.0,No,High,0,3194.0,136.3,1.5,1,3,0,0,2
37.0,Other,175.0,84.5,27.6,3-5 times/week,Average,6.3,6.0,No,Moderate,1,2730.0,97.0,4.0,2,2,0,1,2
65.0,Female,164.4,63.5,23.5,3-5 times/week,Good,6.2,4.0,No,Low,0,1856.0,57.6,4.0,3,1,0,0,1
28.0,Female,163.1,76.9,28.9,3-5 times/week,Excellent,6.4,9.0,Yes,Low,0,1814.0,39.8,4.0,4,1,1,0,1
57.0,Other,165.3,60.4,22.1,3-5 times/week,Poor,7.3,4.0,No,Low,0,2519.0,109.5,4.0,1,1,0,0,2
41.0,Other,159.3,70.5,27.8,1-2 times/week,Poor,6.0,6.0,No,Moderate,0,1777.0,53.9,1.5,1,2,0,0,2
40.0,Other,170.1,59.9,20.7,1-2 times/week,Good,8.2,5.0,Yes,High,0,2887.0,76.0,1.5,3,3,1,0,2
20.0,Other,159.5,58.0,22.8,Daily,Poor,7.0,5.0,No,Low,1,3185.0,132.2,7.0,1,1,0,1,2
26.0,Female,167.6,74.4,26.5,3-5 times/week,Average,8.5,9.0,No,Low,0,2374.0,89.3,4.0,2,1,0,0,1
22.0,Other,165.9,110.4,40.1,3-5 times/week,Poor,7.0,6.0,Yes,High,1,3302.0,148.5,4.0,1,3,1,1,2
33.0,Other,172.5,64.6,21.7,3-5 times/week,Poor,7.4,4.0,No,Low,0,3143.0,138.7,4.0,1,1,0,0,2
51.0,Other,176.6,89.2,28.6,1-2 times/week,Average,6.2,3.0,No,High,0,2676.0,93.8,1.5,2,3,0,0,2
46.0,Male,179.5,83.1,25.8,3-5 times/week,Poor,6.1,7.0,Yes,Low,1,2911.0,96.1,4.0,1,1,1,1,0
43.0,Male,174.8,95.3,31.2,3-5 times/week,Poor,6.4,6.0,No,Low,1,2481.0,107.4,4.0,1,1,0,1,0
35.0,Female,171.6,51.8,17.6,3-5 times/week,Poor,7.3,2.0,Yes,Low,0,2472.0,100.4,4.0,1,1,1,0,1
23.0,Other,179.3,75.5,23.5,3-5 times/week,Excellent,7.1,7.0,No,Low,1,2830.0,67.4,4.0,4,1,0,1,2
44.0,Male,170.3,67.0,23.1,1-2 times/week,Average,7.0,7.0,No,Low,0,2795.0,97.6,1.5,2,1,0,0,0
19.0,Female,153.2,63.8,27.2,1-2 times/week,Good,6.6,5.0,Yes,Low,0,2094.0,65.7,1.5,3,1,1,0,1
52.0,Male,167.6,65.4,23.3,3-5 times/week,Good,8.3,4.0,Yes,Low,0,2209.0,63.2,4.0,3,1,1,0,0
46.0,Male,179.2,77.1,24.0,3-5 times/week,Excellent,8.5,6.0,Yes,Low,0,2487.0,66.2,4.0,4,1,1,0,0
44.0,Male,170.4,100.8,34.7,Daily,Excellent,8.5,8.0,Yes,Moderate,0,3300.0,110.8,7.0,4,2,1,0,0
28.0,Female,155.7,58.2,24.0,3-5 times/week,Poor,7.3,6.0,No,None,0,3171.0,133.9,4.0,1,0,0,0,1
29.0,Female,157.4,71.4,28.8,3-5 times/week,Poor,6.6,8.0,No,Low,0,2745.0,118.2,4.0,1,1,0,0,1
46.0,Female,158.9,79.8,31.6,1-2 times/week,Poor,8.5,5.0,No,Low,0,2576.0,111.1,1.5,1,1,0,0,1
27.0,Male,177.2,60.9,19.4,3-5 times/week,Excellent,7.9,5.0,Yes,Low,0,1821.0,44.8,4.0,4,1,1,0,0
58.0,Other,168.0,106.4,37.7,3-5 times/week,Good,6.5,6.0,No,Low,0,2893.0,111.0,4.0,3,1,0,0,2
57.0,Male,169.7,53.3,18.5,3-5 times/week,Excellent,8.2,9.0,No,Low,1,2013.0,42.9,4.0,4,1,0,1,0
22.0,Other,173.8,49.8,16.5,Daily,Good,7.6,2.0,Yes,Low,1,2458.0,59.7,7.0,3,1,1,1,2
61.0,Female,166.2,84.5,30.6,Daily,Poor,6.7,6.0,No,Low,0,2870.0,123.8,7.0,1,1,0,0,1
67.0,Other,153.5,74.7,31.7,1-2 times/week,Average,7.0,10.0,Yes,Low,0,2017.0,70.6,1.5,2,1,1,0,2
37.0,Other,164.8,98.6,36.3,Daily,Poor,7.6,6.0,Yes,High,1,3228.0,136.0,7.0,1,3,1,1,2
31.0,Male,164.4,70.8,26.2,Daily,Average,6.2,6.0,Yes,Low,1,2890.0,105.6,7.0,2,1,1,1,0
18.0,Other,170.5,55.2,19.0,3-5 times/week,Good,7.0,2.0,No,Low,0,2557.0,98.6,4.0,3,1,0,0,2
47.0,Female,155.6,51.1,21.1,Daily,Average,6.5,3.0,No,Low,0,2335.0,91.3,7.0,2,1,0,0,1
42.0,Other,150.5,66.4,29.3,3-5 times/week,Good,6.2,10.0,No,Low,0,3151.0,136.7,4.0,3,1,0,0,2
61.0,Female,150.6,69.6,30.7,3-5 times/week,Good,7.0,6.0,No,Low,0,1927.0,55.0,4.0,3,1,0,0,1
47.0,Male,164.1,68.4,25.4,3-5 times/week,Excellent,7.0,5.0,No,Low,0,1648.0,36.2,4.0,4,1,0,0,0
51.0,Male,177.1,91.9,29.3,3-5 times/week,Excellent,7.1,10.0,No,Low,0,1929.0,42.6,4.0,4,1,0,0,0
40.0,Female,159.9,54.2,21.2,1-2 times/week,Excellent,7.1,8.0,No,None,0,1289.0,33.2,1.5,4,0,0,0,1
40.0,Male,175.2,48.2,15.7,Daily,Excellent,7.0,10.0,No,High,0,2623.0,51.4,7.0,4,3,0,0,0
18.0,Male,169.1,45.5,15.9,3-5 times/week,Excellent,5.1,3.0,No,Moderate,1,2550.0,55.5,4.0,4,2,0,1,0
41.0,Female,162.2,64.2,24.4,1-2 times/week,Average,8.9,7.0,No,Low,0,2175.0,71.7,1.5,2,1,0,0,1
37.0,Female,165.0,64.3,23.6,1-2 times/week,Average,7.4,6.0,No,Low,0,2321.0,78.5,1.5,2,1,0,0,1
32.0,Male,160.4,73.6,28.6,1-2 times/week,Poor,6.5,8.0,No,Low,0,2740.0,119.4,1.5,1,1,0,0,0
60.0,Other,173.1,72.5,24.2,3-5 times/week,Average,7.9,2.0,No,Moderate,0,2707.0,104.5,4.0,2,2,0,0,2
30.0,Female,159.2,73.8,29.1,1-2 times/week,Good,7.7,4.0,No,High,0,2384.0,79.5,1.5,3,3,0,0,1
60.0,Other,167.3,98.0,35.0,1-2 times/week,Good,6.7,5.0,No,Low,0,2174.0,57.2,1.5,3,1,0,0,2
23.0,Male,186.0,93.1,26.9,Daily,Good,7.4,7.0,No,Low,0,2812.0,84.3,7.0,3,1,0,0,0
34.0,Female,163.0,73.6,27.7,3-5 times/week,Excellent,8.8,1.0,No,High,1,2372.0,63.4,4.0,4,3,0,1,1
21.0,Male,182.3,93.1,28.0,3-5 times/week,Good,7.4,3.0,Yes,High,0,3180.0,102.4,4.0,3,3,1,0,0
20.0,Male,174.8,107.9,35.3,3-5 times/week,Excellent,5.9,7.0,No,Moderate,0,2856.0,87.4,4.0,4,2,0,0,0
48.0,Female,166.4,94.1,34.0,Daily,Poor,7.6,10.0,No,Moderate,1,2678.0,118.9,7.0,1,2,0,1,1
29.0,Female,162.3,67.4,25.6,3-5 times/week,Poor,6.9,10.0,No,Low,0,2523.0,111.6,4.0,1,1,0,0,1
63.0,Other,163.2,71.4,26.8,Daily,Good,6.5,1.0,No,Low,0,1649.0,43.2,7.0,3,1,0,0,2
23.0,Male,179.7,101.1,31.3,None,Good,8.0,8.0,Yes,High,1,2721.0,86.5,0.0,3,3,1,1,0
50.0,Male,172.9,94.5,31.6,3-5 times/week,Poor,7.3,7.0,No,High,0,3294.0,138.0,4.0,1,3,0,0,0
67.0,Male,161.0,81.1,31.3,3-5 times/week,Excellent,5.3,4.0,No,High,0,2225.0,54.0,4.0,4,3,0,0,0
23.0,Male,152.9,84.6,36.2,Daily,Poor,7.4,5.0,No,High,1,3805.0,154.4,7.0,1,3,0,1,0
18.0,Female,155.7,78.3,32.3,3-5 times/week,Good,6.4,2.0,No,Moderate,0,1691.0,53.6,4.0,3,2,0,0,1
53.0,Male,166.4,71.4,25.8,Daily,Excellent,6.8,9.0,No,Moderate,0,2844.0,74.2,7.0,4,2,0,0,0
27.0,Female,156.0,80.6,33.1,3-5 times/week,Average,6.4,10.0,No,Low,0,1829.0,59.5,4.0,2,1,0,0,1
47.0,Male,162.9,68.2,25.7,3-5 times/week,Good,8.7,9.0,Yes,Low,0,2510.0,89.7,4.0,3,1,1,0,0
18.0,Female,166.1,118.1,42.8,1-2 times/week,Poor,5.1,8.0,No,Low,0,3067.0,122.9,1.5,1,1,0,0,1
29.0,Male,176.7,99.9,32.0,3-5 times/week,Poor,8.7,3.0,No,Moderate,0,2852.0,111.6,4.0,1,2,0,0,0
18.0,Other,157.2,53.6,21.7,Daily,Excellent,6.3,10.0,No,Low,0,2279.0,52.7,7.0,4,1,0,0,2
32.0,Male,180.3,133.0,40.9,3-5 times/week,Poor,5.0,2.0,No,High,1,3628.0,147.5,4.0,1,3,0,1,0
45.0,Female,167.0,81.4,29.2,3-5 times/week,Poor,7.8,5.0,No,Low,0,2899.0,122.2,4.0,1,1,0,0,1
54.0,Female,169.2,60.1,21.0,3-5 times/week,Poor,7.2,2.0,No,Low,0,1736.0,55.3,4.0,1,1,0,0,1
47.0,Male,170.0,65.3,22.6,Daily,Good,6.7,2.0,Yes,High,0,2724.0,81.7,7.0,3,3,1,0,0
49.0,Other,168.8,79.5,27.9,3-5 times/week,Excellent,10.0,2.0,No,Low,0,1983.0,42.3,4.0,4,1,0,0,2
69.0,Female,147.9,67.2,30.7,1-2 times/week,Average,7.0,6.0,Yes,Low,0,1831.0,69.8,1.5,2,1,1,0,1
33.0,Male,174.1,102.1,33.7,3-5 times/week,Good,6.7,2.0,No,High,0,3001.0,110.4,4.0,3,3,0,0,0
64.0,Male,166.5,104.5,37.7,3-5 times/week,Good,4.4,4.0,Yes,Low,0,2640.0,86.5,4.0,3,1,1,0,0
45.0,Other,168.3,84.1,29.7,3-5 times/week,Poor,6.8,7.0,Yes,Low,0,2661.0,110.9,4.0,1,1,1,0,2
54.0,Female,166.0,76.1,27.6,3-5 times/week,Excellent,7.1,3.0,No,Low,1,1467.0,31.3,4.0,4,1,0,1,1
49.0,Male,162.7,88.1,33.3,1-2 times/week,Good,6.0,2.0,No,Moderate,0,2430.0,76.9,1.5,3,2,0,0,0
24.0,Other,175.0,74.4,24.3,3-5 times/week,Excellent,7.8,10.0,No,Low,0,2029.0,47.7,4.0,4,1,0,0,2
69.0,Male,183.8,79.7,23.6,3-5 times/week,Average,7.1,2.0,No,Low,0,2012.0,49.2,4.0,2,1,0,0,0
27.0,Other,164.7,65.6,24.2,Daily,Average,7.4,7.0,No,Low,0,1887.0,65.7,7.0,2,1,0,0,2
67.0,Male,166.3,105.4,38.1,3-5 times/week,Poor,7.2,5.0,Yes,Low,0,2911.0,130.6,4.0,1,1,1,0,0
47.0,Other,149.9,63.6,28.3,3-5 times/week,Excellent,8.3,2.0,Yes,High,0,2240.0,65.7,4.0,4,3,1,0,2
22.0,Female,163.9,94.0,35.0,3-5 times/week,Poor,9.6,8.0,No,High,1,3225.0,138.5,4.0,1,3,0,1,1
35.0,Female,162.6,62.1,23.5,3-5 times/week,Excellent,7.0,8.0,Yes,Low,0,2006.0,52.0,4.0,4,1,1,0,1
22.0,Other,162.9,56.5,21.3,3-5 times/week,Excellent,6.3,4.0,No,Low,1,2325.0,57.3,4.0,4,1,0,1,2
50.0,Female,173.6,98.2,32.6,1-2 times/week,Excellent,7.0,1.0,No,Low,0,1903.0,37.9,1.5,4,1,0,0,1
54.0,Male,169.9,92.7,32.1,3-5 times/week,Average,7.4,1.0,No,High,1,2516.0,73.7,4.0,2,3,0,1,0
29.0,Male,174.2,100.4,33.1,3-5 times/week,Average,7.0,2.0,Yes,Low,1,3100.0,108.8,4.0,2,1,1,1,0
22.0,Male,172.3,92.6,31.2,1-2 times/week,Average,6.5,4.0,No,Moderate,1,3426.0,148.7,1.5,2,2,0,1,0
19.0,Other,170.5,97.4,33.5,3-5 times/week,Poor,5.0,4.0,No,Low,1,2237.0,100.1,4.0,1,1,0,1,2
41.0,Female,158.5,59.8,23.8,Daily,Average,6.9,8.0,No,Moderate,0,2577.0,89.3,7.0,2,2,0,0,1
23.0,Other,165.1,50.7,18.6,1-2 times/week,Excellent,9.5,10.0,Yes,High,0,2590.0,63.5,1.5,4,3,1,0,2
32.0,Other,162.5,45.7,17.3,1-2 times/week,Excellent,6.4,3.0,No,Low,1,2120.0,59.8,1.5,4,1,0,1,2
53.0,Female,158.3,66.4,26.5,Daily,Average,8.5,6.0,No,High,0,2692.0,94.0,7.0,2,3,0,0,1
30.0,Female,149.1,61.1,27.5,3-5 times/week,Average,7.0,7.0,No,High,0,2545.0,85.4,4.0,2,3,0,0,1
50.0,Female,154.5,64.2,26.9,Daily,Average,8.2,8.0,Yes,Low,0,2758.0,104.4,7.0,2,1,1,0,1
41.0,Female,152.1,84.2,36.4,3-5 times/week,Good,6.5,5.0,No,Low,1,1430.0,34.3,4.0,3,1,0,1,1
65.0,Female,166.9,95.5,34.3,3-5 times/week,Poor,7.1,8.0,No,Low,1,2306.0,97.6,4.0,1,1,0,1,1
29.0,Female,157.7,48.5,19.5,3-5 times/week,Average,6.3,4.0,No,High,1,2584.0,94.5,4.0,2,3,0,1,1
29.0,Female,164.4,59.5,22.0,3-5 times/week,Excellent,6.6,8.0,No,Low,0,1493.0,32.2,4.0,4,1,0,0,1
68.0,Male,169.6,74.8,26.0,3-5 times/week,Excellent,8.3,1.0,Yes,Low,0,1860.0,53.4,4.0,4,1,1,0,0
54.0,Male,173.6,57.0,18.9,3-5 times/week,Good,8.4,1.0,No,Low,0,2418.0,69.4,4.0,3,1,0,0,0
55.0,Female,153.6,54.0,22.9,3-5 times/week,Good,5.8,3.0,No,Low,0,1596.0,45.5,4.0,3,1,0,0,1
23.0,Male,153.5,45.2,19.2,3-5 times/week,Poor,8.8,5.0,No,Low,1,2164.0,77.9,4.0,1,1,0,1,0
53.0,Female,157.6,82.5,33.2,3-5 times/week,Good,4.9,4.0,Yes,Low,0,2165.0,72.6,4.0,3,1,1,0,1
66.0,Male,175.8,94.9,44.3,1-2 times/week,Good,9.0,2.0,Yes,Low,1,2558.0,80.0,1.5,3,1,1,1,0
47.0,Male,176.1,93.7,30.2,3-5 times/week,Excellent,7.9,1.0,No,Moderate,1,2461.0,52.3,4.0,4,2,0,1,0
38.0,Female,167.4,62.2,22.2,3-5 times/week,Poor,6.8,9.0,No,Low,0,2591.0,108.5,4.0,1,1,0,0,1
27.0,Other,165.4,79.1,28.9,3-5 times/week,Excellent,7.0,9.0,No,High,0,2258.0,58.0,4.0,4,3,0,0,2
39.0,Female,166.7,48.9,17.6,3-5 times/week,Excellent,8.0,6.0,No,Low,0,1363.0,34.9,4.0,4,1,0,0,1
20.0,Other,180.1,70.1,21.6,3-5 times/week,Poor,7.1,5.0,No,Moderate,0,2823.0,118.4,4.0,1,2,0,0,2
24.0,Female,157.0,75.9,30.8,3-5 times/week,Poor,9.2,9.0,No,Low,1,2410.0,106.7,4.0,1,1,0,1,1
66.0,Male,167.5,80.5,28.7,3-5 times/week,Average,4.7,3.0,Yes,Moderate,0,3046.0,101.5,4.0,2,2,1,0,0
27.0,Female,151.2,81.4,35.6,1-2 times/week,Poor,6.2,9.0,No,Moderate,0,2135.0,84.5,1.5,1,2,0,0,1
29.0,Female,151.0,46.3,20.3,1-2 times/week,Average,7.6,3.0,No,Low,0,1552.0,57.4,1.5,2,1,0,0,1
53.0,Other,168.4,43.7,15.4,Daily,Good,7.3,3.0,Yes,Low,1,2424.0,72.0,7.0,3,1,1,1,2
23.0,Female,164.6,76.1,28.1,3-5 times/week,Good,6.5,2.0,No,High,0,2224.0,67.1,4.0,3,3,0,0,1
24.0,Female,166.1,41.4,15.0,3-5 times/week,Good,6.3,6.0,No,Low,0,2035.0,51.8,4.0,3,1,0,0,1
45.0,Other,179.2,122.3,38.1,3-5 times/week,Average,6.4,9.0,Yes,High,0,3015.0,107.5,4.0,2,3,1,0,2
42.0,Female,164.0,62.4,23.2,1-2 times/week,Good,7.2,6.0,No,High,0,2149.0,71.4,1.5,3,3,0,0,1
44.0,Female,162.8,59.9,22.6,Daily,Good,6.4,6.0,No,High,0,2575.0,84.3,7.0,3,3,0,0,1
38.0,Female,150.6,88.2,38.9,1-2 times/week,Average,5.8,6.0,No,High,1,2558.0,93.4,1.5,2,3,0,1,1
27.0,Other,158.5,70.8,28.2,3-5 times/week,Good,5.8,9.0,Yes,Low,0,2241.0,74.2,4.0,3,1,1,0,2
59.0,Female,157.8,74.5,29.9,1-2 times/week,Good,9.1,6.0,No,Moderate,1,1978.0,70.3,1.5,3,2,0,1,1
37.0,Female,151.2,43.9,19.2,Daily,Good,8.0,3.0,No,High,0,2348.0,78.3,7.0,3,3,0,0,1
56.0,Male,171.4,99.0,33.7,None,Average,6.7,5.0,No,Low,1,2642.0,97.9,0.0,2,1,0,1,0
31.0,Female,152.2,74.6,32.2,3-5 times/week,Good,5.9,5.0,Yes,Low,0,1605.0,44.2,4.0,3,1,1,0,1
37.0,Female,162.8,62.3,23.5,3-5 times/week,Good,6.7,4.0,Yes,Moderate,1,1790.0,51.8,4.0,3,2,1,1,1
64.0,Other,170.1,77.5,26.8,Daily,Good,6.3,10.0,Yes,None,0,2588.0,74.3,7.0,3,0,1,0,2
68.0,Female,154.2,42.8,18.0,3-5 times/week,Average,8.2,5.0,Yes,Moderate,0,2246.0,87.8,4.0,2,2,1,0,1
62.0,Other,181.2,102.8,31.3,1-2 times/week,Good,5.9,2.0,Yes,Low,0,2462.0,67.8,1.5,3,1,1,0,2
51.0,Other,162.4,58.0,22.0,1-2 times/week,Excellent,7.0,6.0,No,Low,0,2100.0,52.6,1.5,4,1,0,0,2
26.0,Male,176.0,91.4,29.5,1-2 times/week,Excellent,10.0,10.0,Yes,Moderate,0,2276.0,60.1,1.5,4,2,1,0,0
53.0,Other,146.0,79.1,37.1,3-5 times/week,Average,4.3,3.0,No,Low,0,2135.0,74.8,4.0,2,1,0,0,2
69.0,Other,167.4,116.9,41.7,3-5 times/week,Good,5.8,8.0,Yes,Low,1,2423.0,108.1,4.0,3,1,1,1,2
69.0,Male,167.0,70.6,25.3,1-2 times/week,Good,7.2,7.0,No,Low,1,2013.0,61.0,1.5,3,1,0,1,0
49.0,Female,169.1,80.1,28.0,3-5 times/week,Excellent,7.0,7.0,No,Moderate,0,1298.0,27.5,4.0,4,2,0,0,1
50.0,Male,173.7,86.9,28.8,3-5 times/week,Excellent,6.6,7.0,No,Low,0,2883.0,72.7,4.0,4,1,0,0,0
60.0,Male,177.6,112.9,35.8,3-5 times/week,Excellent,8.0,6.0,Yes,High,0,2274.0,56.0,4.0,4,3,1,0,0
69.0,Other,162.8,78.5,29.6,1-2 times/week,Average,7.5,6.0,No,Low,0,2281.0,77.7,1.5,2,1,0,0,2
20.0,Other,166.6,91.3,32.9,3-5 times/week,Average,9.1,5.0,No,Low,0,2579.0,93.8,4.0,2,1,0,0,2
31.0,Male,166.5,82.3,29.7,3-5 times/week,Average,8.0,1.0,No,Low,1,2598.0,98.4,4.0,2,1,0,1,0
22.0,Male,176.4,118.9,38.2,1-2 times/week,Average,4.5,6.0,No,Low,0,2287.0,90.1,1.5,2,1,0,0,0
18.0,Other,157.1,73.8,29.9,3-5 times/week,Good,6.4,7.0,No,Low,1,2342.0,65.1,4.0,3,1,0,1,2
48.0,Female,160.7,59.1,22.9,3-5 times/week,Average,7.6,5.0,No,Low,0,1658.0,59.4,4.0,2,1,0,0,1
35.0,Male,164.5,41.9,15.5,3-5 times/week,Good,7.2,2.0,No,Low,0,2785.0,83.1,4.0,3,1,0,0,0
57.0,Other,165.6,65.5,23.9,1-2 times/week,Excellent,6.9,4.0,No,Moderate,0,1867.0,41.7,1.5,4,2,0,0,2
44.0,Male,178.8,60.1,18.8,3-5 times/week,Average,6.1,4.0,No,Low,0,2288.0,76.6,4.0,2,1,0,0,0
69.0,Female,157.6,39.2,15.8,Daily,Average,3.0,7.0,Yes,Low,0,2920.0,107.7,7.0,2,1,1,0,1
42.0,Male,167.2,79.7,28.5,Daily,Good,6.2,2.0,No,Moderate,1,3245.0,96.4,7.0,3,2,0,1,0
59.0,Male,175.6,75.5,24.5,3-5 times/week,Excellent,5.4,8.0,No,Moderate,0,2080.0,60.1,4.0,4,2,0,0,0
67.0,Male,175.4,86.1,28.0,3-5 times/week,Excellent,5.8,10.0,Yes,Low,0,1968.0,45.6,4.0,4,1,1,0,0
48.0,Male,168.4,69.2,24.4,Daily,Average,5.4,8.0,No,High,0,3053.0,101.3,7.0,2,3,0,0,0
57.0,Female,159.4,48.3,19.0,1-2 times/week,Excellent,7.5,3.0,Yes,Low,0,1548.0,35.5,1.5,4,1,1,0,1
38.0,Female,149.3,68.9,30.9,1-2 times/week,Average,4.9,3.0,No,High,0,2050.0,77.2,1.5,2,3,0,0,1
62.0,Female,162.5,44.4,16.8,Daily,Average,7.1,8.0,No,Moderate,0,2126.0,79.2,7.0,2,2,0,0,1
60.0,Male,172.2,112.1,37.8,3-5 times/week,Excellent,7.3,2.0,No,Low,0,2218.0,59.0,4.0,4,1,0,0,0
44.0,Other,177.8,69.9,22.1,Daily,Poor,7.5,10.0,No,Low,1,3331.0,139.2,7.0,1,1,0,1,2
26.0,Male,173.9,52.9,17.5,1-2 times/week,Excellent,8.0,6.0,No,Low,0,2103.0,62.1,1.5,4,1,0,0,0
57.0,Female,160.2,96.2,37.5,3-5 times/week,Average,8.9,6.0,Yes,Low,0,2062.0,70.4,4.0,2,1,1,0,1
25.0,Male,171.5,70.3,23.9,None,Good,7.4,5.0,No,Low,0,2621.0,87.3,0.0,3,1,0,0,0
38.0,Female,150.1,56.3,25.0,3-5 times/week,Excellent,4.0,6.0,No,Moderate,0,1628.0,48.5,4.0,4,2,0,0,1
65.0,Male,168.4,86.8,30.6,3-5 times/week,Poor,4.0,6.0,No,Low,0,2832.0,114.1,4.0,1,1,0,0,0
51.0,Male,163.0,74.7,28.1,3-5 times/week,Good,6.8,9.0,Yes,High,0,3105.0,91.4,4.0,3,3,1,0,0
37.0,Female,159.4,58.9,23.2,Daily,Good,6.2,6.0,Yes,Moderate,1,2222.0,68.7,7.0,3,2,1,1,1
42.0,Female,157.6,68.6,27.6,Daily,Good,9.1,4.0,Yes,High,0,2243.0,61.5,7.0,3,3,1,0,1
31.0,Male,173.6,77.2,25.6,Daily,Average,6.8,10.0,No,Moderate,0,3127.0,102.5,7.0,2,2,0,0,0
27.0,Other,160.1,49.7,19.4,Daily,Average,7.5,9.0,No,Low,0,2148.0,79.4,7.0,2,1,0,0,2
41.0,Male,168.2,69.6,24.6,Daily,Excellent,7.6,7.0,Yes,Low,0,2229.0,56.6,7.0,4,1,1,0,0
53.0,Male,161.4,87.3,33.5,Daily,Average,6.8,6.0,No,Low,0,3079.0,105.4,7.0,2,1,0,0,0
66.0,Male,177.6,112.0,35.5,None,Good,4.8,10.0,No,High,0,2904.0,89.0,0.0,3,3,0,0,0
65.0,Female,161.6,60.8,23.3,3-5 times/week,Good,6.2,5.0,No,Moderate,0,2346.0,80.9,4.0,3,2,0,0,1
46.0,Male,178.8,108.4,33.9,3-5 times/week,Good,6.8,10.0,No,High,0,2893.0,73.6,4.0,3,3,0,0,0
56.0,Other,169.9,84.6,29.3,3-5 times/week,Good,8.5,10.0,No,High,0,2297.0,79.3,4.0,3,3,0,0,2
42.0,Other,149.6,44.8,20.0,3-5 times/week,Excellent,5.2,7.0,Yes,Moderate,1,2504.0,64.8,4.0,4,2,1,1,2
22.0,Other,159.5,54.7,21.5,3-5 times/week,Average,6.4,7.0,No,High,0,2683.0,86.4,4.0,2,3,0,0,2
59.0,Other,151.7,67.0,29.1,3-5 times/week,Average,7.2,4.0,Yes,High,0,2358.0,87.4,4.0,2,3,1,0,2
37.0,Female,153.3,63.2,26.9,3-5 times/week,Poor,7.3,1.0,No,Low,0,2197.0,88.9,4.0,1,1,0,0,1
47.0,Male,177.0,73.3,23.4,3-5 times/week,Excellent,7.4,2.0,Yes,Moderate,1,2620.0,80.1,4.0,4,2,1,1,0
35.0,Female,160.3,50.1,19.5,1-2 times/week,Good,7.8,8.0,Yes,Low,0,1805.0,45.3,1.5,3,1,1,0,1
23.0,Other,176.3,111.0,35.7,Daily,Poor,7.0,4.0,No,High,1,3360.0,141.6,7.0,1,3,0,1,2
44.0,Other,163.6,93.7,35.0,3-5 times/week,Average,7.2,1.0,No,High,0,2933.0,101.0,4.0,2,3,0,0,2
68.0,Male,176.8,78.5,25.1,3-5 times/week,Good,7.6,7.0,No,Low,0,2239.0,63.6,4.0,3,1,0,0,0
51.0,Other,179.4,55.7,17.3,Daily,Excellent,6.6,1.0,No,Moderate,0,2288.0,63.2,7.0,4,2,0,0,2
60.0,Female,163.0,56.9,21.4,1-2 times/week,Excellent,6.9,6.0,No,Low,0,1265.0,29.5,1.5,4,1,0,0,1
47.0,Female,162.5,76.8,29.1,Daily,Poor,7.1,9.0,No,High,0,3444.0,149.8,7.0,1,3,0,0,1
28.0,Female,179.5,117.3,36.4,1-2 times/week,Poor,8.5,8.0,Yes,High,0,3435.0,156.8,1.5,1,3,1,0,1
40.0,Male,168.1,67.0,23.7,1-2 times/week,Good,7.1,4.0,No,Low,1,2405.0,63.1,1.5,3,1,0,1,0
38.0,Female,159.8,89.9,35.2,1-2 times/week,Good,6.7,2.0,Yes,High,0,2239.0,72.2,1.5,3,3,1,0,1
49.0,Other,158.0,65.9,26.4,3-5 times/week,Excellent,6.8,1.0,Yes,Moderate,0,1900.0,46.3,4.0,4,2,1,0,2
47.0,Female,161.0,60.4,23.3,Daily,Good,7.6,3.0,Yes,Low,1,1901.0,79.2,7.0,3,1,1,1,1
32.0,Other,158.5,53.3,21.2,Daily,Excellent,6.4,6.0,No,Low,0,2707.0,74.9,7.0,4,1,0,0,2
67.0,Male,164.6,57.2,21.1,Daily,Good,6.1,9.0,No,Moderate,0,2089.0,57.0,7.0,3,2,0,0,0
23.0,Female,163.2,40.0,15.0,3-5 times/week,Poor,5.9,9.0,No,Low,0,3075.0,118.6,4.0,1,1,0,0,1
42.0,Other,162.2,80.2,30.5,Daily,Average,7.8,3.0,Yes,Low,0,2781.0,97.7,7.0,2,1,1,0,2
19.0,Female,156.5,84.3,34.4,3-5 times/week,Poor,6.9,7.0,No,High,0,2681.0,107.4,4.0,1,3,0,0,1
30.0,Other,173.1,89.0,29.7,Daily,Poor,9.2,10.0,No,Low,0,3388.0,148.9,7.0,1,1,0,0,2
30.0,Male,180.2,87.3,26.9,3-5 times/week,Average,8.4,10.0,No,Low,0,2663.0,87.0,4.0,2,1,0,0,0
56.0,Female,163.0,68.3,25.7,1-2 times/week,Average,6.5,9.0,No,Moderate,0,1742.0,66.7,1.5,2,2,0,0,1
49.0,Other,170.4,78.4,27.0,3-5 times/week,Good,7.3,10.0,No,Moderate,0,2432.0,65.4,4.0,3,2,0,0,2
43.0,Male,168.8,61.5,21.6,3-5 times/week,Good,7.5,10.0,No,Low,0,2201.0,62.8,4.0,3,1,0,0,0
65.0,Male,166.6,79.1,28.5,3-5 times/week,Average,7.0,10.0,No,High,0,3039.0,111.3,4.0,2,3,0,0,0
52.0,Other,157.5,66.2,26.7,None,Poor,5.8,4.0,No,Low,0,2625.0,115.9,0.0,1,1,0,0,2
31.0,Female,165.4,104.5,38.2,3-5 times/week,Good,5.9,9.0,No,High,1,1662.0,65.9,4.0,3,3,0,1,1
29.0,Female,154.7,66.1,27.6,3-5 times/week,Poor,4.2,6.0,No,Moderate,0,2853.0,123.7,4.0,1,2,0,0,1
32.0,Other,162.2,81.6,31.0,3-5 times/week,Average,5.9,1.0,No,Low,0,2040.0,81.1,4.0,2,1,0,0,2
61.0,Male,169.7,70.0,24.3,1-2 times/week,Good,5.9,4.0,No,Low,0,1900.0,56.2,1.5,3,1,0,0,0
36.0,Other,181.4,90.8,27.6,1-2 times/week,Good,7.6,9.0,Yes,High,0,2537.0,69.9,1.5,3,3,1,0,2
50.0,Other,168.8,87.2,30.6,1-2 times/week,Average,6.1,9.0,Yes,Moderate,1,2816.0,103.7,1.5,2,2,1,1,2
41.0,Male,166.2,77.9,28.2,1-2 times/week,Poor,5.8,3.0,Yes,High,0,3315.0,139.1,1.5,1,3,1,0,0
54.0,Male,172.2,62.9,21.2,3-5 times/week,Good,7.6,1.0,No,Low,0,2185.0,64.4,4.0,3,1,0,0,0
25.0,Female,158.0,61.4,24.6,3-5 times/week,Average,5.8,6.0,Yes,Moderate,0,2159.0,76.6,4.0,2,2,1,0,1
18.0,Female,164.1,78.4,29.1,3-5 times/week,Good,7.2,2.0,No,Low,0,2128.0,69.6,4.0,3,1,0,0,1
20.0,Male,168.7,55.5,19.5,1-2 times/week,Good,7.5,10.0,Yes,Low,0,2527.0,74.1,1.5,3,1,1,0,0
48.0,Other,174.1,102.5,33.8,3-5 times/week,Average,6.8,6.0,Yes,High,0,3070.0,101.9,4.0,2,3,1,0,2
27.0,Male,171.9,100.2,33.9,Daily,Poor,7.9,6.0,No,Moderate,0,3127.0,133.8,7.0,1,2,0,0,0
45.0,Female,148.2,69.0,31.4,3-5 times/week,Good,6.3,5.0,No,Low,0,2393.0,60.7,4.0,3,1,0,0,1
50.0,Female,158.9,75.7,30.0,3-5 times/week,Poor,7.7,3.0,Yes,Low,0,3016.0,120.9,4.0,1,1,1,0,1
66.0,Male,185.6,77.9,22.6,Daily,Good,7.4,6.0,Yes,Low,0,2838.0,81.9,7.0,3,1,1,0,0
18.0,Female,167.1,67.9,24.3,1-2 times/week,Poor,8.9,4.0,No,None,0,2686.0,114.2,1.5,1,0,0,0,1
52.0,Female,168.0,74.5,26.4,Daily,Good,4.0,9.0,No,Low,1,1946.0,56.0,7.0,3,1,0,1,1
62.0,Other,156.5,75.9,31.0,Daily,Good,6.2,7.0,No,Low,0,2622.0,94.4,7.0,3,1,0,0,2
29.0,Female,152.7,61.1,26.2,1-2 times/week,Good,5.6,1.0,No,Low,0,2552.0,99.6,1.5,3,1,0,0,1
67.0,Male,182.5,82.3,24.7,Daily,Good,7.0,3.0,Yes,Low,0,2851.0,74.5,7.0,3,1,1,0,0
46.0,Other,174.6,73.5,24.1,3-5 times/week,Excellent,7.6,2.0,Yes,Moderate,0,2289.0,50.9,4.0,4,2,1,0,2
60.0,Other,173.8,62.5,20.7,3-5 times/week,Good,6.6,2.0,No,Low,0,1946.0,42.4,4.0,3,1,0,0,2
23.0,Female,170.0,85.8,29.7,3-5 times/week,Good,6.1,1.0,No,Moderate,0,1709.0,50.7,4.0,3,2,0,0,1
44.0,Male,182.8,72.8,21.8,3-5 times/week,Good,6.5,8.0,Yes,Low,0,2415.0,73.7,4.0,3,1,1,0,0
22.0,Male,174.3,45.6,15.0,3-5 times/week,Excellent,6.0,6.0,Yes,Low,1,2961.0,77.8,4.0,4,1,1,1,0
42.0,Female,156.3,69.6,28.5,Daily,Average,7.1,2.0,No,Moderate,1,2652.0,95.4,7.0,2,2,0,1,1
67.0,Male,172.5,56.2,18.9,Daily,Good,7.3,6.0,No,Low,0,2388.0,76.7,7.0,3,1,0,0,0
36.0,Other,172.3,88.8,29.9,Daily,Good,8.3,5.0,No,Low,0,2678.0,80.2,7.0,3,1,0,0,2
26.0,Female,166.4,101.1,36.5,3-5 times/week,Poor,5.3,5.0,No,Moderate,0,1926.0,80.7,4.0,1,2,0,0,1
60.0,Other,162.1,90.4,34.4,3-5 times/week,Good,7.5,7.0,No,Low,1,2006.0,58.1,4.0,3,1,0,1,2
50.0,Female,156.7,77.1,31.4,1-2 times/week,Average,8.5,3.0,No,Moderate,0,1994.0,71.3,1.5,2,2,0,0,1
21.0,Male,168.3,63.2,22.3,3-5 times/week,Poor,6.4,8.0,Yes,Moderate,0,3548.0,145.7,4.0,1,2,1,0,0
47.0,Male,178.6,71.8,22.5,Daily,Good,7.0,4.0,No,Low,0,2552.0,84.2,7.0,3,1,0,0,0
32.0,Other,167.1,50.3,18.0,3-5 times/week,Excellent,8.2,4.0,No,Low,0,2674.0,72.7,4.0,4,1,0,0,2
45.0,Other,169.5,102.6,35.7,Daily,Average,4.0,6.0,No,Low,0,2111.0,84.0,7.0,2,1,0,0,2
24.0,Other,163.0,84.5,31.8,Daily,Poor,7.1,7.0,Yes,Low,1,3125.0,133.5,7.0,1,1,1,1,2
44.0,Male,167.3,66.9,23.9,Daily,Good,7.3,1.0,No,Low,0,3002.0,87.3,7.0,3,1,0,0,0
27.0,Other,171.3,55.2,18.8,1-2 times/week,Average,7.2,8.0,No,Low,0,2401.0,83.3,1.5,2,1,0,0,2
61.0,Male,167.3,68.9,24.6,Daily,Average,4.9,3.0,Yes,Moderate,0,2786.0,99.6,7.0,2,2,1,0,0
32.0,Female,168.0,75.6,26.8,1-2 times/week,Good,6.4,7.0,No,High,0,2179.0,65.1,1.5,3,3,0,0,1
62.0,Female,154.6,64.8,27.1,1-2 times/week,Average,4.6,1.0,No,Low,0,1946.0,73.3,1.5,2,1,0,0,1
20.0,Female,181.6,99.6,30.2,3-5 times/week,Excellent,7.1,6.0,Yes,High,0,2726.0,69.1,4.0,4,3,1,0,1
32.0,Female,161.0,38.9,15.0,Daily,Excellent,4.8,1.0,No,Moderate,1,2376.0,61.7,7.0,4,2,0,1,1
20.0,Other,164.3,98.5,36.5,3-5 times/week,Average,6.0,10.0,No,High,1,2473.0,73.1,4.0,2,3,0,1,2
18.0,Female,162.9,64.0,24.1,3-5 times/week,Average,6.9,8.0,Yes,Low,0,2106.0,72.9,4.0,2,1,1,0,1
33.0,Male,171.7,92.6,31.4,3-5 times/week,Average,9.6,2.0,No,Low,0,2990.0,100.9,4.0,2,1,0,0,0
68.0,Other,172.0,58.3,19.7,3-5 times/week,Excellent,7.3,5.0,No,Low,0,1772.0,53.1,4.0,4,1,0,0,2
66.0,Male,175.5,92.7,30.1,1-2 times/week,Poor,7.6,6.0,No,Moderate,0,3299.0,139.8,1.5,1,2,0,0,0
